# Blender v2.83.4 OBJ File: ''
# www.blender.org
mtllib SP Crater Volcano.mtl
o EXPORT_GOOGLE_SAT_WM
v -1293.206665 11.004883 -896.935303
v 1305.652466 16.395630 -896.935303
v 1305.652466 65.475220 1090.427734
v -1293.206665 173.231812 1090.427734
v -1293.206543 12.094116 -865.882568
v -1293.206665 13.239380 -834.830078
v -1293.206787 15.424194 -803.777710
v -1293.206543 19.317871 -772.724976
v -1293.206665 23.324951 -741.672485
v -1293.206665 27.275635 -710.619995
v -1293.206543 32.581299 -679.567383
v -1293.206543 38.441284 -648.514893
v -1293.206665 44.301392 -617.462402
v -1293.206665 50.116455 -586.409668
v -1293.206665 54.744507 -555.357300
v -1293.206543 59.314697 -524.304688
v -1293.206665 64.000610 -493.252045
v -1293.206665 69.118530 -462.199615
v -1293.206665 75.095825 -431.146942
v -1293.206543 81.073120 -400.094452
v -1293.206665 87.050415 -369.042023
v -1293.206665 93.689697 -337.989319
v -1293.206665 100.626709 -306.936890
v -1293.206665 107.563843 -275.884338
v -1293.206665 114.448853 -244.831696
v -1293.206665 118.256104 -213.779266
v -1293.206665 122.063721 -182.726654
v -1293.206665 125.870850 -151.674072
v -1293.206665 127.435181 -120.621643
v -1293.206665 124.708618 -89.569031
v -1293.206665 121.982178 -58.516449
v -1293.206665 119.256104 -27.463959
v -1293.206665 116.168701 3.588593
v -1293.206665 112.903931 34.641174
v -1293.206665 109.639038 65.693665
v -1293.206665 106.374268 96.746216
v -1293.206665 105.555542 127.798798
v -1293.206665 104.744873 158.851227
v -1293.206665 103.934204 189.903839
v -1293.206665 103.651245 220.956390
v -1293.206665 104.471924 252.008881
v -1293.206665 105.292603 283.061462
v -1293.206665 106.113159 314.114044
v -1293.206665 108.260986 345.166473
v -1293.206665 111.122437 376.219147
v -1293.206665 113.984009 407.271637
v -1293.206665 116.845581 438.324127
v -1293.206665 122.230591 469.376770
v -1293.206665 127.675171 500.429321
v -1293.206665 133.119873 531.481750
v -1293.206665 138.938843 562.534424
v -1293.206665 145.615601 593.586975
v -1293.206665 152.292358 624.639404
v -1293.206665 158.969116 655.692017
v -1293.206665 162.557983 686.744629
v -1293.206543 164.275391 717.796997
v -1293.206665 166.115112 748.849731
v -1293.206787 167.893677 779.902222
v -1293.206665 167.446899 810.954834
v -1293.206543 166.900269 842.007324
v -1293.206665 166.353882 873.059937
v -1293.206665 166.116577 904.112427
v -1293.206665 166.659058 935.164917
v -1293.206665 167.140259 966.217529
v -1293.206787 167.743896 997.270020
v -1293.206665 169.142456 1028.322510
v -1293.206787 171.248413 1059.375122
v -1252.599365 167.544678 1090.427612
v -1211.992310 165.397705 1090.427734
v -1171.385254 163.888916 1090.427612
v -1130.777832 165.325439 1090.427612
v -1090.170898 169.199585 1090.427612
v -1049.563721 174.081909 1090.427734
v -1008.956299 181.707886 1090.427612
v -968.349365 189.333862 1090.427734
v -927.742126 194.974731 1090.427734
v -887.134888 200.607666 1090.427612
v -846.527832 200.101440 1090.427734
v -805.920654 197.106079 1090.427734
v -765.313293 190.659790 1090.427612
v -724.706360 179.789307 1090.427734
v -684.099121 168.338135 1090.427734
v -643.491760 153.766235 1090.427612
v -602.884766 139.194092 1090.427734
v -562.277588 127.419189 1090.427612
v -521.670288 116.107056 1090.427612
v -481.063324 107.265869 1090.427612
v -440.455994 100.261963 1090.427612
v -399.848724 93.691162 1090.427612
v -359.241730 88.126099 1090.427734
v -318.634491 82.631958 1090.427612
v -278.027222 79.753296 1090.427612
v -237.420227 76.815674 1090.427734
v -196.812988 75.852783 1090.427612
v -156.205688 75.657349 1090.427612
v -115.598694 74.051514 1090.427612
v -74.991455 70.618408 1090.427612
v -34.384220 67.108765 1090.427612
v 6.222897 63.169189 1090.427734
v 46.830013 59.229614 1090.427612
v 87.437317 57.558350 1090.427612
v 128.044556 56.303101 1090.427734
v 168.651489 56.419800 1090.427612
v 209.258789 57.421997 1090.427612
v 249.866028 58.462036 1090.427734
v 290.472961 59.590454 1090.427612
v 331.080322 60.679443 1090.427612
v 371.687561 58.744141 1090.427734
v 412.294525 56.924194 1090.427612
v 452.901825 57.321899 1090.427612
v 493.509094 58.566162 1090.427612
v 534.116028 59.733765 1090.427612
v 574.723267 60.804443 1090.427612
v 615.330566 62.033936 1090.427734
v 655.937622 64.095947 1090.427612
v 696.544922 66.099609 1090.427734
v 737.152100 65.809937 1090.427734
v 777.759155 65.119019 1090.427612
v 818.366455 63.726929 1090.427734
v 858.973633 61.791260 1090.427734
v 899.580627 60.663696 1090.427612
v 940.187988 61.043335 1090.427734
v 980.795166 61.475342 1090.427734
v 1021.402100 64.228271 1090.427612
v 1062.009521 66.981323 1090.427734
v 1102.616577 67.797974 1090.427612
v 1143.223633 67.865967 1090.427612
v 1183.830933 67.738037 1090.427612
v 1224.438110 67.173584 1090.427734
v 1265.045166 66.477173 1090.427612
v 1305.652344 65.608154 1059.375122
v 1305.652466 65.799194 1028.322510
v 1305.652466 65.875610 997.270020
v 1305.652466 65.863159 966.217407
v 1305.652466 65.850830 935.164917
v 1305.652466 65.838257 904.112427
v 1305.652466 65.544312 873.059814
v 1305.652466 65.139038 842.007324
v 1305.652466 64.734009 810.954834
v 1305.652466 64.288696 779.902222
v 1305.652466 62.939575 748.849731
v 1305.652344 61.590942 717.796997
v 1305.652466 60.242310 686.744629
v 1305.652466 58.835205 655.692017
v 1305.652344 57.270508 624.639404
v 1305.652466 55.821655 593.586914
v 1305.652466 54.315063 562.534424
v 1305.652466 53.571045 531.481750
v 1305.652344 53.102051 500.429260
v 1305.652466 52.748169 469.376770
v 1305.652466 52.342896 438.324127
v 1305.652466 52.203735 407.271576
v 1305.652466 52.064575 376.219147
v 1305.652466 51.925171 345.166473
v 1305.652466 51.597778 314.113953
v 1305.652466 50.920166 283.061493
v 1305.652466 50.242798 252.008881
v 1305.652466 49.565186 220.956299
v 1305.652466 48.986084 189.903870
v 1305.652466 48.454346 158.851227
v 1305.652466 47.922241 127.798706
v 1305.652466 47.388062 96.746216
v 1305.652466 46.172485 65.693634
v 1305.652466 44.956665 34.641083
v 1305.652466 43.740967 3.588593
v 1305.652466 42.124146 -27.463959
v 1305.652466 39.692993 -58.516541
v 1305.652466 37.261475 -89.569031
v 1305.652466 34.830200 -120.621643
v 1305.652466 33.542236 -151.674164
v 1305.652466 32.852173 -182.726654
v 1305.652466 32.162354 -213.779266
v 1305.652466 31.472412 -244.831787
v 1305.652466 30.259399 -275.884308
v 1305.652466 29.037354 -306.936890
v 1305.652466 27.815552 -337.989410
v 1305.652466 26.458130 -369.041992
v 1305.652466 24.799683 -400.094513
v 1305.652466 23.141357 -431.147064
v 1305.652466 21.483032 -462.199615
v 1305.652466 20.263916 -493.252106
v 1305.652588 19.295288 -524.304688
v 1305.652466 18.326904 -555.357178
v 1305.652466 17.358521 -586.409790
v 1305.652466 18.372437 -617.462402
v 1305.652466 19.461304 -648.514893
v 1305.652466 20.550415 -679.567383
v 1305.652466 21.246216 -710.619995
v 1305.652466 20.980103 -741.672485
v 1305.652466 20.714111 -772.724976
v 1305.652466 20.447998 -803.777710
v 1305.652466 19.428101 -834.830078
v 1305.652344 17.883301 -865.882690
v 1265.045166 18.142944 -896.935181
v 1224.438110 20.821045 -896.935181
v 1183.830933 23.699341 -896.935303
v 1143.223755 25.891846 -896.935181
v 1102.616577 27.516968 -896.935181
v 1062.009521 28.583130 -896.935303
v 1021.402222 28.079712 -896.935181
v 980.795166 27.576416 -896.935181
v 940.187988 26.034424 -896.935303
v 899.580750 24.469482 -896.935181
v 858.973511 22.688232 -896.935181
v 818.366211 20.811401 -896.935181
v 777.759155 18.961548 -896.935181
v 737.151978 17.150513 -896.935303
v 696.544739 15.385864 -896.935181
v 655.937683 13.946655 -896.935303
v 615.330566 12.507446 -896.935303
v 574.723206 11.591187 -896.935181
v 534.116028 10.898315 -896.935181
v 493.509033 9.868896 -896.935181
v 452.901703 8.615845 -896.935181
v 412.294525 7.414673 -896.935181
v 371.687439 6.353149 -896.935181
v 331.080170 5.291626 -896.935181
v 290.472961 3.425903 -896.935303
v 249.865967 1.548950 -896.935181
v 209.258667 1.343628 -896.935181
v 168.651489 1.847046 -896.935303
v 128.044495 3.653564 -896.935303
v 87.437195 7.275757 -896.935181
v 46.830013 10.940063 -896.935181
v 6.222897 14.879761 -896.935303
v -34.384342 18.819214 -896.935181
v -74.991455 17.617798 -896.935303
v -115.598633 15.500244 -896.935303
v -156.205811 12.579102 -896.935181
v -196.812988 9.193970 -896.935303
v -237.420105 6.785889 -896.935303
v -278.027344 7.037720 -896.935303
v -318.634491 7.289307 -896.935303
v -359.241638 7.971069 -896.935303
v -399.848816 8.655029 -896.935303
v -440.455994 7.829712 -896.935303
v -481.063141 6.334351 -896.935181
v -521.670410 5.672607 -896.935303
v -562.277588 5.867798 -896.935181
v -602.884705 6.220337 -896.935303
v -643.491882 6.783813 -896.935303
v -684.099121 7.347534 -896.935303
v -724.706177 6.250244 -896.935303
v -765.313416 4.877075 -896.935181
v -805.920654 5.077393 -896.935303
v -846.527771 6.450806 -896.935303
v -887.134888 7.751831 -896.935181
v -927.742126 9.127197 -896.935303
v -968.349243 10.441772 -896.935181
v -1008.956421 10.693481 -896.935181
v -1049.563721 10.945190 -896.935303
v -1090.170776 11.011841 -896.935181
v -1130.777832 11.006104 -896.935181
v -1171.385254 11.109985 -896.935303
v -1211.992310 11.356079 -896.935181
v -1252.599487 11.499268 -896.935181
v -1252.599365 165.857666 1059.375000
v -1211.992310 163.258057 1059.375122
v -1171.385132 161.153564 1059.375000
v -1130.777832 162.324585 1059.375122
v -1090.170654 166.018433 1059.375000
v -1049.563599 170.748291 1059.375122
v -1008.956421 178.135986 1059.375122
v -968.349182 185.523560 1059.375122
v -927.742004 191.519165 1059.375000
v -887.134766 197.509644 1059.375000
v -846.527710 197.445923 1059.375122
v -805.920471 194.927368 1059.375122
v -765.313293 189.172119 1059.375122
v -724.706116 179.073853 1059.375000
v -684.098938 168.321167 1059.375000
v -643.491821 153.630127 1059.375122
v -602.884521 138.938843 1059.375122
v -562.277588 127.555908 1059.375122
v -521.670288 116.720337 1059.375000
v -481.063232 108.082397 1059.375122
v -440.455933 101.078735 1059.375122
v -399.848846 94.439087 1059.375122
v -359.241638 88.694580 1059.375000
v -318.634460 82.963501 1059.375000
v -278.027222 80.145142 1059.375122
v -237.420105 77.326782 1059.375122
v -196.812881 75.968140 1059.375000
v -156.205795 75.176880 1059.375122
v -115.598587 73.442261 1059.375122
v -74.991516 70.485962 1059.375122
v -34.384247 67.381104 1059.375122
v 6.222948 63.441284 1059.375122
v 46.830086 59.501587 1059.375000
v 87.437294 57.578491 1059.375122
v 128.044312 55.965698 1059.375000
v 168.651703 55.944702 1059.375122
v 209.258713 57.066040 1059.375122
v 249.865921 58.260498 1059.375122
v 290.473053 59.627563 1059.375122
v 331.080231 60.949951 1059.375000
v 371.687378 58.953369 1059.375000
v 412.294617 56.956421 1059.375122
v 452.901764 56.974487 1059.375122
v 493.509003 57.742065 1059.375122
v 534.115967 58.909424 1059.375000
v 574.723206 60.576050 1059.375000
v 615.330322 62.286865 1059.375000
v 655.937561 64.171753 1059.375122
v 696.544983 66.172729 1059.375122
v 737.152039 65.601318 1059.375122
v 777.759094 64.672119 1059.375000
v 818.366333 63.112427 1059.375122
v 858.973511 61.115479 1059.375122
v 899.580566 59.956299 1059.375000
v 940.187805 60.693604 1059.375000
v 980.795105 61.477783 1059.375122
v 1021.402161 64.349976 1059.375122
v 1062.009277 67.222290 1059.375122
v 1102.616577 68.157837 1059.375000
v 1143.223755 68.403564 1059.375122
v 1183.830811 68.228394 1059.375000
v 1224.438232 67.544800 1059.375122
v 1265.045288 66.787476 1059.375000
v -1252.599365 164.170288 1028.322632
v -1211.992310 161.118530 1028.322510
v -1171.385010 158.418335 1028.322510
v -1130.777954 159.262939 1028.322510
v -1090.170776 162.837524 1028.322632
v -1049.563721 167.414673 1028.322632
v -1008.956421 174.563843 1028.322632
v -968.349304 181.713135 1028.322510
v -927.742126 188.064087 1028.322632
v -887.134949 194.411865 1028.322510
v -846.527527 194.790649 1028.322510
v -805.920532 192.748657 1028.322510
v -765.313416 187.622681 1028.322510
v -724.706177 178.358643 1028.322510
v -684.099060 168.304077 1028.322510
v -643.491882 153.493774 1028.322510
v -602.884644 138.683472 1028.322632
v -562.277527 127.692749 1028.322632
v -521.670349 117.274170 1028.322632
v -481.063263 108.899048 1028.322632
v -440.455933 101.895386 1028.322510
v -399.848755 95.186768 1028.322510
v -359.241791 89.203857 1028.322632
v -318.634583 83.236450 1028.322632
v -278.027283 80.537231 1028.322632
v -237.420074 77.838013 1028.322510
v -196.813019 76.083618 1028.322632
v -156.205856 74.696533 1028.322510
v -115.598572 72.833252 1028.322632
v -74.991470 70.353638 1028.322632
v -34.384293 67.653198 1028.322632
v 6.222939 63.713501 1028.322632
v 46.830040 59.774048 1028.322632
v 87.437286 57.541138 1028.322632
v 128.044327 55.570679 1028.322510
v 168.651672 55.469604 1028.322510
v 209.258850 56.710205 1028.322632
v 249.865967 58.059204 1028.322632
v 290.473083 59.664429 1028.322632
v 331.080322 61.162598 1028.322632
v 371.687469 59.104736 1028.322632
v 412.294586 56.988892 1028.322510
v 452.901703 56.627197 1028.322510
v 493.508911 56.918213 1028.322632
v 534.116211 58.085205 1028.322754
v 574.723267 60.347778 1028.322510
v 615.330322 62.540283 1028.322632
v 655.937622 64.363892 1028.322510
v 696.544861 66.187744 1028.322510
v 737.151978 65.392822 1028.322510
v 777.759216 64.225220 1028.322632
v 818.366394 62.497314 1028.322510
v 858.973511 60.381470 1028.322632
v 899.580566 59.249268 1028.322632
v 940.187866 60.343994 1028.322632
v 980.795166 61.480591 1028.322510
v 1021.402344 64.471924 1028.322632
v 1062.009399 67.463257 1028.322632
v 1102.616455 68.517944 1028.322510
v 1143.223755 68.883057 1028.322510
v 1183.830933 68.718994 1028.322632
v 1224.438110 67.916260 1028.322510
v 1265.045288 67.039673 1028.322632
v -1252.599487 162.836182 997.270020
v -1211.992310 159.454834 997.270020
v -1171.385132 156.344116 997.270020
v -1130.777954 156.890381 997.270020
v -1090.170776 160.253174 997.270020
v -1049.563354 164.623901 997.269897
v -1008.956421 171.581299 997.270020
v -968.349243 178.538696 997.270020
v -927.742004 185.291260 997.270020
v -887.134827 192.042847 997.270020
v -846.527832 192.745361 997.270020
v -805.920410 190.994385 997.270020
v -765.313354 186.193237 997.269897
v -724.706238 177.299072 997.270020
v -684.099121 167.611206 997.270142
v -643.491943 153.145874 997.270142
v -602.884766 138.680420 997.270020
v -562.277649 128.147705 997.270142
v -521.670349 118.265259 997.270020
v -481.063141 110.087158 997.270020
v -440.456055 103.176392 997.270142
v -399.848755 96.397583 997.270020
v -359.241699 89.944458 997.270020
v -318.634308 83.508667 997.270020
v -278.027283 80.835693 997.269897
v -237.420166 78.162964 997.270020
v -196.812912 76.153931 997.269897
v -156.205795 74.403076 997.270142
v -115.598602 72.441162 997.270020
v -74.991394 70.206299 997.270142
v -34.384216 67.741455 997.270020
v 6.222809 63.987549 997.270020
v 46.830009 60.233521 997.270020
v 87.437256 57.916626 997.270142
v 128.044342 55.820557 997.270020
v 168.651535 55.493408 997.270020
v 209.258728 56.435425 997.269897
v 249.866043 57.618286 997.270142
v 290.473145 59.369263 997.270020
v 331.080292 61.070435 997.270020
v 371.687408 59.067505 997.270020
v 412.294556 57.064209 997.270020
v 452.901947 56.284302 997.270142
v 493.509064 55.959595 997.270142
v 534.116089 56.925171 997.270020
v 574.723328 59.505249 997.270142
v 615.330505 61.937866 997.270020
v 655.937561 63.595947 997.270020
v 696.544922 65.254150 997.270020
v 737.151978 64.392700 997.270142
v 777.759094 63.172485 997.269897
v 818.366333 61.489502 997.270020
v 858.973389 59.486572 997.270020
v 899.580688 58.527710 997.270020
v 940.187805 59.933838 997.270020
v 980.795105 61.374878 997.270020
v 1021.402222 64.392822 997.270020
v 1062.009399 67.410400 997.270020
v 1102.616455 68.731079 997.270020
v 1143.223755 69.447144 997.270020
v 1183.830811 69.400269 997.269897
v 1224.438232 68.432251 997.270020
v 1265.045166 67.374390 997.269897
v -1252.599365 162.055054 966.217529
v -1211.992432 158.536987 966.217407
v -1171.385132 155.307251 966.217407
v -1130.777832 155.599731 966.217407
v -1090.170898 158.604736 966.217407
v -1049.563599 162.684814 966.217407
v -1008.956421 169.523071 966.217529
v -968.349243 176.361206 966.217529
v -927.742126 183.588135 966.217407
v -887.134949 190.816650 966.217407
v -846.527649 191.656128 966.217407
v -805.920471 189.905396 966.217529
v -765.313232 184.951416 966.217407
v -724.706177 175.638550 966.217529
v -684.099060 165.858521 966.217407
v -643.491699 152.465454 966.217529
v -602.884705 139.072510 966.217529
v -562.277527 129.100952 966.217407
v -521.670227 119.695435 966.217407
v -481.063263 111.857544 966.217651
v -440.455933 105.184692 966.217529
v -399.848816 98.334351 966.217407
v -359.241608 91.047119 966.217407
v -318.634521 83.780396 966.217407
v -278.027252 80.988403 966.217529
v -237.420135 78.196167 966.217529
v -196.812958 76.153931 966.217407
v -156.205780 74.402954 966.217285
v -115.598694 72.389282 966.217529
v -74.991531 70.035034 966.217529
v -34.384243 67.541260 966.217407
v 6.222919 64.263916 966.217407
v 46.830021 60.986572 966.217407
v 87.437256 58.939697 966.217529
v 128.044418 57.082275 966.217529
v 168.651581 56.299561 966.217407
v 209.258743 56.288330 966.217407
v 249.865936 56.801636 966.217529
v 290.473083 58.552490 966.217651
v 331.080383 60.259888 966.217407
v 371.687439 58.733643 966.217407
v 412.294586 57.207275 966.217407
v 452.901703 55.948486 966.217529
v 493.509003 54.789429 966.217529
v 534.116028 55.238647 966.217407
v 574.723389 57.699585 966.217407
v 615.330505 59.994263 966.217529
v 655.937622 61.413940 966.217529
v 696.544861 62.833618 966.217407
v 737.151978 62.151001 966.217407
v 777.759094 61.169189 966.217407
v 818.366333 59.865356 966.217529
v 858.973511 58.338745 966.217407
v 899.580750 57.783936 966.217407
v 940.187866 59.428345 966.217407
v 980.794983 61.100220 966.217407
v 1021.402161 63.940552 966.217529
v 1062.009399 66.897339 966.217407
v 1102.616577 68.713745 966.217407
v 1143.223633 70.144897 966.217407
v 1183.831055 70.381470 966.217529
v 1224.438110 69.174927 966.217407
v 1265.045166 67.838745 966.217529
v -1252.599365 161.274536 935.164795
v -1211.992432 157.618896 935.164917
v -1171.385010 154.270142 935.164917
v -1130.777954 154.308838 935.165039
v -1090.170898 156.956299 935.165039
v -1049.563599 160.745850 935.164917
v -1008.956421 167.464722 935.164917
v -968.349365 174.122437 935.165039
v -927.742126 181.885010 935.164917
v -887.134827 189.589966 935.164917
v -846.527771 190.567261 935.165039
v -805.920532 188.816284 935.164917
v -765.313293 183.710083 935.164917
v -724.706116 174.100952 935.164917
v -684.099060 164.105713 935.164917
v -643.491760 151.785400 935.164917
v -602.884766 139.465088 935.165039
v -562.277466 130.054565 935.165039
v -521.670227 121.125610 935.165039
v -481.063263 113.627563 935.165039
v -440.456055 107.192993 935.164917
v -399.848816 100.271118 935.164917
v -359.241577 92.149536 935.164917
v -318.634552 84.052124 935.164917
v -278.027283 81.140869 935.164917
v -237.420227 78.229736 935.164917
v -196.813049 76.154053 935.164917
v -156.205780 74.403076 935.164917
v -115.598602 72.337524 935.164917
v -74.991470 69.863892 935.164917
v -34.384342 67.341064 935.164917
v 6.222851 64.540405 935.164917
v 46.830097 61.739624 935.164917
v 87.437225 59.963135 935.164917
v 128.044479 58.343994 935.164917
v 168.651596 57.105713 935.164917
v 209.258743 56.140991 935.164917
v 249.865891 55.984741 935.164795
v 290.473114 57.735718 935.164917
v 331.080261 59.449829 935.164917
v 371.687439 58.400024 935.164917
v 412.294617 57.350220 935.164917
v 452.901794 55.612915 935.164795
v 493.508972 53.619751 935.164917
v 534.116089 53.552368 935.164917
v 574.723328 55.894165 935.165039
v 615.330566 58.050415 935.165039
v 655.937744 59.231812 935.165039
v 696.544861 60.413330 935.164917
v 737.151917 59.909546 935.164917
v 777.759155 59.165771 935.164917
v 818.366333 58.241455 935.164917
v 858.973572 57.191650 935.164917
v 899.580688 57.040283 935.164917
v 940.187927 58.865234 935.165039
v 980.795105 60.825439 935.164917
v 1021.402100 63.604736 935.164917
v 1062.009399 66.384155 935.164917
v 1102.616699 68.696655 935.165039
v 1143.223755 70.843018 935.164917
v 1183.830933 71.362549 935.164917
v 1224.438110 69.917603 935.164917
v 1265.045288 68.302979 935.164795
v -1252.599487 160.493530 904.112427
v -1211.992310 156.701050 904.112427
v -1171.385254 153.233032 904.112427
v -1130.777954 153.017822 904.112305
v -1090.170654 155.307983 904.112305
v -1049.563721 158.806885 904.112427
v -1008.956421 165.406616 904.112427
v -968.349304 171.945068 904.112427
v -927.741943 180.181885 904.112427
v -887.134827 188.363525 904.112305
v -846.527649 189.478149 904.112427
v -805.920471 187.727295 904.112305
v -765.313354 182.468384 904.112427
v -724.706238 172.501831 904.112427
v -684.098938 162.352905 904.112305
v -643.491821 151.105103 904.112305
v -602.884705 139.857056 904.112305
v -562.277405 130.947876 904.112427
v -521.670288 122.555786 904.112305
v -481.063324 115.397705 904.112427
v -440.455933 109.201538 904.112305
v -399.848816 102.207764 904.112305
v -359.241730 93.252197 904.112305
v -318.634521 84.323853 904.112427
v -278.027374 81.293335 904.112427
v -237.420197 78.263062 904.112427
v -196.812973 76.154053 904.112427
v -156.205750 74.402954 904.112305
v -115.598618 72.285400 904.112305
v -74.991470 69.692993 904.112427
v -34.384308 67.140869 904.112427
v 6.222839 64.817017 904.112427
v 46.830105 62.492798 904.112427
v 87.437325 60.986450 904.112427
v 128.044357 59.605591 904.112427
v 168.651520 57.911743 904.112427
v 209.258759 55.993774 904.112427
v 249.866028 55.168213 904.112427
v 290.473053 56.919189 904.112427
v 331.080322 58.639282 904.112427
v 371.687561 58.066162 904.112305
v 412.294556 57.493042 904.112305
v 452.901764 55.277222 904.112305
v 493.509003 52.449829 904.112427
v 534.116028 51.866089 904.112305
v 574.723267 54.088501 904.112427
v 615.330444 56.106689 904.112427
v 655.937622 57.049683 904.112305
v 696.544800 57.992920 904.112305
v 737.152039 57.668213 904.112427
v 777.759216 57.162720 904.112427
v 818.366333 56.617432 904.112427
v 858.973450 56.044312 904.112427
v 899.580566 56.296509 904.112305
v 940.187866 58.417603 904.112427
v 980.795166 60.550415 904.112427
v 1021.402039 63.210815 904.112305
v 1062.009277 65.870850 904.112427
v 1102.616577 68.679321 904.112305
v 1143.223755 71.540649 904.112305
v 1183.831055 72.343384 904.112427
v 1224.438110 70.660034 904.112427
v 1265.045166 68.767212 904.112427
v -1252.599365 160.492554 873.059814
v -1211.992188 156.272827 873.059692
v -1171.385132 152.344360 873.059814
v -1130.777954 151.919678 873.059937
v -1090.170776 154.193726 873.059814
v -1049.563477 157.719360 873.059814
v -1008.956421 164.456177 873.059814
v -968.349243 171.192749 873.059814
v -927.742065 178.993408 873.059814
v -887.135010 186.798462 873.059937
v -846.527649 188.229614 873.059814
v -805.920471 187.075928 873.059814
v -765.313354 182.370972 873.059814
v -724.706177 172.900513 873.059937
v -684.099060 163.293091 873.059937
v -643.491760 152.861694 873.059814
v -602.884644 142.430298 873.059814
v -562.277466 133.520264 873.059814
v -521.670288 124.861938 873.059814
v -481.063110 117.507935 873.059814
v -440.456055 111.123291 873.059814
v -399.848846 104.099854 873.059937
v -359.241669 95.505005 873.059937
v -318.634521 86.933228 873.059814
v -278.027222 83.442627 873.059814
v -237.420074 79.951538 873.059814
v -196.812866 77.468018 873.059814
v -156.205734 75.375732 873.059814
v -115.598572 73.124878 873.059814
v -74.991409 70.669312 873.059814
v -34.384350 68.292603 873.059814
v 6.222958 66.359985 873.059814
v 46.830067 64.427368 873.059814
v 87.437256 63.031494 873.059814
v 128.044357 61.718384 873.059814
v 168.651611 59.796265 873.059814
v 209.258698 57.436768 873.059814
v 249.865875 56.123169 873.059814
v 290.473083 57.276733 873.059814
v 331.080322 58.400024 873.059814
v 371.687347 57.279663 873.059814
v 412.294617 56.159058 873.059937
v 452.901764 53.995483 873.059814
v 493.508850 51.443237 873.059814
v 534.116150 50.845825 873.059814
v 574.723328 52.693115 873.059937
v 615.330383 54.467041 873.059814
v 655.937561 55.854614 873.059814
v 696.544800 57.241821 873.059814
v 737.152039 56.882568 873.059814
v 777.759094 56.274048 873.059814
v 818.366333 55.817017 873.059814
v 858.973450 55.464478 873.059814
v 899.580688 55.969116 873.059814
v 940.187805 58.413696 873.059692
v 980.794983 60.855103 873.059814
v 1021.402405 63.140015 873.059937
v 1062.009521 65.425049 873.059814
v 1102.616699 68.284424 873.059937
v 1143.223755 71.348999 873.059937
v 1183.830933 72.231812 873.059814
v 1224.438110 70.481079 873.059814
v 1265.045044 68.523315 873.059814
v -1252.599487 160.801025 842.007324
v -1211.992310 156.039307 842.007324
v -1171.385010 151.514526 842.007324
v -1130.777832 150.898071 842.007202
v -1090.170898 153.291260 842.007324
v -1049.563477 156.969604 842.007324
v -1008.956299 163.944580 842.007202
v -968.349304 170.919556 842.007324
v -927.742004 178.009033 842.007202
v -887.134827 185.098877 842.007202
v -846.527771 186.917358 842.007324
v -805.920532 186.598022 842.007324
v -765.313232 182.727417 842.007324
v -724.706116 174.090698 842.007324
v -684.098999 165.300537 842.007324
v -643.491821 155.584229 842.007202
v -602.884521 145.867798 842.007324
v -562.277649 136.650269 842.007324
v -521.670349 127.515259 842.007324
v -481.063293 119.753052 842.007446
v -440.456055 113.010986 842.007446
v -399.848755 105.974487 842.007324
v -359.241608 98.213623 842.007202
v -318.634521 90.469482 842.007324
v -278.027344 86.383057 842.007324
v -237.420166 82.237549 842.007324
v -196.813019 79.302368 842.007324
v -156.205750 76.733521 842.007324
v -115.598572 74.317749 842.007324
v -74.991470 72.100220 842.007202
v -34.384266 69.980103 842.007324
v 6.222881 68.404907 842.007324
v 46.830090 66.829712 842.007324
v 87.437241 65.481567 842.007324
v 128.044388 64.168335 842.007324
v 168.651566 62.107300 842.007324
v 209.258728 59.509644 842.007324
v 249.865829 57.780518 842.007324
v 290.473175 58.099854 842.007324
v 331.080322 58.387451 842.007324
v 371.687408 56.313721 842.007202
v 412.294678 54.239868 842.007324
v 452.901917 52.338501 842.007324
v 493.508911 50.501587 842.007324
v 534.116150 50.089600 842.007324
v 574.723328 51.460205 842.007324
v 615.330505 52.947876 842.007324
v 655.937683 55.050415 842.007324
v 696.544800 57.152710 842.007324
v 737.151978 56.673706 842.007324
v 777.759094 55.827026 842.007324
v 818.366333 55.342896 842.007324
v 858.973450 55.109619 842.007202
v 899.580811 55.806274 842.007324
v 940.187744 58.608643 842.007202
v 980.795044 61.389038 842.007324
v 1021.402222 63.197388 842.007324
v 1062.009399 65.005737 842.007324
v 1102.616699 67.739990 842.007202
v 1143.223755 70.804321 842.007324
v 1183.830933 71.687378 842.007202
v 1224.438110 69.936646 842.007324
v 1265.045410 67.998779 842.007324
v -1252.599365 161.109009 810.954712
v -1211.992310 155.805298 810.954834
v -1171.385010 150.684814 810.954712
v -1130.777954 149.876587 810.954834
v -1090.170776 152.388916 810.954712
v -1049.563599 156.219604 810.954834
v -1008.956421 163.432983 810.954712
v -968.349121 170.646362 810.954590
v -927.742188 177.024658 810.954712
v -887.134827 183.399658 810.954712
v -846.527771 185.543213 810.954834
v -805.920532 186.119995 810.954834
v -765.313354 183.083374 810.954590
v -724.706177 175.281128 810.954834
v -684.099121 167.308228 810.954834
v -643.491760 158.306885 810.954712
v -602.884766 149.305298 810.954712
v -562.277344 139.780396 810.954834
v -521.670410 130.168579 810.954834
v -481.063171 121.997925 810.954712
v -440.455933 114.898682 810.954712
v -399.848816 107.849243 810.954712
v -359.241638 100.922485 810.954834
v -318.634521 94.006104 810.954712
v -278.027374 89.323486 810.954712
v -237.420105 84.640869 810.954712
v -196.812988 81.137329 810.954712
v -156.205750 78.091553 810.954712
v -115.598633 75.510498 810.954712
v -74.991425 73.531494 810.954834
v -34.384296 71.667358 810.954712
v 6.222874 70.449829 810.954712
v 46.830059 69.232178 810.954712
v 87.437210 67.931763 810.954834
v 128.044449 66.618408 810.954712
v 168.651581 64.419067 810.954712
v 209.258728 61.582642 810.954712
v 249.865936 59.437744 810.954834
v 290.473114 58.923096 810.954712
v 331.080292 58.374878 810.954712
v 371.687378 55.347778 810.954712
v 412.294525 52.320557 810.954712
v 452.901855 50.681885 810.954712
v 493.508911 49.559814 810.954590
v 534.116150 49.333252 810.954834
v 574.723267 50.227173 810.954834
v 615.330444 51.428955 810.954712
v 655.937622 54.246338 810.954712
v 696.544922 57.063721 810.954834
v 737.151978 56.465210 810.954834
v 777.759216 55.380127 810.954712
v 818.366333 54.868774 810.954712
v 858.973450 54.754517 810.954834
v 899.580627 55.643677 810.954712
v 940.187927 58.803345 810.954712
v 980.794922 61.922974 810.954590
v 1021.402222 63.254517 810.954712
v 1062.009399 64.586304 810.954834
v 1102.616577 67.195679 810.954712
v 1143.223755 70.259888 810.954712
v 1183.830811 71.142944 810.954712
v 1224.438232 69.391968 810.954834
v 1265.045166 67.474365 810.954590
v -1252.599487 161.373657 779.902100
v -1211.992188 155.545166 779.902100
v -1171.385132 149.839111 779.902100
v -1130.778076 148.825806 779.902100
v -1090.170776 151.426636 779.902100
v -1049.563599 155.383667 779.902222
v -1008.956421 162.820068 779.902222
v -968.349304 170.256470 779.902222
v -927.742004 175.908325 779.902222
v -887.134827 181.552979 779.902100
v -846.527710 184.148682 779.902100
v -805.920471 185.507935 779.902100
v -765.313293 183.341919 779.902100
v -724.706177 176.445190 779.902100
v -684.098999 169.348511 779.902222
v -643.491821 161.046753 779.902222
v -602.884705 152.745361 779.902222
v -562.277466 142.941162 779.902222
v -521.670227 132.888428 779.902222
v -481.063141 124.330688 779.902222
v -440.455933 116.884155 779.902100
v -399.848846 109.819946 779.902222
v -359.241699 103.696655 779.902222
v -318.634491 97.577515 779.902222
v -278.027344 92.355591 779.902100
v -237.420166 87.133423 779.902222
v -196.812958 83.190308 779.902100
v -156.205811 79.744751 779.902100
v -115.598602 77.050659 779.902222
v -74.991455 75.330322 779.902222
v -34.384274 73.738647 779.902222
v 6.222927 72.868286 779.902100
v 46.830006 71.997681 779.902222
v 87.437195 70.726196 779.902100
v 128.044434 69.392334 779.902222
v 168.651642 67.042358 779.902100
v 209.258759 63.962769 779.902100
v 249.865845 61.392700 779.902100
v 290.473175 60.023071 779.902222
v 331.080292 58.618896 779.902222
v 371.687500 54.643799 779.902100
v 412.294678 50.668335 779.902222
v 452.901794 49.248779 779.902222
v 493.508972 48.780396 779.902100
v 534.116028 48.694092 779.902222
v 574.723267 49.085815 779.902100
v 615.330444 49.972900 779.902100
v 655.937622 53.464600 779.902222
v 696.544800 56.956421 779.902222
v 737.151978 56.246704 779.902100
v 777.759094 54.938354 779.902100
v 818.366333 54.409424 779.902222
v 858.973511 54.419800 779.902222
v 899.580566 55.501221 779.902100
v 940.187805 59.008423 779.902100
v 980.795166 62.457642 779.902100
v 1021.402222 63.332886 779.902100
v 1062.009399 64.208374 779.902100
v 1102.616577 66.671509 779.902222
v 1143.223755 69.699829 779.902222
v 1183.830933 70.559204 779.902100
v 1224.438110 68.797729 779.902100
v 1265.045288 66.894287 779.902222
v -1252.599365 160.667603 748.849731
v -1211.992310 154.696899 748.849609
v -1171.385132 148.633667 748.849731
v -1130.777832 147.128174 748.849609
v -1090.170776 149.133179 748.849609
v -1049.563721 152.627808 748.849609
v -1008.956543 159.945190 748.849609
v -968.349426 167.262329 748.849731
v -927.742065 171.845459 748.849731
v -887.134949 176.417725 748.849731
v -846.527649 179.467041 748.849609
v -805.920471 181.898315 748.849609
v -765.313354 181.415649 748.849609
v -724.706299 177.021851 748.849609
v -684.099060 172.121826 748.849609
v -643.491821 164.177612 748.849609
v -602.884766 156.233521 748.849731
v -562.277466 146.786987 748.849731
v -521.670288 137.091919 748.849609
v -481.063080 128.617920 748.849609
v -440.456055 121.052368 748.849609
v -399.848755 113.937866 748.849609
v -359.241608 107.933838 748.849609
v -318.634521 101.936768 748.849731
v -278.027313 97.429565 748.849609
v -237.420166 92.922485 748.849609
v -196.813019 90.123657 748.849609
v -156.205811 87.988647 748.849609
v -115.598633 86.345947 748.849731
v -74.991394 85.340576 748.849609
v -34.384266 84.373779 748.849609
v 6.222904 83.622681 748.849731
v 46.830135 82.871338 748.849609
v 87.437134 81.202393 748.849609
v 128.044434 79.391968 748.849731
v 168.651581 76.634888 748.849609
v 209.258728 73.197632 748.849609
v 249.866028 69.985718 748.849731
v 290.473114 67.305908 748.849609
v 331.080292 64.597290 748.849731
v 371.687469 59.787720 748.849731
v 412.294647 54.978149 748.849609
v 452.901794 52.811157 748.849609
v 493.508911 51.627686 748.849609
v 534.116150 50.667603 748.849609
v 574.723267 49.986938 748.849609
v 615.330505 49.934814 748.849731
v 655.937622 53.188232 748.849609
v 696.544922 56.441650 748.849731
v 737.152100 55.806396 748.849609
v 777.759216 54.617432 748.849609
v 818.366272 54.277954 748.849609
v 858.973572 54.526611 748.849609
v 899.580688 55.809937 748.849731
v 940.187744 59.435913 748.849609
v 980.795044 63.002075 748.849609
v 1021.402161 63.877563 748.849609
v 1062.009399 64.752808 748.849609
v 1102.616577 66.600830 748.849609
v 1143.223633 68.795166 748.849609
v 1183.831055 69.090088 748.849731
v 1224.437866 67.090210 748.849609
v 1265.045288 65.068970 748.849609
v -1252.599365 159.961548 717.797119
v -1211.992310 153.848877 717.796997
v -1171.385254 147.427979 717.797119
v -1130.777954 145.430298 717.797241
v -1090.170654 146.839478 717.797119
v -1049.563477 149.872192 717.796997
v -1008.956299 157.070190 717.796997
v -968.349304 164.268311 717.797119
v -927.742065 167.782837 717.797119
v -887.134827 171.282471 717.797119
v -846.527832 174.785278 717.796997
v -805.920654 178.289429 717.797119
v -765.313354 179.489868 717.797119
v -724.706299 177.598267 717.797241
v -684.099121 174.895142 717.797119
v -643.491821 167.308350 717.797119
v -602.884705 159.721924 717.797119
v -562.277527 150.632690 717.797119
v -521.670349 141.295166 717.797119
v -481.063171 132.905518 717.797119
v -440.455933 125.220459 717.797119
v -399.848755 118.055908 717.797119
v -359.241577 112.171021 717.797119
v -318.634491 106.295654 717.797119
v -278.027283 102.503540 717.797119
v -237.420135 98.711548 717.797119
v -196.812958 97.056885 717.797119
v -156.205750 96.232788 717.797119
v -115.598602 95.641235 717.797119
v -74.991379 95.350830 717.797119
v -34.384258 95.009033 717.797119
v 6.222912 94.377075 717.797119
v 46.830097 93.744995 717.797119
v 87.437225 91.678589 717.797119
v 128.044434 89.391724 717.797119
v 168.651550 86.226929 717.797119
v 209.258835 82.432373 717.797119
v 249.865982 78.579468 717.797119
v 290.473145 74.588257 717.797119
v 331.080322 70.575439 717.797119
v 371.687378 64.931885 717.797119
v 412.294495 59.287842 717.797119
v 452.901733 56.373657 717.797119
v 493.508972 54.475220 717.797119
v 534.116150 52.641357 717.797119
v 574.723328 50.888062 717.797119
v 615.330444 49.896729 717.797119
v 655.937622 52.911743 717.797119
v 696.544861 55.927002 717.797119
v 737.152039 55.366455 717.797119
v 777.759094 54.296509 717.797119
v 818.366394 54.146606 717.797119
v 858.973511 54.633423 717.797119
v 899.580627 56.118530 717.797119
v 940.187744 59.863892 717.797119
v 980.795105 63.546509 717.796997
v 1021.402222 64.421997 717.797119
v 1062.009399 65.297485 717.797119
v 1102.616699 66.530151 717.797119
v 1143.223633 67.890259 717.797119
v 1183.831055 67.620728 717.797119
v 1224.438110 65.382690 717.797119
v 1265.045288 63.243530 717.797119
v -1252.599487 159.255737 686.744629
v -1211.992432 153.000610 686.744507
v -1171.385132 146.222290 686.744507
v -1130.777954 143.732666 686.744629
v -1090.170776 144.546021 686.744629
v -1049.563599 147.116333 686.744507
v -1008.956299 154.195190 686.744507
v -968.349182 161.274048 686.744507
v -927.742126 163.719971 686.744507
v -887.134827 166.147095 686.744507
v -846.527771 170.103638 686.744629
v -805.920410 174.680298 686.744507
v -765.313293 177.563721 686.744507
v -724.706177 178.174927 686.744629
v -684.098999 177.668579 686.744507
v -643.491821 170.439331 686.744629
v -602.884766 163.210205 686.744507
v -562.277466 154.417480 686.744629
v -521.670288 145.498413 686.744507
v -481.063171 137.192993 686.744629
v -440.455933 129.388916 686.744629
v -399.848755 122.173706 686.744507
v -359.241638 116.408325 686.744507
v -318.634460 110.654907 686.744629
v -278.027313 107.577759 686.744507
v -237.420197 104.500610 686.744507
v -196.812912 103.989990 686.744507
v -156.205811 104.476807 686.744507
v -115.598648 104.936768 686.744629
v -74.991425 105.361450 686.744507
v -34.384258 105.644409 686.744629
v 6.222927 105.131470 686.744507
v 46.830090 104.618774 686.744507
v 87.437180 102.154907 686.744507
v 128.044418 99.391235 686.744629
v 168.651581 95.819214 686.744629
v 209.258759 91.667358 686.744629
v 249.865997 87.173096 686.744629
v 290.473083 81.812256 686.744507
v 331.080231 76.553467 686.744507
v 371.687439 70.075562 686.744507
v 412.294525 63.597778 686.744507
v 452.901733 59.936157 686.744629
v 493.508942 57.322632 686.744507
v 534.115967 54.614868 686.744385
v 574.723328 51.789307 686.744629
v 615.330444 49.858643 686.744385
v 655.937622 52.635376 686.744629
v 696.544800 55.412231 686.744507
v 737.152100 54.926025 686.744629
v 777.759155 53.975464 686.744507
v 818.366333 53.957397 686.744629
v 858.973633 54.740479 686.744507
v 899.580688 56.427368 686.744507
v 940.187866 60.291748 686.744385
v 980.795166 64.091064 686.744629
v 1021.402100 64.966431 686.744385
v 1062.009399 65.841919 686.744507
v 1102.616577 66.459595 686.744507
v 1143.223755 66.985474 686.744629
v 1183.830811 66.151611 686.744385
v 1224.438110 63.675415 686.744507
v 1265.045166 61.418213 686.744507
v -1252.599487 156.651123 655.691895
v -1211.992188 150.614990 655.692017
v -1171.385132 143.919312 655.692017
v -1130.777954 141.203735 655.692017
v -1090.170776 141.553589 655.692017
v -1049.563599 143.756714 655.692017
v -1008.956421 150.716553 655.691895
v -968.349243 157.676147 655.691895
v -927.742004 159.843140 655.691895
v -887.134766 161.990479 655.692017
v -846.527710 166.503784 655.692017
v -805.920532 171.976929 655.692017
v -765.313354 176.160400 655.692139
v -724.706177 178.613403 655.692017
v -684.098999 179.768799 655.691895
v -643.491821 173.117310 655.692017
v -602.884644 166.466064 655.691895
v -562.277527 158.161011 655.692017
v -521.670288 149.582275 655.692017
v -481.063110 141.430298 655.692017
v -440.455933 133.594971 655.692017
v -399.848877 126.520142 655.692017
v -359.241669 121.313721 655.692139
v -318.634460 116.122925 655.692017
v -278.027283 114.200928 655.692017
v -237.420197 112.279541 655.692139
v -196.812973 112.845825 655.692017
v -156.205750 114.379150 655.692017
v -115.598663 115.702881 655.692017
v -74.991531 116.754517 655.692139
v -34.384327 117.614380 655.692017
v 6.222881 117.396729 655.692017
v 46.830105 117.179321 655.691895
v 87.437271 114.494507 655.692017
v 128.044449 111.430420 655.692139
v 168.651550 107.473267 655.692017
v 209.258820 102.875854 655.692139
v 249.865997 97.770142 655.692139
v 290.473145 91.465576 655.691895
v 331.080322 85.146729 655.691895
v 371.687500 77.746338 655.692139
v 412.294708 70.346313 655.692017
v 452.901703 65.528198 655.692017
v 493.508911 61.671265 655.692017
v 534.116028 57.796143 655.692017
v 574.723267 53.897705 655.691895
v 615.330444 50.866089 655.691895
v 655.937744 52.391479 655.692017
v 696.544861 53.916870 655.692017
v 737.151978 53.494995 655.691895
v 777.759155 52.795532 655.692139
v 818.366333 53.104858 655.692017
v 858.973572 54.112549 655.692017
v 899.580627 56.058838 655.691895
v 940.187866 60.130493 655.692017
v 980.795044 64.135986 655.692017
v 1021.402344 65.188110 655.692017
v 1062.009399 66.239502 655.692017
v 1102.616577 66.255737 655.692017
v 1143.223755 65.903442 655.692017
v 1183.830933 64.580933 655.692139
v 1224.437988 62.086792 655.692017
v 1265.045166 59.842896 655.691895
v -1252.599487 150.808472 624.639526
v -1211.992310 145.606323 624.639404
v -1171.385254 139.745239 624.639526
v -1130.777954 137.258057 624.639404
v -1090.170776 137.369385 624.639404
v -1049.563843 139.367798 624.639526
v -1008.956543 146.208252 624.639404
v -968.349304 153.048706 624.639526
v -927.742065 156.283447 624.639526
v -887.134888 159.503174 624.639526
v -846.527771 164.750244 624.639526
v -805.920532 170.818970 624.639526
v -765.313293 175.649170 624.639404
v -724.706238 178.817017 624.639526
v -684.099060 180.721313 624.639404
v -643.491760 175.023560 624.639526
v -602.884705 169.325439 624.639526
v -562.277344 161.564697 624.639404
v -521.670288 153.462646 624.639526
v -481.063171 145.582275 624.639526
v -440.455933 137.866089 624.639404
v -399.848724 131.254517 624.639404
v -359.241547 127.359253 624.639404
v -318.634521 123.421753 624.639526
v -278.027313 123.466919 624.639404
v -237.420227 123.451904 624.639526
v -196.812927 124.980835 624.639404
v -156.205765 127.110229 624.639404
v -115.598602 128.977783 624.639404
v -74.991379 130.506104 624.639526
v -34.384281 131.860596 624.639404
v 6.222897 132.239014 624.639526
v 46.830059 132.617310 624.639404
v 87.437256 130.011963 624.639404
v 128.044464 126.947998 624.639404
v 168.651581 122.644287 624.639526
v 209.258713 117.450439 624.639404
v 249.865936 111.784424 624.639404
v 290.473145 105.003174 624.639526
v 331.080292 98.199829 624.639526
v 371.687439 89.727173 624.639404
v 412.294556 81.254272 624.639404
v 452.901917 74.582275 624.639526
v 493.508972 68.580322 624.639526
v 534.116150 63.036377 624.639526
v 574.723328 58.065674 624.639526
v 615.330505 53.656860 624.639526
v 655.937622 52.203247 624.639526
v 696.544800 50.749146 624.639404
v 737.151978 50.372925 624.639526
v 777.759155 50.150513 624.639404
v 818.366272 50.865845 624.639404
v 858.973511 52.230835 624.639526
v 899.580627 54.534546 624.639526
v 940.187866 58.964111 624.639404
v 980.795044 63.329712 624.639526
v 1021.402283 64.858154 624.639526
v 1062.009521 66.386475 624.639526
v 1102.616577 65.825073 624.639526
v 1143.223755 64.519287 624.639404
v 1183.830811 62.837158 624.639404
v 1224.438232 60.700439 624.639526
v 1265.045166 58.693604 624.639404
v -1252.599365 144.965942 593.586853
v -1211.992310 140.598022 593.586914
v -1171.385132 135.570923 593.586914
v -1130.777954 133.311890 593.586853
v -1090.170776 133.184814 593.586914
v -1049.563599 134.978394 593.586914
v -1008.956421 141.699829 593.586914
v -968.349121 148.421265 593.586914
v -927.742126 152.723511 593.586914
v -887.134827 157.015869 593.586914
v -846.527649 162.995972 593.586914
v -805.920654 169.660767 593.586914
v -765.313354 175.137573 593.586914
v -724.706116 179.020752 593.586914
v -684.099060 181.674072 593.586914
v -643.491821 176.929321 593.586792
v -602.884644 172.184448 593.586914
v -562.277588 164.968140 593.586914
v -521.670288 157.343018 593.586914
v -481.063110 149.734009 593.586914
v -440.456055 142.137329 593.586914
v -399.848785 135.989380 593.586914
v -359.241638 133.405029 593.586914
v -318.634521 130.841064 593.586914
v -278.027283 132.733032 593.586914
v -237.420135 134.624390 593.586914
v -196.813004 137.116455 593.586914
v -156.205780 139.841431 593.586914
v -115.598633 142.252686 593.586792
v -74.991516 144.257690 593.586914
v -34.384342 146.107056 593.586914
v 6.222958 147.081177 593.586914
v 46.830059 148.055298 593.586914
v 87.437302 145.529541 593.586914
v 128.044403 142.465454 593.586853
v 168.651520 137.814697 593.586914
v 209.258698 132.025513 593.586914
v 249.865952 125.799072 593.586914
v 290.473083 118.541138 593.586914
v 331.080322 111.252808 593.586914
v 371.687439 101.707642 593.586914
v 412.294586 92.162354 593.586914
v 452.901794 83.636108 593.586914
v 493.508972 75.489502 593.586914
v 534.116028 68.276978 593.586914
v 574.723267 62.233643 593.586914
v 615.330444 56.447876 593.586914
v 655.937561 52.014526 593.586792
v 696.544861 47.581421 593.586914
v 737.151917 47.251099 593.586914
v 777.759216 47.505127 593.586914
v 818.366333 48.627075 593.586914
v 858.973572 50.349731 593.586914
v 899.580627 53.010864 593.586914
v 940.187866 57.797974 593.586914
v 980.795044 62.523804 593.586853
v 1021.402161 64.528564 593.586914
v 1062.009277 66.533569 593.586792
v 1102.616577 65.394165 593.586914
v 1143.223755 63.135132 593.586914
v 1183.830933 61.093506 593.586914
v 1224.438110 59.314087 593.586914
v 1265.045166 57.544678 593.586914
v -1252.599487 139.123291 562.534424
v -1211.992310 135.589722 562.534302
v -1171.385132 131.396729 562.534363
v -1130.777954 129.365967 562.534424
v -1090.170776 129.000732 562.534302
v -1049.563599 130.589233 562.534424
v -1008.956421 137.191650 562.534302
v -968.349182 143.793823 562.534424
v -927.742126 149.163452 562.534424
v -887.134888 154.528564 562.534424
v -846.527710 161.181030 562.534302
v -805.920532 168.502563 562.534424
v -765.313232 174.626343 562.534302
v -724.706177 179.224243 562.534302
v -684.099121 182.626587 562.534363
v -643.491882 178.835205 562.534302
v -602.884766 175.043701 562.534424
v -562.277405 168.371704 562.534424
v -521.670349 161.223267 562.534424
v -481.063141 153.885864 562.534302
v -440.455933 146.408081 562.534424
v -399.848846 140.724243 562.534363
v -359.241730 139.450439 562.534424
v -318.634583 138.140015 562.534424
v -278.027405 141.998657 562.534424
v -237.420166 145.797119 562.534424
v -196.812927 149.251587 562.534424
v -156.205811 152.572510 562.534302
v -115.598541 155.527954 562.534424
v -74.991470 158.009399 562.534424
v -34.384266 160.353271 562.534424
v 6.222897 161.923218 562.534485
v 46.830166 163.493408 562.534424
v 87.437210 161.046997 562.534424
v 128.044373 157.982666 562.534424
v 168.651581 152.985229 562.534363
v 209.258759 146.600220 562.534424
v 249.865906 139.813232 562.534424
v 290.473145 132.078735 562.534424
v 331.080322 124.305908 562.534302
v 371.687439 113.688354 562.534424
v 412.294586 103.070557 562.534302
v 452.901764 92.690308 562.534363
v 493.508911 82.398193 562.534302
v 534.116211 73.517456 562.534424
v 574.723328 66.401489 562.534363
v 615.330505 59.238525 562.534424
v 655.937683 51.825928 562.534424
v 696.544922 44.413696 562.534424
v 737.151917 44.129517 562.534302
v 777.759094 44.859985 562.534302
v 818.366455 46.387939 562.534363
v 858.973389 48.468140 562.534363
v 899.580811 51.487427 562.534424
v 940.187927 56.631226 562.534424
v 980.794983 61.717407 562.534424
v 1021.402100 64.198975 562.534363
v 1062.009277 66.680542 562.534302
v 1102.616699 64.963501 562.534424
v 1143.223755 61.751099 562.534424
v 1183.830811 59.349854 562.534363
v 1224.438110 57.927979 562.534363
v 1265.045166 56.395264 562.534424
v -1252.599365 133.557861 531.481812
v -1211.992310 131.052612 531.481873
v -1171.385254 128.026001 531.481873
v -1130.777832 126.789673 531.481934
v -1090.170776 126.932861 531.481812
v -1049.563599 128.970337 531.481812
v -1008.956421 135.868408 531.481812
v -968.349304 142.766235 531.481812
v -927.742126 148.874878 531.481873
v -887.134888 154.980591 531.481812
v -846.527710 162.095459 531.481873
v -805.920593 169.619995 531.481812
v -765.313354 175.987549 531.481873
v -724.706055 180.802490 531.481812
v -684.098938 184.444092 531.481812
v -643.491821 181.025513 531.481812
v -602.884644 177.606323 531.481873
v -562.277588 171.111450 531.481812
v -521.670349 164.107666 531.481812
v -481.063141 157.376343 531.481812
v -440.455994 150.847534 531.481812
v -399.848816 146.409058 531.481812
v -359.241699 147.110107 531.481812
v -318.634430 147.831909 531.481812
v -278.027252 153.038940 531.481812
v -237.420105 158.246338 531.481812
v -196.812973 162.763306 531.481934
v -156.205765 167.011963 531.481812
v -115.598572 170.734619 531.481812
v -74.991394 173.776001 531.481934
v -34.384296 176.546997 531.481812
v 6.222866 177.800049 531.481873
v 46.830105 179.053101 531.481812
v 87.437256 176.636353 531.481873
v 128.044388 173.655518 531.481812
v 168.651672 168.490112 531.481812
v 209.258728 161.758179 531.481934
v 249.865906 154.487427 531.481812
v 290.473083 145.943970 531.481812
v 331.080261 137.360596 531.481812
v 371.687439 125.752808 531.481934
v 412.294586 114.145752 531.481812
v 452.901825 102.719971 531.481812
v 493.508911 91.361572 531.481750
v 534.116089 81.043213 531.481812
v 574.723267 72.024780 531.481812
v 615.330566 62.999390 531.481934
v 655.937622 53.935669 531.481812
v 696.544922 44.871826 531.481934
v 737.151978 43.491455 531.481812
v 777.759155 43.204956 531.481812
v 818.366394 44.381226 531.481934
v 858.973511 46.569946 531.481934
v 899.580566 49.824463 531.481812
v 940.187927 55.492432 531.481812
v 980.795044 61.094971 531.481812
v 1021.402161 63.804565 531.481812
v 1062.009399 66.513916 531.481812
v 1102.616577 64.826782 531.481812
v 1143.223633 61.573608 531.481812
v 1183.830933 59.086548 531.481934
v 1224.438110 57.524292 531.481873
v 1265.045166 55.842896 531.481750
v -1252.599365 128.113159 500.429260
v -1211.992310 126.721313 500.429230
v -1171.385132 125.005249 500.429260
v -1130.777832 124.810913 500.429260
v -1090.170776 125.788330 500.429321
v -1049.563599 128.559448 500.429291
v -1008.956299 135.934204 500.429291
v -968.349365 143.308838 500.429321
v -927.742188 150.012939 500.429260
v -887.134827 156.714111 500.429230
v -846.527771 164.085815 500.429321
v -805.920593 171.729614 500.429260
v -765.313354 178.165283 500.429230
v -724.706299 182.980591 500.429260
v -684.098999 186.638916 500.429321
v -643.491821 183.339233 500.429230
v -602.884705 180.039429 500.429230
v -562.277466 173.561401 500.429230
v -521.670349 166.557983 500.429260
v -481.063141 160.578369 500.429291
v -440.455933 155.360596 500.429260
v -399.848755 152.508057 500.429230
v -359.241638 155.473389 500.429230
v -318.634521 158.454712 500.429260
v -278.027283 164.853394 500.429260
v -237.420166 171.252319 500.429321
v -196.812958 176.875244 500.429291
v -156.205826 182.196533 500.429291
v -115.598618 186.783936 500.429230
v -74.991394 190.421143 500.429352
v -34.384312 193.527588 500.429199
v 6.222866 194.127686 500.429291
v 46.830059 194.665649 500.429321
v 87.437225 192.257202 500.429352
v 128.044373 189.395142 500.429230
v 168.651596 184.141235 500.429352
v 209.258759 177.171143 500.429321
v 249.865906 169.448486 500.429291
v 290.473083 159.952026 500.429260
v 331.080353 150.414917 500.429260
v 371.687469 137.854614 500.429230
v 412.294617 125.293823 500.429260
v 452.901855 113.175171 500.429260
v 493.508911 101.221069 500.429291
v 534.116028 89.565674 500.429260
v 574.723267 78.282959 500.429260
v 615.330688 67.183838 500.429382
v 655.937622 57.047485 500.429260
v 696.544739 46.911255 500.429291
v 737.151978 43.936768 500.429230
v 777.759033 41.982056 500.429230
v 818.366455 42.475464 500.429321
v 858.973511 44.664307 500.429230
v 899.580688 48.101196 500.429230
v 940.187805 54.364868 500.429260
v 980.795044 60.553101 500.429352
v 1021.402222 63.381958 500.429230
v 1062.009399 66.210571 500.429260
v 1102.616577 64.817993 500.429291
v 1143.223633 61.922607 500.429230
v 1183.831055 59.469360 500.429382
v 1224.438110 57.549438 500.429260
v 1265.045288 55.550415 500.429230
v -1252.599365 122.668213 469.376740
v -1211.992310 122.390015 469.376770
v -1171.385010 121.984985 469.376678
v -1130.777954 122.832153 469.376678
v -1090.170776 124.643433 469.376801
v -1049.563721 128.148804 469.376740
v -1008.956421 136.000122 469.376740
v -968.349304 143.851440 469.376801
v -927.742065 151.150635 469.376770
v -887.134949 158.447876 469.376770
v -846.527710 166.076416 469.376740
v -805.920532 173.839111 469.376740
v -765.313416 180.343384 469.376740
v -724.706116 185.158447 469.376740
v -684.099060 188.834229 469.376740
v -643.491821 185.653564 469.376740
v -602.884766 182.472900 469.376740
v -562.277527 176.011841 469.376801
v -521.670288 169.008057 469.376740
v -481.063171 163.780518 469.376709
v -440.455933 159.873291 469.376740
v -399.848816 158.607666 469.376648
v -359.241638 163.837158 469.376770
v -318.634491 169.077271 469.376740
v -278.027283 176.667847 469.376740
v -237.420166 184.258423 469.376801
v -196.813019 190.986938 469.376801
v -156.205765 197.380981 469.376740
v -115.598663 202.833252 469.376801
v -74.991440 207.066284 469.376709
v -34.384342 210.632690 469.376740
v 6.222897 210.455688 469.376801
v 46.830090 210.278687 469.376740
v 87.437271 207.877808 469.376740
v 128.044464 205.135132 469.376801
v 168.651611 199.792358 469.376740
v 209.258835 192.583618 469.376801
v 249.865906 184.409790 469.376770
v 290.473114 173.960083 469.376740
v 331.080261 163.469971 469.376740
v 371.687439 149.955811 469.376770
v 412.294617 136.442017 469.376740
v 452.901672 123.630493 469.376740
v 493.508972 111.080322 469.376709
v 534.116089 98.087646 469.376709
v 574.723328 84.541260 469.376740
v 615.330444 71.368408 469.376740
v 655.937744 60.159424 469.376740
v 696.544922 48.950439 469.376740
v 737.151978 44.382080 469.376740
v 777.759155 40.759033 469.376740
v 818.366394 40.569946 469.376770
v 858.973511 42.758545 469.376678
v 899.580688 46.378174 469.376801
v 940.187927 53.237549 469.376740
v 980.795044 60.011597 469.376801
v 1021.402161 62.959229 469.376770
v 1062.009399 65.906982 469.376770
v 1102.616577 64.809326 469.376770
v 1143.223877 62.271240 469.376831
v 1183.830933 59.851807 469.376709
v 1224.438110 57.574463 469.376770
v 1265.045288 55.258057 469.376740
v -1252.599487 117.291260 438.324219
v -1211.992188 118.113647 438.324188
v -1171.385132 119.003174 438.324249
v -1130.777954 120.888916 438.324158
v -1090.170654 123.543091 438.324097
v -1049.563477 127.784302 438.324158
v -1008.956421 136.098511 438.324219
v -968.349243 144.412720 438.324219
v -927.742126 152.307495 438.324219
v -887.134888 160.200439 438.324219
v -846.527710 168.087524 438.324188
v -805.920532 175.972290 438.324249
v -765.313354 182.545166 438.324158
v -724.706238 187.357666 438.324219
v -684.098999 191.046509 438.324219
v -643.491821 187.976807 438.324188
v -602.884644 184.907349 438.324188
v -562.277466 178.454834 438.324249
v -521.670288 171.442749 438.324219
v -481.063171 166.971436 438.324158
v -440.456055 164.388916 438.324219
v -399.848755 164.715210 438.324249
v -359.241577 172.195190 438.324158
v -318.634521 179.681274 438.324188
v -278.027222 188.468994 438.324249
v -237.420166 197.256714 438.324249
v -196.812973 205.076904 438.324188
v -156.205719 212.521118 438.324188
v -115.598663 218.805542 438.324097
v -74.991425 223.588257 438.324249
v -34.384281 227.515259 438.324249
v 6.222897 226.645874 438.324127
v 46.830059 225.775757 438.324249
v 87.437225 223.390259 438.324249
v 128.044342 220.772339 438.324097
v 168.651566 215.355835 438.324188
v 209.258774 207.930542 438.324188
v 249.865967 199.327759 438.324219
v 290.473022 187.946533 438.324219
v 331.080322 176.524536 438.324188
v 371.687439 162.065308 438.324188
v 412.294586 147.606567 438.324219
v 452.901825 134.092529 438.324188
v 493.508911 120.929932 438.324188
v 534.116089 106.607056 438.324249
v 574.723328 90.831909 438.324249
v 615.330566 75.614136 438.324249
v 655.937622 63.324585 438.324188
v 696.544922 51.034790 438.324280
v 737.152100 44.878540 438.324219
v 777.759216 39.595581 438.324219
v 818.366211 38.709106 438.324188
v 858.973511 40.867798 438.324188
v 899.580688 44.639526 438.324127
v 940.187866 52.064819 438.324280
v 980.795044 59.394165 438.324249
v 1021.402222 62.458374 438.324249
v 1062.009277 65.522583 438.324219
v 1102.616455 64.727173 438.324158
v 1143.223633 62.558228 438.324249
v 1183.831055 60.190063 438.324310
v 1224.438110 57.583130 438.324249
v 1265.045288 54.972046 438.324219
v -1252.599487 114.787354 407.271637
v -1211.992188 116.169800 407.271667
v -1171.385132 117.654907 407.271667
v -1130.777954 120.473267 407.271667
v -1090.170898 124.318970 407.271637
v -1049.563477 129.384399 407.271667
v -1008.956421 137.579346 407.271698
v -968.349060 145.774292 407.271698
v -927.742126 154.261963 407.271637
v -887.134827 162.750854 407.271576
v -846.527771 170.979614 407.271637
v -805.920532 179.102661 407.271698
v -765.313416 185.761108 407.271698
v -724.706177 190.454346 407.271759
v -684.098938 194.007080 407.271637
v -643.491760 190.698975 407.271637
v -602.884644 187.390991 407.271606
v -562.277466 180.598267 407.271667
v -521.670288 173.228760 407.271637
v -481.063171 169.698486 407.271637
v -440.455994 169.022583 407.271698
v -399.848816 171.186890 407.271729
v -359.241608 180.335205 407.271637
v -318.634460 189.488403 407.271637
v -278.027252 199.706299 407.271637
v -237.420105 209.861206 407.271698
v -196.812958 218.230103 407.271637
v -156.205856 225.793579 407.271698
v -115.598709 231.522339 407.271637
v -74.991486 234.874390 407.271698
v -34.384251 237.624390 407.271667
v 6.222912 236.992554 407.271698
v 46.830044 236.360962 407.271667
v 87.437210 234.317749 407.271698
v 128.044449 232.057007 407.271545
v 168.651627 227.205688 407.271729
v 209.258728 220.495728 407.271637
v 249.865891 212.394897 407.271637
v 290.473053 201.013916 407.271637
v 331.080200 189.584229 407.271606
v 371.687500 174.529053 407.271637
v 412.294617 159.474243 407.271698
v 452.901794 144.843384 407.271637
v 493.508972 130.369995 407.271637
v 534.116089 115.000854 407.271637
v 574.723267 98.510986 407.271637
v 615.330444 82.463989 407.271606
v 655.937622 68.744019 407.271667
v 696.544922 55.024536 407.271667
v 737.151978 47.542236 407.271729
v 777.759155 40.948608 407.271667
v 818.366394 38.751343 407.271667
v 858.973572 39.598877 407.271637
v 899.580688 42.242798 407.271545
v 940.187988 48.952759 407.271667
v 980.795044 55.582886 407.271759
v 1021.402161 58.646851 407.271637
v 1062.009399 61.711182 407.271637
v 1102.616577 61.531006 407.271667
v 1143.223755 60.195923 407.271667
v 1183.830811 58.662720 407.271606
v 1224.437988 56.889282 407.271637
v 1265.045288 54.952026 407.271667
v -1252.599365 112.283447 376.219086
v -1211.992188 114.225830 376.219086
v -1171.385132 116.306519 376.219086
v -1130.777954 120.057495 376.219086
v -1090.170776 125.094971 376.219147
v -1049.563477 130.984253 376.219086
v -1008.956421 139.060181 376.219147
v -968.349121 147.136108 376.219055
v -927.742126 156.216675 376.219147
v -887.134827 165.301392 376.219116
v -846.527771 173.871338 376.219177
v -805.920532 182.232788 376.219055
v -765.313416 188.976929 376.219116
v -724.706177 193.551147 376.219116
v -684.099060 196.967896 376.219116
v -643.491882 193.421265 376.219147
v -602.884705 189.875244 376.219177
v -562.277466 182.741577 376.219147
v -521.670288 175.014526 376.219086
v -481.063171 172.425415 376.219086
v -440.456055 173.656128 376.219147
v -399.848846 177.658325 376.219147
v -359.241760 188.474976 376.219147
v -318.634460 199.295532 376.219147
v -278.027283 210.942993 376.219055
v -237.420105 222.591187 376.219086
v -196.812943 231.383179 376.219086
v -156.205780 239.065796 376.219086
v -115.598709 244.238892 376.219086
v -74.991394 246.161011 376.219025
v -34.384281 247.733276 376.219147
v 6.222942 247.339722 376.219238
v 46.830105 246.946655 376.219086
v 87.437271 245.244751 376.219055
v 128.044510 243.341431 376.219086
v 168.651550 239.056274 376.219025
v 209.258804 233.060913 376.219086
v 249.865906 225.462280 376.219086
v 290.473022 214.081421 376.219025
v 331.080261 202.643433 376.219086
v 371.687469 186.992798 376.219147
v 412.294708 171.342041 376.219055
v 452.901855 155.594360 376.219086
v 493.508972 139.810181 376.219086
v 534.116089 123.395142 376.219086
v 574.723267 106.189819 376.219177
v 615.330566 89.313232 376.219147
v 655.937622 74.163696 376.219147
v 696.544800 59.014038 376.219116
v 737.152039 50.206177 376.219086
v 777.759094 42.301514 376.219086
v 818.366333 38.793579 376.219025
v 858.973511 38.330322 376.219208
v 899.580688 39.845825 376.219147
v 940.187866 45.840576 376.219086
v 980.794983 51.771729 376.219055
v 1021.402161 54.835571 376.219116
v 1062.009399 57.900024 376.219055
v 1102.616699 58.334839 376.219177
v 1143.223755 57.833740 376.219147
v 1183.831055 57.134399 376.219208
v 1224.438110 56.195557 376.219147
v 1265.045166 54.931885 376.219147
v -1252.599487 109.779541 345.166565
v -1211.992188 112.281860 345.166626
v -1171.385010 114.958374 345.166504
v -1130.777954 119.582031 345.166504
v -1090.170776 125.870728 345.166595
v -1049.563599 132.584229 345.166656
v -1008.956299 140.541260 345.166565
v -968.349243 148.497681 345.166565
v -927.742126 158.171265 345.166626
v -887.134827 167.851807 345.166504
v -846.527710 176.763306 345.166626
v -805.920532 185.363037 345.166473
v -765.313354 192.192993 345.166595
v -724.706177 196.647705 345.166626
v -684.098999 199.928467 345.166565
v -643.491882 196.143799 345.166565
v -602.884644 192.359009 345.166504
v -562.277466 184.885010 345.166565
v -521.670349 176.800415 345.166626
v -481.063110 175.152588 345.166565
v -440.456055 178.289917 345.166626
v -399.848816 184.129761 345.166595
v -359.241638 196.614868 345.166565
v -318.634521 209.102417 345.166565
v -278.027313 222.180298 345.166565
v -237.420105 235.258179 345.166443
v -196.812958 244.536499 345.166565
v -156.205765 252.338257 345.166565
v -115.598633 256.955444 345.166565
v -74.991486 257.447632 345.166626
v -34.384251 257.842163 345.166504
v 6.222897 257.686890 345.166473
v 46.830013 257.532104 345.166565
v 87.437332 256.171753 345.166565
v 128.044434 254.625854 345.166565
v 168.651535 250.906128 345.166565
v 209.258759 245.626343 345.166565
v 249.865860 238.529907 345.166504
v 290.473145 227.148315 345.166565
v 331.080322 215.702759 345.166565
v 371.687439 199.456299 345.166565
v 412.294647 183.209839 345.166565
v 452.901794 166.344971 345.166626
v 493.508972 149.250244 345.166565
v 534.116150 131.788696 345.166565
v 574.723267 113.868774 345.166534
v 615.330383 96.162964 345.166595
v 655.937622 79.583252 345.166595
v 696.544800 63.003662 345.166534
v 737.152039 52.870239 345.166565
v 777.759155 43.654419 345.166626
v 818.366272 38.835571 345.166473
v 858.973633 37.061768 345.166626
v 899.580688 37.448853 345.166473
v 940.187866 42.728760 345.166626
v 980.795166 47.960205 345.166565
v 1021.402222 51.024536 345.166595
v 1062.009399 54.088501 345.166626
v 1102.616577 55.138794 345.166626
v 1143.223633 55.471924 345.166473
v 1183.830811 55.606689 345.166504
v 1224.437988 55.502075 345.166626
v 1265.045288 54.911743 345.166565
v -1252.599487 108.030884 314.114044
v -1211.992432 111.028931 314.114075
v -1171.385132 114.217896 314.114014
v -1130.777954 119.514893 314.114014
v -1090.170898 126.435425 314.114044
v -1049.563599 133.706421 314.114044
v -1008.956299 141.877563 314.113983
v -968.349182 150.048462 314.114075
v -927.742126 160.108765 314.113953
v -887.134888 170.176636 314.114014
v -846.527710 179.310303 314.114075
v -805.920593 188.065063 314.114014
v -765.313354 194.826294 314.114044
v -724.706116 198.911743 314.113983
v -684.099060 201.847412 314.114014
v -643.491882 197.866455 314.114044
v -602.884644 193.885010 314.114075
v -562.277466 186.290649 314.114014
v -521.670349 178.098511 314.114044
v -481.063232 177.355103 314.114075
v -440.455933 182.149292 314.114014
v -399.848694 189.600708 314.114044
v -359.241638 203.587524 314.114014
v -318.634399 217.574585 314.114014
v -278.027344 231.665405 314.114044
v -237.420166 245.756714 314.114044
v -196.812927 254.804077 314.114075
v -156.205734 261.891235 314.114075
v -115.598633 264.992065 314.113953
v -74.991501 262.929077 314.114014
v -34.384220 261.133179 314.114014
v 6.222897 260.841431 314.114044
v 46.830013 260.549683 314.114075
v 87.437271 260.420288 314.114014
v 128.044464 260.316040 314.114014
v 168.651642 258.415405 314.114075
v 209.258789 255.225952 314.113983
v 249.865936 249.597290 314.114014
v 290.473145 238.216187 314.114075
v 331.080261 226.764282 314.114014
v 371.687500 210.047241 314.114014
v 412.294586 193.329712 314.114044
v 452.901764 175.624878 314.113953
v 493.509003 157.552856 314.114075
v 534.116150 139.248901 314.114044
v 574.723267 120.655518 314.114044
v 615.330566 102.222290 314.114075
v 655.937683 84.629272 314.114014
v 696.544800 67.036499 314.114014
v 737.151978 55.702393 314.114014
v 777.759155 45.259033 314.114044
v 818.366333 39.311401 314.113983
v 858.973389 36.476318 314.114044
v 899.580750 35.832275 314.114075
v 940.187927 40.147095 314.113953
v 980.794922 44.431885 314.114075
v 1021.402222 47.370972 314.113983
v 1062.009277 50.310181 314.114014
v 1102.616577 52.004150 314.114014
v 1143.223755 53.254639 314.114044
v 1183.830811 54.174927 314.113953
v 1224.438110 54.696045 314.114044
v 1265.045166 54.620239 314.113983
v -1252.599365 107.686768 283.061462
v -1211.992310 111.060303 283.061584
v -1171.385254 114.606812 283.061462
v -1130.777832 119.924683 283.061401
v -1090.170654 126.606812 283.061432
v -1049.563599 133.940186 283.061584
v -1008.956543 142.945557 283.061462
v -968.349365 151.950806 283.061462
v -927.742188 162.014404 283.061523
v -887.134827 172.082397 283.061554
v -846.527771 181.216064 283.061462
v -805.920471 189.970581 283.061493
v -765.313354 196.375366 283.061462
v -724.706238 199.627197 283.061523
v -684.098999 201.830322 283.061401
v -643.491821 197.730103 283.061462
v -602.884644 193.629517 283.061462
v -562.277405 186.325317 283.061462
v -521.670349 178.490845 283.061462
v -481.063171 178.583130 283.061554
v -440.455933 184.568970 283.061432
v -399.848877 193.212158 283.061462
v -359.241638 208.390503 283.061523
v -318.634399 223.565063 283.061462
v -278.027283 237.894165 283.061462
v -237.420135 252.223511 283.061523
v -196.813004 259.707397 283.061493
v -156.205780 264.530151 283.061554
v -115.598618 264.328491 283.061523
v -74.991409 257.618042 283.061401
v -34.384281 251.751343 283.061462
v 6.222927 250.625366 283.061554
v 46.830074 249.499390 283.061462
v 87.437225 252.253784 283.061523
v 128.044388 255.605103 283.061523
v 168.651657 257.854370 283.061462
v 209.258774 259.312378 283.061462
v 249.865997 256.947876 283.061523
v 290.473083 245.566772 283.061462
v 331.080231 234.111694 283.061554
v 371.687439 217.155884 283.061462
v 412.294617 200.200439 283.061462
v 452.901794 182.170288 283.061462
v 493.508972 163.740479 283.061523
v 534.116089 144.973511 283.061523
v 574.723267 125.784424 283.061462
v 615.330444 106.812134 283.061462
v 655.937622 88.980835 283.061462
v 696.544739 71.150024 283.061493
v 737.151978 58.846924 283.061401
v 777.759155 47.331421 283.061401
v 818.366333 40.535522 283.061462
v 858.973511 37.161865 283.061554
v 899.580750 35.666260 283.061584
v 940.187866 38.551392 283.061554
v 980.795044 41.429443 283.061401
v 1021.402222 43.953491 283.061493
v 1062.009399 46.592651 283.061584
v 1102.616577 48.983643 283.061432
v 1143.223755 51.306763 283.061493
v 1183.830933 52.921631 283.061432
v 1224.438110 53.681274 283.061493
v 1265.045288 53.823486 283.061554
v -1252.599365 107.342896 252.008865
v -1211.992310 111.091431 252.009003
v -1171.385010 114.995728 252.008987
v -1130.777954 120.334595 252.008972
v -1090.170898 126.778198 252.008926
v -1049.563599 134.174438 252.008881
v -1008.956299 144.013550 252.008896
v -968.349304 153.853149 252.008881
v -927.742065 163.920166 252.008942
v -887.134949 173.988037 252.008881
v -846.527832 183.121460 252.008972
v -805.920532 191.876343 252.008942
v -765.313293 197.925049 252.008972
v -724.706299 200.342163 252.008972
v -684.099060 201.813721 252.008942
v -643.491821 197.593994 252.008911
v -602.884705 193.374390 252.008972
v -562.277466 186.359741 252.008972
v -521.670410 178.882935 252.008942
v -481.063202 179.811157 252.009048
v -440.456055 186.988647 252.008957
v -399.848816 196.823486 252.008911
v -359.241577 213.193726 252.008896
v -318.634460 229.555542 252.008881
v -278.027344 244.122925 252.008926
v -237.420166 258.690308 252.008896
v -196.812973 264.610229 252.008896
v -156.205719 267.169312 252.008911
v -115.598541 263.665405 252.008896
v -74.991486 252.307007 252.009003
v -34.384220 242.369019 252.008911
v 6.222897 240.408813 252.008881
v 46.830044 238.448608 252.008972
v 87.437286 244.087280 252.009003
v 128.044388 250.894409 252.008881
v 168.651611 257.293335 252.008957
v 209.258743 263.399048 252.008972
v 249.865982 264.298218 252.008881
v 290.473206 252.916870 252.008942
v 331.080292 241.458862 252.008881
v 371.687439 224.265015 252.008942
v 412.294617 207.070679 252.008911
v 452.901794 188.715698 252.008942
v 493.508911 169.928467 252.008972
v 534.116089 150.697998 252.008972
v 574.723267 130.913208 252.008972
v 615.330444 111.402222 252.008972
v 655.937683 93.332397 252.008972
v 696.544800 75.262939 252.008942
v 737.151978 61.991455 252.008911
v 777.759155 49.403687 252.008972
v 818.366333 41.874146 252.008942
v 858.973511 37.847412 252.008942
v 899.580688 35.500366 252.008881
v 940.187805 36.955322 252.008942
v 980.795166 38.427124 252.008942
v 1021.402222 40.651245 252.008942
v 1062.009399 42.875244 252.008911
v 1102.616699 45.963135 252.008942
v 1143.223633 49.359009 252.008911
v 1183.830933 51.610840 252.008911
v 1224.438110 52.666260 252.009003
v 1265.045288 53.026978 252.008911
v -1252.599487 106.998779 220.956421
v -1211.992310 111.122925 220.956360
v -1171.385132 115.384521 220.956390
v -1130.777954 120.744385 220.956314
v -1090.170776 126.949829 220.956360
v -1049.563599 134.408325 220.956421
v -1008.956421 145.081665 220.956329
v -968.349243 155.755493 220.956375
v -927.742065 165.825806 220.956375
v -887.134827 175.893799 220.956360
v -846.527710 185.027222 220.956467
v -805.920532 193.781982 220.956375
v -765.313354 199.474365 220.956421
v -724.706177 201.057495 220.956360
v -684.098999 201.796631 220.956329
v -643.491821 197.457642 220.956360
v -602.884644 193.118896 220.956421
v -562.277527 186.394165 220.956345
v -521.670288 179.274780 220.956406
v -481.063110 181.039185 220.956436
v -440.455963 189.408447 220.956360
v -399.848877 200.434937 220.956390
v -359.241577 217.996460 220.956390
v -318.634552 235.545532 220.956375
v -278.027313 250.351440 220.956390
v -237.420166 265.157593 220.956375
v -196.813019 269.513550 220.956375
v -156.205811 269.808228 220.956375
v -115.598602 263.001587 220.956345
v -74.991455 246.995728 220.956390
v -34.384251 232.986694 220.956390
v 6.222897 230.192749 220.956390
v 46.830044 227.398315 220.956406
v 87.437286 235.920532 220.956360
v 128.044434 246.183960 220.956406
v 168.651566 256.732300 220.956436
v 209.258759 267.485718 220.956375
v 249.865967 271.648804 220.956390
v 290.473145 260.267456 220.956390
v 331.080261 248.806030 220.956360
v 371.687439 231.373901 220.956390
v 412.294678 213.941284 220.956451
v 452.901855 195.260986 220.956329
v 493.508881 176.116455 220.956421
v 534.116211 156.422485 220.956390
v 574.723267 136.041626 220.956360
v 615.330444 115.992065 220.956421
v 655.937561 97.684204 220.956360
v 696.544800 79.376221 220.956360
v 737.151978 65.136353 220.956390
v 777.759155 51.475708 220.956390
v 818.366333 43.155518 220.956329
v 858.973450 38.533081 220.956390
v 899.580688 35.334595 220.956360
v 940.187866 35.359497 220.956360
v 980.795044 35.424561 220.956390
v 1021.402283 37.291260 220.956390
v 1062.009399 39.157837 220.956421
v 1102.616577 42.942749 220.956390
v 1143.223755 47.353271 220.956299
v 1183.830933 50.415283 220.956390
v 1224.437988 51.651123 220.956329
v 1265.045288 52.230225 220.956360
v -1252.599487 107.919678 189.903854
v -1211.992188 112.443481 189.903809
v -1171.385254 117.062744 189.903854
v -1130.777710 122.807861 189.903824
v -1090.170776 129.419556 189.903809
v -1049.563599 137.201294 189.903854
v -1008.956421 147.983521 189.903885
v -968.349304 158.765381 189.903870
v -927.742065 168.274292 189.903793
v -887.134888 177.778076 189.903839
v -846.527771 186.117798 189.903870
v -805.920532 193.985718 189.903839
v -765.313416 198.607300 189.903870
v -724.706238 198.872681 189.903885
v -684.099121 198.475952 189.903793
v -643.491821 194.098877 189.903839
v -602.884644 189.721313 189.903809
v -562.277466 183.851440 189.903839
v -521.670349 177.734131 189.903854
v -481.063202 180.516846 189.903824
v -440.455933 189.916626 189.903793
v -399.848785 201.787354 189.903900
v -359.241699 219.734741 189.903854
v -318.634460 237.666870 189.903793
v -278.027283 252.389038 189.903900
v -237.420227 267.110718 189.903870
v -196.812958 270.219116 189.903793
v -156.205795 268.813843 189.903885
v -115.598663 259.936157 189.903854
v -74.991394 241.378784 189.903793
v -34.384342 225.139038 189.903900
v 6.222897 221.913696 189.903885
v 46.830105 218.688354 189.903885
v 87.437286 228.960571 189.903854
v 128.044403 241.308960 189.903870
v 168.651489 254.590210 189.903793
v 209.258743 268.538940 189.903778
v 249.866013 275.139526 189.903870
v 290.473022 264.402954 189.903839
v 331.080200 253.568726 189.903809
v 371.687469 235.413940 189.903870
v 412.294586 217.260132 189.903900
v 452.901825 198.593140 189.903870
v 493.509033 179.735718 189.903839
v 534.116089 160.295166 189.903870
v 574.723267 140.124634 189.903809
v 615.330444 120.213623 189.903809
v 655.937622 101.667358 189.903839
v 696.544922 83.121338 189.903809
v 737.152100 67.771729 189.903870
v 777.759216 52.877563 189.903809
v 818.366333 44.081177 189.903839
v 858.973450 39.507935 189.903870
v 899.580627 36.028564 189.903839
v 940.187866 35.026611 189.903809
v 980.795105 34.077881 189.903870
v 1021.402222 35.506470 189.903809
v 1062.009399 36.934814 189.903900
v 1102.616577 40.801147 189.903870
v 1143.223755 45.535767 189.903870
v 1183.831055 48.830322 189.903931
v 1224.437988 50.385376 189.903839
v 1265.045166 51.290283 189.903778
v -1252.599365 109.445557 158.851273
v -1211.992310 114.380493 158.851227
v -1171.385010 119.357300 158.851196
v -1130.778076 125.661743 158.851364
v -1090.170776 132.988647 158.851288
v -1049.563477 141.217896 158.851318
v -1008.956299 151.761841 158.851273
v -968.349121 162.305786 158.851318
v -927.742126 170.982666 158.851257
v -887.134827 179.651978 158.851349
v -846.527710 186.818604 158.851288
v -805.920532 193.375732 158.851288
v -765.313354 196.584717 158.851288
v -724.706299 195.300659 158.851364
v -684.099060 193.575806 158.851288
v -643.491882 189.198608 158.851334
v -602.884644 184.820923 158.851257
v -562.277466 180.075806 158.851303
v -521.670349 175.269775 158.851288
v -481.063232 179.158325 158.851364
v -440.456116 189.511108 158.851364
v -399.848877 202.059692 158.851364
v -359.241638 220.006714 158.851212
v -318.634491 237.937866 158.851379
v -278.027344 252.421509 158.851395
v -237.420105 266.904907 158.851288
v -196.812958 268.916870 158.851349
v -156.205750 266.081909 158.851288
v -115.598633 255.722290 158.851288
v -74.991486 235.615601 158.851196
v -34.384312 218.024780 158.851288
v 6.222927 214.560913 158.851227
v 46.830074 211.097534 158.851349
v 87.437225 222.577026 158.851273
v 128.044403 236.355835 158.851288
v 168.651581 251.691284 158.851288
v 209.258728 268.143433 158.851379
v 249.865936 276.784546 158.851288
v 290.473083 267.001831 158.851349
v 331.080261 257.095093 158.851379
v 371.687439 237.987671 158.851257
v 412.294678 218.879272 158.851349
v 452.901825 200.388550 158.851288
v 493.508911 182.127197 158.851318
v 534.116150 163.281982 158.851288
v 574.723267 143.707642 158.851288
v 615.330444 124.259033 158.851288
v 655.937622 105.474854 158.851318
v 696.544861 86.690063 158.851257
v 737.151978 70.163452 158.851318
v 777.759216 53.958130 158.851288
v 818.366333 44.836670 158.851257
v 858.973511 40.621216 158.851196
v 899.580688 37.134521 158.851349
v 940.187866 35.298096 158.851318
v 980.794922 33.523315 158.851257
v 1021.402161 34.474854 158.851318
v 1062.009399 35.426636 158.851288
v 1102.616577 39.079834 158.851288
v 1143.223755 43.695190 158.851379
v 1183.830933 47.086304 158.851196
v 1224.438110 48.998901 158.851379
v 1265.045166 50.281616 158.851288
v -1252.599609 110.911743 127.798767
v -1211.992310 116.317627 127.798767
v -1171.385132 121.651978 127.798714
v -1130.777832 128.515869 127.798798
v -1090.170898 136.557861 127.798767
v -1049.563599 145.234619 127.798790
v -1008.956299 155.540283 127.798737
v -968.349243 165.845581 127.798767
v -927.742126 173.690796 127.798737
v -887.134888 181.526001 127.798729
v -846.527649 187.519409 127.798828
v -805.920532 192.765747 127.798790
v -765.313293 194.561890 127.798820
v -724.706238 191.728760 127.798813
v -684.098999 188.675415 127.798820
v -643.491821 184.298096 127.798790
v -602.884705 179.920776 127.798828
v -562.277527 176.300171 127.798782
v -521.670410 172.805054 127.798782
v -481.063171 177.799194 127.798721
v -440.455963 189.105713 127.798798
v -399.848816 202.331787 127.798752
v -359.241638 220.278931 127.798782
v -318.634460 238.209351 127.798721
v -278.027283 252.454468 127.798691
v -237.420105 266.699585 127.798767
v -196.813019 267.614868 127.798767
v -156.205780 263.349976 127.798706
v -115.598602 251.508423 127.798767
v -74.991455 229.852417 127.798767
v -34.384190 210.910767 127.798767
v 6.222897 207.208618 127.798798
v 46.830044 203.506592 127.798737
v 87.437286 216.193970 127.798767
v 128.044495 231.402710 127.798767
v 168.651611 248.792358 127.798767
v 209.258759 267.746948 127.798706
v 249.865906 278.429321 127.798798
v 290.473114 269.599976 127.798706
v 331.080261 260.621460 127.798798
v 371.687378 240.560425 127.798798
v 412.294617 220.499390 127.798737
v 452.901764 202.184204 127.798798
v 493.508942 184.518311 127.798798
v 534.116150 166.269165 127.798798
v 574.723328 147.290649 127.798798
v 615.330444 128.304565 127.798828
v 655.937622 109.281616 127.798798
v 696.544739 90.258911 127.798828
v 737.152039 72.554932 127.798828
v 777.759155 55.038940 127.798767
v 818.366333 45.592529 127.798737
v 858.973450 41.734497 127.798828
v 899.580688 38.239990 127.798706
v 940.187866 35.569580 127.798737
v 980.794983 32.968018 127.798767
v 1021.402222 33.443481 127.798767
v 1062.009399 33.918213 127.798798
v 1102.616577 37.358643 127.798767
v 1143.223755 41.854736 127.798737
v 1183.830933 45.342529 127.798767
v 1224.438110 47.612915 127.798798
v 1265.045288 49.273071 127.798706
v -1252.599487 112.503174 96.746170
v -1211.992432 118.259521 96.746254
v -1171.385254 123.949829 96.746185
v -1130.777832 131.369751 96.746231
v -1090.170898 140.122314 96.746216
v -1049.563599 149.242432 96.746201
v -1008.956421 159.306274 96.746231
v -968.349243 169.369873 96.746231
v -927.742126 176.380615 96.746231
v -887.134888 183.379150 96.746208
v -846.527710 188.198120 96.746262
v -805.920654 192.133667 96.746223
v -765.313477 192.519897 96.746239
v -724.706238 188.143799 96.746223
v -684.099121 183.767456 96.746254
v -643.491943 179.391235 96.746201
v -602.884766 175.015015 96.746246
v -562.277588 172.517822 96.746201
v -521.670349 170.331421 96.746201
v -481.063232 176.429443 96.746246
v -440.455933 188.686768 96.746216
v -399.848816 202.589111 96.746201
v -359.241699 220.535522 96.746277
v -318.634460 238.463745 96.746185
v -278.027344 252.468384 96.746185
v -237.420197 266.473022 96.746246
v -196.812988 266.302124 96.746216
v -156.205811 260.621948 96.746216
v -115.598694 247.314087 96.746201
v -74.991333 224.126343 96.746216
v -34.384312 203.847900 96.746262
v 6.222927 199.910522 96.746246
v 46.830044 195.973267 96.746246
v 87.437225 209.863159 96.746216
v 128.044495 226.495728 96.746216
v 168.651611 245.925415 96.746216
v 209.258759 267.362915 96.746216
v 249.866028 280.070190 96.746246
v 290.473083 272.185425 96.746216
v 331.080322 264.127319 96.746185
v 371.687592 243.117554 96.746277
v 412.294647 222.108765 96.746216
v 452.901794 203.967651 96.746216
v 493.509094 186.893433 96.746246
v 534.116089 169.236938 96.746185
v 574.723267 150.851685 96.746216
v 615.330566 132.326904 96.746246
v 655.937683 113.069580 96.746216
v 696.544922 93.812134 96.746216
v 737.152100 74.936890 96.746216
v 777.759155 56.116333 96.746246
v 818.366333 46.344971 96.746246
v 858.973511 42.839722 96.746246
v 899.580688 39.336548 96.746216
v 940.187927 35.836304 96.746155
v 980.795105 32.413330 96.746246
v 1021.402222 32.411743 96.746216
v 1062.009399 32.410034 96.746185
v 1102.616577 35.636841 96.746185
v 1143.223755 40.012939 96.746216
v 1183.830933 43.597290 96.746185
v 1224.438110 46.224731 96.746216
v 1265.045166 48.262451 96.746185
v -1252.599487 116.006470 65.693672
v -1211.992310 121.697510 65.693680
v -1171.385132 127.268677 65.693741
v -1130.777954 134.232788 65.693665
v -1090.170654 142.270142 65.693611
v -1049.563721 150.508179 65.693680
v -1008.956299 159.261108 65.693649
v -968.349243 168.013916 65.693726
v -927.742065 173.358032 65.693687
v -887.134827 178.688110 65.693665
v -846.527649 182.093140 65.693611
v -805.920532 184.717651 65.693642
v -765.313293 184.505615 65.693604
v -724.706299 180.486938 65.693665
v -684.099060 176.468140 65.693634
v -643.491821 172.449463 65.693634
v -602.884583 168.430786 65.693665
v -562.277405 166.597534 65.693710
v -521.670349 165.126221 65.693634
v -481.063202 171.665894 65.693695
v -440.455994 184.161743 65.693665
v -399.848816 198.164307 65.693726
v -359.241577 215.872437 65.693726
v -318.634460 233.559448 65.693726
v -278.027283 246.730103 65.693695
v -237.420135 259.901001 65.693649
v -196.812927 261.727417 65.693710
v -156.205811 259.145386 65.693710
v -115.598602 249.195679 65.693710
v -74.991425 229.701782 65.693695
v -34.384220 212.604858 65.693680
v 6.222897 209.445190 65.693695
v 46.830074 206.222900 65.693680
v 87.437195 219.795288 65.693680
v 128.044403 235.951050 65.693619
v 168.651642 253.030640 65.693710
v 209.258759 270.773804 65.693665
v 249.865936 280.390015 65.693634
v 290.473053 270.837524 65.693695
v 331.080200 261.141968 65.693695
v 371.687347 240.848022 65.693665
v 412.294617 220.553589 65.693726
v 452.901733 202.085327 65.693634
v 493.509003 184.296143 65.693726
v 534.116150 166.189209 65.693726
v 574.723267 147.685181 65.693695
v 615.330444 129.212524 65.693665
v 655.937622 110.908569 65.693634
v 696.544800 92.604370 65.693665
v 737.151978 74.369507 65.693665
v 777.759094 56.144775 65.693604
v 818.366333 46.053833 65.693634
v 858.973450 41.595459 65.693634
v 899.580688 37.613525 65.693695
v 940.187866 34.709229 65.693665
v 980.795044 31.858521 65.693665
v 1021.402222 31.380493 65.693695
v 1062.009521 30.901978 65.693634
v 1102.616577 33.739624 65.693634
v 1143.223755 37.758423 65.693695
v 1183.830688 41.308838 65.693726
v 1224.438110 44.294067 65.693695
v 1265.045288 46.689209 65.693726
v -1252.599487 119.509888 34.641083
v -1211.992432 125.135376 34.641113
v -1171.385132 130.587158 34.641190
v -1130.777954 137.095825 34.641098
v -1090.170776 144.418091 34.641068
v -1049.563721 151.774048 34.641113
v -1008.956299 159.216064 34.641136
v -968.349182 166.658081 34.641129
v -927.742188 170.335205 34.641167
v -887.134888 173.996704 34.641113
v -846.527649 175.987915 34.641113
v -805.920532 177.301636 34.641136
v -765.313416 176.490967 34.641083
v -724.706299 172.829834 34.641075
v -684.099121 169.168579 34.641197
v -643.491882 165.507446 34.641068
v -602.884705 161.846313 34.641068
v -562.277466 160.677612 34.641113
v -521.670349 159.921143 34.641083
v -481.063171 166.902466 34.641083
v -440.456055 179.636353 34.641144
v -399.848846 193.739502 34.641205
v -359.241699 211.209351 34.641159
v -318.634460 228.655640 34.641113
v -278.027283 240.992065 34.641098
v -237.420074 253.328491 34.641083
v -196.812988 257.152954 34.641159
v -156.205780 257.669312 34.641159
v -115.598541 251.077515 34.641174
v -74.991425 235.277710 34.641083
v -34.384220 221.487183 34.641113
v 6.222958 218.979858 34.641144
v 46.830074 216.472534 34.641083
v 87.437225 229.727173 34.641098
v 128.044434 245.406616 34.641113
v 168.651611 260.136108 34.641098
v 209.258759 274.184937 34.641144
v 249.865906 280.710327 34.641113
v 290.473022 269.488647 34.641129
v 331.080200 258.156860 34.641144
v 371.687500 238.577515 34.641144
v 412.294739 218.998413 34.641144
v 452.901855 200.203003 34.641174
v 493.508911 181.698975 34.641113
v 534.116150 163.141846 34.641113
v 574.723389 144.518188 34.641113
v 615.330444 126.097900 34.641113
v 655.937622 108.747314 34.641113
v 696.544861 91.396606 34.641113
v 737.151978 73.802368 34.641113
v 777.759155 56.173096 34.641083
v 818.366333 45.762939 34.641113
v 858.973450 40.351196 34.641174
v 899.580688 35.890381 34.641113
v 940.187988 33.582153 34.641144
v 980.794983 31.303345 34.641144
v 1021.402161 30.348755 34.641113
v 1062.009521 29.393677 34.641144
v 1102.616577 31.842896 34.641113
v 1143.223755 35.504028 34.641113
v 1183.830933 39.020752 34.641113
v 1224.438110 42.363403 34.641083
v 1265.045288 45.116089 34.641113
v -1252.599365 123.012939 3.588631
v -1211.992310 128.572998 3.588623
v -1171.385254 133.905884 3.588562
v -1130.777954 139.958618 3.588608
v -1090.170654 146.565796 3.588608
v -1049.563599 153.039673 3.588516
v -1008.956299 159.171143 3.588593
v -968.349243 165.302368 3.588585
v -927.742065 167.312256 3.588593
v -887.134827 169.305542 3.588615
v -846.527710 169.882690 3.588623
v -805.920593 169.885620 3.588585
v -765.313354 168.476440 3.588593
v -724.706177 165.173096 3.588562
v -684.098999 161.869385 3.588593
v -643.491821 158.565674 3.588562
v -602.884766 155.261963 3.588608
v -562.277588 154.757446 3.588638
v -521.670410 154.716064 3.588577
v -481.063171 162.138916 3.588577
v -440.455933 175.111450 3.588608
v -399.848816 189.314697 3.588501
v -359.241699 206.546265 3.588486
v -318.634399 223.751343 3.588577
v -278.027252 235.253784 3.588547
v -237.420227 246.756226 3.588577
v -196.812897 252.578491 3.588608
v -156.205780 256.192749 3.588562
v -115.598663 252.958862 3.588593
v -74.991425 240.853394 3.588623
v -34.384251 230.307007 3.588531
v 6.222866 228.514526 3.588593
v 46.830044 226.722290 3.588501
v 87.437286 239.658813 3.588623
v 128.044373 254.861206 3.588547
v 168.651520 267.241577 3.588608
v 209.258743 277.596069 3.588577
v 249.866013 281.029907 3.588577
v 290.473053 268.140503 3.588608
v 331.080200 255.171509 3.588593
v 371.687531 236.307495 3.588486
v 412.294586 217.443726 3.588531
v 452.901825 198.320557 3.588593
v 493.509033 179.101807 3.588562
v 534.116150 160.094360 3.588501
v 574.723328 141.351318 3.588593
v 615.330566 122.983276 3.588623
v 655.937561 106.586182 3.588562
v 696.544922 90.188843 3.588593
v 737.152039 73.234985 3.588593
v 777.759216 56.201782 3.588562
v 818.366333 45.471924 3.588593
v 858.973511 39.049316 3.588654
v 899.580566 34.167236 3.588593
v 940.187866 32.454712 3.588593
v 980.795044 30.748413 3.588623
v 1021.402222 29.317017 3.588623
v 1062.009399 27.885376 3.588562
v 1102.616577 29.945557 3.588562
v 1143.223755 33.249268 3.588593
v 1183.830933 36.732666 3.588623
v 1224.437988 40.432739 3.588623
v 1265.045288 43.542847 3.588531
v -1252.599609 126.102417 -27.463989
v -1211.992188 131.394897 -27.463974
v -1171.385132 136.411743 -27.463898
v -1130.777832 141.745483 -27.463989
v -1090.170776 147.323486 -27.463943
v -1049.563599 152.644775 -27.463959
v -1008.956421 157.307861 -27.463959
v -968.349243 161.970947 -27.464005
v -927.742004 162.587524 -27.463959
v -887.134827 163.187744 -27.463989
v -846.527649 162.766235 -27.464020
v -805.920471 161.929932 -27.463928
v -765.313293 160.142212 -27.463974
v -724.706299 157.078369 -27.463928
v -684.098999 154.014282 -27.463913
v -643.491821 150.949951 -27.463943
v -602.884644 147.885620 -27.463959
v -562.277527 147.961304 -27.463943
v -521.670410 148.556274 -27.463943
v -481.063171 156.251831 -27.463913
v -440.456085 169.165527 -27.463928
v -399.848816 183.363037 -27.463989
v -359.241608 200.356323 -27.463989
v -318.634521 217.322144 -27.463974
v -278.027252 228.383423 -27.463943
v -237.420105 239.444946 -27.463959
v -196.812958 246.921753 -27.463959
v -156.205780 253.005493 -27.463989
v -115.598633 252.929077 -27.463974
v -74.991486 244.871460 -27.463959
v -34.384190 237.934204 -27.463959
v 6.222866 237.289429 -27.463928
v 46.830044 236.644897 -27.463959
v 87.437317 248.469360 -27.463959
v 128.044403 262.212280 -27.463913
v 168.651550 271.808960 -27.463989
v 209.258713 278.430054 -27.463943
v 249.865952 278.944214 -27.463989
v 290.473083 265.054565 -27.463959
v 331.080322 251.106812 -27.463974
v 371.687439 232.840210 -27.463989
v 412.294678 214.573120 -27.463989
v 452.901855 195.549438 -27.463928
v 493.508911 176.183228 -27.463943
v 534.116150 157.241333 -27.463928
v 574.723267 138.615479 -27.463959
v 615.330444 120.409912 -27.463959
v 655.937622 104.415405 -27.463959
v 696.544800 88.421021 -27.463898
v 737.151978 72.107544 -27.463959
v 777.759216 55.748901 -27.463928
v 818.366333 45.056885 -27.463959
v 858.973511 38.288940 -27.463959
v 899.580688 33.216431 -27.464020
v 940.187866 31.981689 -27.463959
v 980.795044 30.731689 -27.463989
v 1021.402344 28.784302 -27.463959
v 1062.009399 26.836548 -27.463989
v 1102.616577 28.294678 -27.464020
v 1143.223755 30.965698 -27.463959
v 1183.830933 34.193604 -27.463989
v 1224.438110 38.093628 -27.464050
v 1265.045288 41.450562 -27.463989
v -1252.599487 128.352173 -58.516556
v -1211.992310 132.965576 -58.516556
v -1171.385132 137.267334 -58.516525
v -1130.778076 141.347778 -58.516525
v -1090.170776 145.257080 -58.516525
v -1049.563721 148.876587 -58.516556
v -1008.956299 151.752197 -58.516510
v -968.349243 154.627686 -58.516541
v -927.742004 154.406372 -58.516541
v -887.134827 154.172241 -58.516479
v -846.527649 153.594604 -58.516449
v -805.920532 152.877808 -58.516541
v -765.313354 151.158813 -58.516525
v -724.706299 148.094360 -58.516510
v -684.098999 145.030518 -58.516495
v -643.491821 141.966064 -58.516479
v -602.884644 138.902100 -58.516479
v -562.277466 139.386597 -58.516479
v -521.670349 140.458252 -58.516449
v -481.063263 148.083618 -58.516510
v -440.456024 160.581787 -58.516541
v -399.848877 174.310425 -58.516525
v -359.241608 191.065063 -58.516449
v -318.634491 207.795288 -58.516495
v -278.027283 219.214233 -58.516510
v -237.420197 230.633179 -58.516510
v -196.812958 239.068237 -58.516479
v -156.205750 246.343628 -58.516525
v -115.598511 249.015991 -58.516510
v -74.991486 245.725464 -58.516510
v -34.384251 243.140991 -58.516479
v 6.222897 244.521851 -58.516510
v 46.830044 245.902710 -58.516479
v 87.437256 255.002563 -58.516479
v 128.044403 265.289429 -58.516510
v 168.651611 271.222046 -58.516525
v 209.258774 274.029663 -58.516479
v 249.865982 271.972290 -58.516525
v 290.473175 258.440308 -58.516556
v 331.080231 244.850220 -58.516556
v 371.687439 226.940796 -58.516464
v 412.294647 209.031616 -58.516571
v 452.901794 190.973267 -58.516525
v 493.508942 172.860107 -58.516556
v 534.116089 154.783936 -58.516510
v 574.723267 136.753540 -58.516434
v 615.330505 118.934448 -58.516479
v 655.937622 102.224854 -58.516479
v 696.544800 85.515381 -58.516510
v 737.151978 69.843140 -58.516541
v 777.759216 54.318604 -58.516541
v 818.366272 44.390381 -58.516541
v 858.973511 38.337524 -58.516449
v 899.580750 33.833862 -58.516479
v 940.187866 32.837646 -58.516510
v 980.795166 31.807495 -58.516479
v 1021.402222 29.264038 -58.516510
v 1062.009399 26.720825 -58.516510
v 1102.616577 27.143799 -58.516510
v 1143.223755 28.623169 -58.516449
v 1183.830933 31.144897 -58.516479
v 1224.438110 34.926392 -58.516571
v 1265.045288 38.304321 -58.516541
v -1252.599487 130.601807 -89.569000
v -1211.992310 134.535889 -89.569107
v -1171.385010 138.122925 -89.569092
v -1130.778076 140.949585 -89.569031
v -1090.170776 143.190674 -89.569046
v -1049.563599 145.108521 -89.569092
v -1008.956299 146.196533 -89.569061
v -968.349365 147.284424 -89.569016
v -927.742126 146.224976 -89.569092
v -887.135010 145.156860 -89.569122
v -846.527710 144.423462 -89.569092
v -805.920410 143.825562 -89.569077
v -765.313416 142.174683 -89.569077
v -724.706177 139.110596 -89.569031
v -684.098999 135.986206 -89.569107
v -643.491882 132.982178 -89.569016
v -602.884766 129.918213 -89.569061
v -562.277588 130.811768 -89.569077
v -521.670288 132.359985 -89.568970
v -481.063171 139.915649 -89.569107
v -440.456116 151.936890 -89.569000
v -399.848755 165.257935 -89.569046
v -359.241669 181.774048 -89.569046
v -318.634430 198.268799 -89.569077
v -278.027283 210.045288 -89.569077
v -237.420166 221.821655 -89.569077
v -196.812927 231.214722 -89.569061
v -156.205719 239.682007 -89.569031
v -115.598572 245.103394 -89.569061
v -74.991302 246.579468 -89.569000
v -34.384251 248.347290 -89.569092
v 6.222866 251.754272 -89.569061
v 46.830044 255.161011 -89.569061
v 87.437225 261.535767 -89.569061
v 128.044373 268.366577 -89.569061
v 168.651520 270.635132 -89.569031
v 209.258682 269.629272 -89.569061
v 249.866028 265.000610 -89.569077
v 290.473083 251.826050 -89.569092
v 331.080322 238.593384 -89.569061
v 371.687439 221.041626 -89.569046
v 412.294495 203.489868 -89.569046
v 452.901733 186.397217 -89.569016
v 493.508972 169.475464 -89.569122
v 534.116028 152.326050 -89.569046
v 574.723267 134.891724 -89.569016
v 615.330444 117.458740 -89.569077
v 655.937683 100.034424 -89.569016
v 696.544739 82.609985 -89.569061
v 737.151978 67.578857 -89.569031
v 777.759155 52.888306 -89.569061
v 818.366333 43.723999 -89.569092
v 858.973511 38.385986 -89.569061
v 899.580750 34.451416 -89.569122
v 940.187988 33.693604 -89.569000
v 980.795105 32.883423 -89.569061
v 1021.402161 29.744385 -89.569031
v 1062.009399 26.605103 -89.569031
v 1102.616577 25.992798 -89.569031
v 1143.223755 26.280396 -89.569061
v 1183.830933 28.096436 -89.569061
v 1224.438110 31.758423 -89.569092
v 1265.045166 35.157837 -89.569092
v -1252.599365 132.851318 -120.621613
v -1211.992432 136.106689 -120.621613
v -1171.385132 138.978394 -120.621582
v -1130.777832 140.551392 -120.621506
v -1090.170898 141.124268 -120.621582
v -1049.563599 141.340454 -120.621582
v -1008.956299 140.640869 -120.621582
v -968.349304 139.941528 -120.621643
v -927.742188 138.044067 -120.621628
v -887.134766 136.141846 -120.621582
v -846.527710 135.252319 -120.621628
v -805.920593 134.773682 -120.621674
v -765.313354 133.191040 -120.621552
v -724.706177 130.126709 -120.621506
v -684.099060 127.062744 -120.621597
v -643.491821 123.998413 -120.621597
v -602.884705 120.934204 -120.621689
v -562.277527 122.236938 -120.621582
v -521.670410 124.261963 -120.621613
v -481.063171 131.746948 -120.621658
v -440.455994 143.292114 -120.621536
v -399.848694 156.205200 -120.621582
v -359.241638 172.483154 -120.621536
v -318.634521 188.742065 -120.621552
v -278.027283 200.875854 -120.621582
v -237.420135 213.010132 -120.621521
v -196.812988 223.361694 -120.621613
v -156.205780 233.020386 -120.621613
v -115.598602 241.190796 -120.621552
v -74.991516 247.433472 -120.621613
v -34.384281 253.554077 -120.621613
v 6.222897 258.986694 -120.621613
v 46.830044 264.419312 -120.621643
v 87.437317 268.068726 -120.621582
v 128.044403 271.443970 -120.621552
v 168.651581 270.048462 -120.621643
v 209.258789 265.229126 -120.621643
v 249.865967 258.028931 -120.621567
v 290.473114 245.212280 -120.621582
v 331.080292 232.336792 -120.621613
v 371.687378 215.142456 -120.621536
v 412.294586 197.948120 -120.621552
v 452.901764 181.820923 -120.621536
v 493.508972 166.091064 -120.621643
v 534.116150 149.868408 -120.621582
v 574.723328 133.029907 -120.621567
v 615.330444 115.983643 -120.621643
v 655.937622 97.843872 -120.621597
v 696.544861 79.704346 -120.621597
v 737.152039 65.314209 -120.621597
v 777.759094 51.458130 -120.621552
v 818.366394 43.057373 -120.621613
v 858.973389 38.434692 -120.621582
v 899.580688 35.068970 -120.621643
v 940.187866 34.549438 -120.621582
v 980.795105 33.959351 -120.621613
v 1021.402222 30.224243 -120.621582
v 1062.009399 26.489380 -120.621582
v 1102.616577 24.785034 -120.621582
v 1143.223755 23.937744 -120.621490
v 1183.831055 25.047729 -120.621643
v 1224.438110 28.590576 -120.621582
v 1265.045288 32.011353 -120.621582
v -1252.599487 130.810791 -151.674103
v -1211.992188 133.453369 -151.674133
v -1171.385010 135.688110 -151.674133
v -1130.777832 136.439697 -151.674133
v -1090.170776 136.048462 -151.674164
v -1049.563477 135.244995 -151.674164
v -1008.956299 133.384155 -151.674133
v -968.349365 131.523071 -151.674164
v -927.742065 129.491577 -151.674133
v -887.134827 127.459351 -151.674133
v -846.527710 126.450317 -151.674133
v -805.920532 125.856079 -151.674072
v -765.313232 124.307373 -151.674103
v -724.706177 121.477905 -151.674103
v -684.098999 118.604126 -151.674103
v -643.491821 115.461548 -151.674164
v -602.884644 112.319214 -151.674103
v -562.277588 113.683838 -151.674133
v -521.670410 115.794312 -151.674164
v -481.063171 123.087524 -151.674164
v -440.456024 134.233643 -151.674194
v -399.848755 146.794800 -151.674164
v -359.241669 162.834595 -151.674072
v -318.634521 178.856323 -151.674164
v -278.027252 191.034790 -151.674103
v -237.420105 203.213135 -151.674072
v -196.812988 213.928101 -151.674133
v -156.205780 224.074097 -151.674164
v -115.598602 233.164917 -151.674103
v -74.991455 240.887573 -151.674133
v -34.384281 248.345581 -151.674133
v 6.222927 254.317261 -151.674164
v 46.830166 260.289429 -151.674164
v 87.437225 262.711304 -151.674103
v 128.044403 264.586548 -151.674103
v 168.651550 261.984741 -151.674164
v 209.258759 256.169312 -151.674133
v 249.865906 248.399048 -151.674103
v 290.473114 236.017944 -151.674133
v 331.080261 223.583862 -151.674164
v 371.687439 207.216187 -151.674103
v 412.294678 190.848511 -151.674164
v 452.901794 175.472046 -151.674194
v 493.508972 160.464478 -151.674164
v 534.116211 144.664673 -151.674164
v 574.723267 127.874268 -151.674103
v 615.330383 110.953735 -151.674133
v 655.937622 93.351685 -151.674164
v 696.544800 75.749146 -151.674133
v 737.151978 62.498657 -151.674103
v 777.759216 49.867554 -151.674164
v 818.366455 42.390869 -151.674133
v 858.973511 38.483032 -151.674164
v 899.580688 35.590576 -151.674103
v 940.187866 34.996338 -151.674164
v 980.795105 34.321899 -151.674164
v 1021.402222 30.069214 -151.674103
v 1062.009399 25.816650 -151.674133
v 1102.616577 23.904907 -151.674133
v 1143.223755 22.826416 -151.674164
v 1183.830933 23.822388 -151.674194
v 1224.438110 27.267334 -151.674194
v 1265.045166 30.655884 -151.674103
v -1252.599243 126.526733 -182.726654
v -1211.992310 128.591187 -182.726654
v -1171.385132 130.230713 -182.726624
v -1130.777954 130.386353 -182.726685
v -1090.170776 129.399048 -182.726685
v -1049.563721 127.932983 -182.726746
v -1008.956421 125.237671 -182.726715
v -968.349243 122.542603 -182.726654
v -927.742065 120.745361 -182.726685
v -887.134766 118.951294 -182.726654
v -846.527588 117.841431 -182.726715
v -805.920654 117.009033 -182.726624
v -765.313354 115.476196 -182.726654
v -724.706177 113.004272 -182.726654
v -684.099060 110.419800 -182.726715
v -643.491821 107.158447 -182.726654
v -602.884705 103.896729 -182.726654
v -562.277466 105.142334 -182.726715
v -521.670349 107.133545 -182.726715
v -481.063171 114.170776 -182.726654
v -440.455994 124.959595 -182.726654
v -399.848785 137.197876 -182.726685
v -359.241669 152.998901 -182.726685
v -318.634399 168.783325 -182.726624
v -278.027222 180.842407 -182.726654
v -237.420105 192.901611 -182.726654
v -196.812866 203.669067 -182.726654
v -156.205719 213.934204 -182.726715
v -115.598602 222.988647 -182.726685
v -74.991394 230.473022 -182.726624
v -34.384312 237.692749 -182.726685
v 6.222866 243.425659 -182.726746
v 46.830044 249.159058 -182.726624
v 87.437225 251.136108 -182.726715
v 128.044403 252.535034 -182.726746
v 168.651611 250.011597 -182.726685
v 209.258698 244.673218 -182.726654
v 249.865936 237.379272 -182.726715
v 290.473083 225.474976 -182.726654
v 331.080261 213.525024 -182.726654
v 371.687439 198.230103 -182.726685
v 412.294617 182.935425 -182.726715
v 452.901794 168.196899 -182.726715
v 493.509033 153.665771 -182.726715
v 534.116150 138.025146 -182.726715
v 574.723267 120.996338 -182.726715
v 615.330566 104.066162 -182.726685
v 655.937622 87.655884 -182.726654
v 696.544800 71.244751 -182.726685
v 737.152039 59.394409 -182.726715
v 777.759155 48.193726 -182.726654
v 818.366455 41.724243 -182.726654
v 858.973511 38.531494 -182.726685
v 899.580627 36.062134 -182.726715
v 940.187866 35.229126 -182.726624
v 980.795044 34.311768 -182.726654
v 1021.402222 29.582153 -182.726746
v 1062.009399 24.852783 -182.726746
v 1102.616699 23.079224 -182.726685
v 1143.223755 22.358521 -182.726776
v 1183.830933 23.550415 -182.726624
v 1224.438110 27.052002 -182.726624
v 1265.045166 30.380127 -182.726654
v -1252.599487 122.242798 -213.779205
v -1211.992188 123.729614 -213.779205
v -1171.385132 124.773071 -213.779144
v -1130.777832 124.332397 -213.779205
v -1090.170776 122.749634 -213.779205
v -1049.563599 120.620850 -213.779205
v -1008.956421 117.091553 -213.779266
v -968.349121 113.562256 -213.779205
v -927.742065 111.998779 -213.779205
v -887.134888 110.443237 -213.779236
v -846.527710 109.232544 -213.779236
v -805.920532 108.102051 -213.779236
v -765.313293 106.645142 -213.779144
v -724.706177 104.530640 -213.779266
v -684.098999 102.235962 -213.779205
v -643.491760 98.855103 -213.779205
v -602.884766 95.474365 -213.779144
v -562.277466 96.600830 -213.779175
v -521.670227 98.472900 -213.779205
v -481.063141 105.254272 -213.779205
v -440.455963 115.685669 -213.779144
v -399.848846 127.600342 -213.779266
v -359.241669 143.163452 -213.779266
v -318.634430 158.710083 -213.779236
v -278.027252 170.650146 -213.779144
v -237.420074 182.590088 -213.779175
v -196.812958 193.409790 -213.779266
v -156.205811 203.794312 -213.779266
v -115.598572 212.811890 -213.779236
v -74.991516 220.057983 -213.779266
v -34.384281 227.038940 -213.779236
v 6.222897 232.534546 -213.779236
v 46.830074 238.029663 -213.779236
v 87.437256 239.561401 -213.779236
v 128.044434 240.483765 -213.779175
v 168.651703 238.038452 -213.779266
v 209.258759 233.176636 -213.779266
v 249.865845 226.359741 -213.779175
v 290.473083 214.931519 -213.779236
v 331.080261 203.466553 -213.779205
v 371.687500 189.244263 -213.779266
v 412.294617 175.021729 -213.779266
v 452.901764 160.921753 -213.779144
v 493.508911 146.867432 -213.779236
v 534.116089 131.385498 -213.779205
v 574.723267 114.118408 -213.779205
v 615.330566 97.178345 -213.779236
v 655.937622 81.959595 -213.779205
v 696.544922 66.740356 -213.779205
v 737.152100 56.290283 -213.779236
v 777.759094 46.519775 -213.779144
v 818.366333 41.057983 -213.779114
v 858.973511 38.580200 -213.779266
v 899.580688 36.476196 -213.779205
v 940.187988 35.462524 -213.779266
v 980.794983 34.301025 -213.779205
v 1021.402222 29.095093 -213.779266
v 1062.009399 23.889038 -213.779236
v 1102.616577 22.254150 -213.779236
v 1143.223755 21.890747 -213.779175
v 1183.830933 23.277954 -213.779144
v 1224.437988 26.779663 -213.779205
v 1265.045288 30.048096 -213.779266
v -1252.599487 117.958740 -244.831818
v -1211.992188 118.867432 -244.831757
v -1171.385010 119.315186 -244.831726
v -1130.777954 118.279053 -244.831818
v -1090.170776 116.040649 -244.831818
v -1049.563477 113.308838 -244.831726
v -1008.956299 108.945435 -244.831757
v -968.349304 104.581665 -244.831818
v -927.742126 103.252563 -244.831696
v -887.134888 101.935181 -244.831696
v -846.527771 100.623657 -244.831818
v -805.920532 99.314209 -244.831787
v -765.313293 97.814087 -244.831726
v -724.706116 96.057007 -244.831757
v -684.098938 94.051880 -244.831696
v -643.491699 90.551880 -244.831757
v -602.884766 87.052002 -244.831757
v -562.277466 88.059204 -244.831787
v -521.670288 89.812134 -244.831757
v -481.063202 96.337769 -244.831757
v -440.456055 106.411499 -244.831818
v -399.848724 118.003296 -244.831757
v -359.241730 133.328003 -244.831818
v -318.634460 148.636475 -244.831818
v -278.027222 160.457642 -244.831757
v -237.420135 172.278198 -244.831787
v -196.812958 183.150757 -244.831818
v -156.205811 193.654419 -244.831787
v -115.598694 202.635010 -244.831787
v -74.991394 209.642944 -244.831848
v -34.384281 216.386108 -244.831726
v 6.222927 221.642944 -244.831757
v 46.830074 226.899292 -244.831757
v 87.437225 227.986694 -244.831757
v 128.044495 228.432251 -244.831726
v 168.651581 226.065063 -244.831787
v 209.258789 221.680054 -244.831787
v 249.865875 215.339722 -244.831757
v 290.473022 204.388550 -244.831787
v 331.080261 193.407959 -244.831818
v 371.687500 180.258179 -244.831787
v 412.294556 167.108032 -244.831757
v 452.901855 153.646362 -244.831818
v 493.508972 140.068604 -244.831757
v 534.116211 124.745850 -244.831818
v 574.723328 107.240479 -244.831787
v 615.330444 90.290771 -244.831726
v 655.937622 76.263428 -244.831696
v 696.544800 62.236084 -244.831696
v 737.152039 53.186279 -244.831818
v 777.759216 44.845825 -244.831757
v 818.366333 40.391357 -244.831818
v 858.973572 38.628662 -244.831818
v 899.580688 37.004761 -244.831726
v 940.188049 35.695557 -244.831818
v 980.795044 34.290649 -244.831787
v 1021.402222 28.608032 -244.831787
v 1062.009399 22.925415 -244.831726
v 1102.616577 21.428589 -244.831818
v 1143.223633 21.422974 -244.831757
v 1183.830933 23.005493 -244.831726
v 1224.438110 26.507568 -244.831726
v 1265.045288 29.715454 -244.831818
v -1252.599365 110.479736 -275.884369
v -1211.992310 111.390259 -275.884247
v -1171.385132 111.945190 -275.884308
v -1130.777954 111.281128 -275.884247
v -1090.170776 109.678467 -275.884338
v -1049.563599 107.264771 -275.884308
v -1008.956421 102.770386 -275.884277
v -968.349182 98.275635 -275.884338
v -927.742126 96.365967 -275.884369
v -887.134827 94.466675 -275.884338
v -846.527710 92.984619 -275.884308
v -805.920532 91.671143 -275.884308
v -765.313354 90.121338 -275.884369
v -724.706177 88.253174 -275.884247
v -684.099060 86.235596 -275.884338
v -643.491821 83.319702 -275.884247
v -602.884766 80.403564 -275.884308
v -562.277466 80.587158 -275.884308
v -521.670288 81.283447 -275.884308
v -481.063141 86.951538 -275.884369
v -440.456055 96.316528 -275.884369
v -399.848816 107.098022 -275.884308
v -359.241669 121.364502 -275.884338
v -318.634491 135.619507 -275.884369
v -278.027344 147.555420 -275.884369
v -237.420166 159.491455 -275.884369
v -196.813049 170.229126 -275.884338
v -156.205688 180.500122 -275.884277
v -115.598633 189.398804 -275.884369
v -74.991425 196.519897 -275.884308
v -34.384190 203.269775 -275.884277
v 6.222897 207.936890 -275.884338
v 46.830074 212.603882 -275.884277
v 87.437195 213.401978 -275.884369
v 128.044464 213.605835 -275.884369
v 168.651581 211.619751 -275.884277
v 209.258789 208.062378 -275.884338
v 249.865967 202.515747 -275.884369
v 290.473175 192.275635 -275.884338
v 331.080322 182.001587 -275.884338
v 371.687439 169.221069 -275.884338
v 412.294617 156.440552 -275.884308
v 452.901886 143.682739 -275.884369
v 493.508972 130.932861 -275.884369
v 534.116089 116.537476 -275.884308
v 574.723328 100.082642 -275.884369
v 615.330444 84.131592 -275.884308
v 655.937744 70.826782 -275.884308
v 696.544922 57.522339 -275.884308
v 737.151978 49.507080 -275.884247
v 777.759216 42.244507 -275.884308
v 818.366394 38.307861 -275.884308
v 858.973511 36.674194 -275.884247
v 899.580688 35.389893 -275.884338
v 940.187866 34.897217 -275.884338
v 980.795044 34.310791 -275.884247
v 1021.402222 29.557983 -275.884338
v 1062.009399 24.804565 -275.884216
v 1102.616577 23.124634 -275.884338
v 1143.223755 22.538696 -275.884308
v 1183.830811 23.379761 -275.884308
v 1224.438110 25.943970 -275.884277
v 1265.045288 28.390991 -275.884338
v -1252.599365 102.946899 -306.936768
v -1211.992188 103.868774 -306.936859
v -1171.385132 104.542847 -306.936890
v -1130.777954 104.267456 -306.936829
v -1090.170776 103.260376 -306.936798
v -1049.563599 101.242065 -306.936859
v -1008.956299 96.628296 -306.936829
v -968.349182 92.014771 -306.936920
v -927.742004 89.511108 -306.936859
v -887.134827 87.016235 -306.936798
v -846.527710 85.361938 -306.936798
v -805.920532 84.048950 -306.936768
v -765.313354 82.447876 -306.936829
v -724.706177 80.460327 -306.936859
v -684.098999 78.425537 -306.936859
v -643.491760 76.105591 -306.936859
v -602.884705 73.785522 -306.936859
v -562.277466 73.133179 -306.936859
v -521.670288 72.757080 -306.936829
v -481.063202 77.557861 -306.936829
v -440.455963 86.207642 -306.936798
v -399.848755 96.170776 -306.936829
v -359.241669 109.364502 -306.936829
v -318.634552 122.552979 -306.936859
v -278.027252 134.608032 -306.936890
v -237.420135 146.662964 -306.936859
v -196.812988 157.201416 -306.936798
v -156.205811 167.295166 -306.936859
v -115.598663 176.111450 -306.936890
v -74.991486 183.351440 -306.936829
v -34.384312 190.112549 -306.936829
v 6.222866 194.183838 -306.936859
v 46.830105 198.254761 -306.936829
v 87.437256 198.767212 -306.936829
v 128.044464 198.732056 -306.936859
v 168.651611 197.132202 -306.936890
v 209.258667 194.409546 -306.936859
v 249.865906 189.661377 -306.936798
v 290.473083 180.136108 -306.936890
v 331.080353 170.572388 -306.936859
v 371.687439 158.149658 -306.936829
v 412.294586 145.726440 -306.936829
v 452.901825 133.673462 -306.936829
v 493.509033 121.758057 -306.936890
v 534.116150 108.302490 -306.936859
v 574.723328 92.920044 -306.936859
v 615.330444 77.984253 -306.936798
v 655.937622 65.394775 -306.936859
v 696.544739 52.805298 -306.936798
v 737.151978 45.817627 -306.936798
v 777.759033 39.628052 -306.936890
v 818.366455 36.200439 -306.936829
v 858.973389 34.685913 -306.936829
v 899.580688 33.739868 -306.936798
v 940.187805 34.081177 -306.936798
v 980.795044 34.331665 -306.936920
v 1021.402161 30.532349 -306.936798
v 1062.009399 26.732178 -306.936859
v 1102.616577 24.863159 -306.936829
v 1143.223755 23.681396 -306.936829
v 1183.830933 23.764771 -306.936829
v 1224.437988 25.375610 -306.936798
v 1265.045288 27.050049 -306.936737
v -1252.599365 95.413940 -337.989380
v -1211.992432 96.347412 -337.989380
v -1171.385254 97.140747 -337.989410
v -1130.777954 97.253540 -337.989502
v -1090.170776 96.842651 -337.989441
v -1049.563599 95.219482 -337.989349
v -1008.956421 90.486694 -337.989349
v -968.349182 85.753662 -337.989319
v -927.742188 82.656128 -337.989380
v -887.134766 79.565552 -337.989380
v -846.527771 77.739502 -337.989380
v -805.920532 76.426025 -337.989410
v -765.313416 74.774048 -337.989410
v -724.706177 72.667603 -337.989441
v -684.098999 70.615845 -337.989349
v -643.491821 68.891479 -337.989410
v -602.884766 67.167236 -337.989410
v -562.277649 65.679321 -337.989471
v -521.670288 64.230591 -337.989410
v -481.063171 68.163696 -337.989410
v -440.456055 76.098511 -337.989441
v -399.848755 85.243530 -337.989410
v -359.241730 97.364624 -337.989380
v -318.634491 109.485962 -337.989410
v -278.027313 121.660400 -337.989349
v -237.420074 133.834595 -337.989441
v -196.812958 144.295288 -337.989441
v -156.205750 154.090088 -337.989410
v -115.598602 162.823853 -337.989441
v -74.991455 170.182983 -337.989441
v -34.384373 176.955200 -337.989349
v 6.222897 180.430542 -337.989410
v 46.830105 183.905640 -337.989319
v 87.437286 184.132080 -337.989410
v 128.044373 183.858765 -337.989441
v 168.651611 182.644897 -337.989410
v 209.258789 180.756226 -337.989441
v 249.865967 176.807007 -337.989410
v 290.473083 167.996704 -337.989410
v 331.080200 159.143311 -337.989410
v 371.687500 147.077759 -337.989349
v 412.294586 135.011963 -337.989410
v 452.901855 123.663818 -337.989441
v 493.508911 112.582764 -337.989441
v 534.116150 100.067261 -337.989410
v 574.723328 85.757446 -337.989410
v 615.330566 71.837036 -337.989410
v 655.937622 59.962646 -337.989380
v 696.544800 48.088135 -337.989349
v 737.151978 42.128540 -337.989410
v 777.759094 37.011353 -337.989410
v 818.366333 34.093018 -337.989410
v 858.973511 32.697632 -337.989410
v 899.580627 32.089722 -337.989380
v 940.187927 33.265259 -337.989380
v 980.795105 34.352783 -337.989380
v 1021.402344 31.506226 -337.989410
v 1062.009399 28.659912 -337.989349
v 1102.616699 26.601685 -337.989502
v 1143.223755 24.823975 -337.989471
v 1183.830933 24.149536 -337.989410
v 1224.438110 24.807251 -337.989410
v 1265.045288 25.709106 -337.989349
v -1252.599487 87.920166 -369.041962
v -1211.992310 88.700439 -369.041870
v -1171.385132 89.465088 -369.041962
v -1130.777954 89.964600 -369.041962
v -1090.170776 90.260376 -369.041962
v -1049.563477 89.184814 -369.041870
v -1008.956421 84.591431 -369.041931
v -968.349365 79.998291 -369.042023
v -927.742065 76.455322 -369.041870
v -887.134888 72.916260 -369.041992
v -846.527771 70.908447 -369.041962
v -805.920593 69.521362 -369.041992
v -765.313293 67.744507 -369.041901
v -724.706177 65.444946 -369.041870
v -684.098999 63.270142 -369.041840
v -643.491821 61.846069 -369.041901
v -602.884766 60.422119 -369.042023
v -562.277527 58.436890 -369.041992
v -521.670288 56.359009 -369.041962
v -481.063171 59.550537 -369.041901
v -440.455933 66.659546 -369.041901
v -399.848785 74.917847 -369.041931
v -359.241730 86.003540 -369.041901
v -318.634552 97.092651 -369.041931
v -278.027252 108.979736 -369.041901
v -237.420074 120.866577 -369.041931
v -196.813049 131.101929 -369.041901
v -156.205780 140.695190 -369.041901
v -115.598602 149.335083 -369.041931
v -74.991364 156.739624 -369.041901
v -34.384281 163.487915 -369.041962
v 6.222866 166.552124 -369.042023
v 46.830105 169.616333 -369.041901
v 87.437195 169.549194 -369.041901
v 128.044434 169.000610 -369.041962
v 168.651581 167.963989 -369.041901
v 209.258728 166.577026 -369.041962
v 249.865906 163.192505 -369.041962
v 290.473083 155.097534 -369.041901
v 331.080261 146.955688 -369.041901
v 371.687500 135.358521 -369.041962
v 412.294586 123.761353 -369.041901
v 452.901794 112.959595 -369.041962
v 493.508911 102.453857 -369.041901
v 534.116150 90.800415 -369.042023
v 574.723267 77.711182 -369.041931
v 615.330505 65.018433 -369.041962
v 655.937683 54.413452 -369.041962
v 696.544800 43.808716 -369.041901
v 737.151917 38.913452 -369.041870
v 777.759155 34.831909 -369.041901
v 818.366394 32.372437 -369.041962
v 858.973511 31.190186 -369.042023
v 899.580750 30.855713 -369.041992
v 940.187866 32.569580 -369.041901
v 980.795044 34.201538 -369.041962
v 1021.402100 32.160522 -369.041901
v 1062.009399 30.119751 -369.041931
v 1102.616577 27.969971 -369.041962
v 1143.223755 25.781494 -369.041931
v 1183.830933 24.516968 -369.041901
v 1224.438110 24.369263 -369.041901
v 1265.045044 24.565063 -369.041962
v -1252.599365 80.512817 -400.094482
v -1211.992310 80.774292 -400.094482
v -1171.385132 81.181274 -400.094513
v -1130.777954 82.064087 -400.094452
v -1090.170776 83.312866 -400.094543
v -1049.563721 83.124268 -400.094513
v -1008.956421 79.245728 -400.094452
v -968.349182 75.367310 -400.094482
v -927.742065 71.708618 -400.094482
v -887.134766 68.050415 -400.094452
v -846.527710 65.838501 -400.094452
v -805.920593 64.213135 -400.094543
v -765.313293 62.147095 -400.094452
v -724.706177 59.490112 -400.094482
v -684.099121 56.957642 -400.094513
v -643.491760 55.176147 -400.094513
v -602.884705 53.337036 -400.094452
v -562.277588 51.665405 -400.094513
v -521.670288 49.945190 -400.094513
v -481.063141 52.673950 -400.094452
v -440.455963 58.710205 -400.094452
v -399.848724 65.930908 -400.094482
v -359.241669 76.062744 -400.094482
v -318.634521 86.197876 -400.094482
v -278.027283 96.893188 -400.094513
v -237.420105 107.588501 -400.094482
v -196.812927 117.404419 -400.094452
v -156.205750 126.878540 -400.094482
v -115.598663 135.399048 -400.094421
v -74.991547 142.684326 -400.094482
v -34.384312 149.331665 -400.094452
v 6.222897 152.395874 -400.094452
v 46.830105 155.460083 -400.094452
v 87.437317 155.083252 -400.094482
v 128.044403 154.177124 -400.094391
v 168.651520 152.852295 -400.094452
v 209.258698 151.226807 -400.094482
v 249.865936 147.887939 -400.094482
v 290.473083 140.507568 -400.094482
v 331.080292 133.081177 -400.094482
v 371.687439 122.198853 -400.094482
v 412.294586 111.316650 -400.094482
v 452.901764 100.709106 -400.094452
v 493.508942 90.203247 -400.094452
v 534.116089 79.237915 -400.094482
v 574.723267 67.697876 -400.094452
v 615.330444 56.706787 -400.094452
v 655.937561 48.604614 -400.094513
v 696.544800 40.501831 -400.094452
v 737.151917 36.753296 -400.094452
v 777.759094 33.625122 -400.094452
v 818.366455 31.753662 -400.094513
v 858.973511 30.752563 -400.094452
v 899.580688 30.546753 -400.094452
v 940.187866 32.141846 -400.094421
v 980.795044 33.667603 -400.094452
v 1021.402222 32.103149 -400.094452
v 1062.009399 30.538940 -400.094482
v 1102.616455 28.514282 -400.094482
v 1143.223633 26.325562 -400.094452
v 1183.830933 24.845459 -400.094421
v 1224.438110 24.221069 -400.094452
v 1265.045166 23.859985 -400.094452
v -1252.599365 73.105713 -431.146942
v -1211.992310 72.848022 -431.147064
v -1171.385132 72.897705 -431.147003
v -1130.777832 74.163330 -431.147003
v -1090.170776 76.365601 -431.147003
v -1049.563599 77.063110 -431.147064
v -1008.956421 73.899780 -431.147064
v -968.349243 70.736572 -431.147064
v -927.742188 66.961792 -431.147186
v -887.134888 63.184448 -431.147003
v -846.527710 60.768799 -431.147064
v -805.920532 58.904907 -431.147064
v -765.313232 56.549683 -431.147003
v -724.706116 53.535278 -431.147003
v -684.098999 50.645264 -431.147064
v -643.491821 48.506470 -431.147064
v -602.884644 46.367310 -431.147003
v -562.277466 44.894287 -431.147003
v -521.670410 43.531372 -431.147064
v -481.063202 45.797485 -431.147064
v -440.455872 50.761353 -431.147064
v -399.848785 56.943604 -431.147003
v -359.241669 66.122314 -431.147064
v -318.634521 75.302612 -431.147064
v -278.027344 84.806274 -431.147064
v -237.420197 94.310181 -431.147064
v -196.812927 103.706665 -431.147064
v -156.205719 113.061401 -431.147064
v -115.598572 121.463135 -431.147064
v -74.991333 128.629150 -431.147064
v -34.384281 135.175171 -431.147064
v 6.222897 138.239502 -431.147064
v 46.830074 141.303589 -431.147064
v 87.437195 140.616943 -431.147064
v 128.044403 139.353638 -431.147064
v 168.651611 137.740479 -431.147064
v 209.258728 135.876587 -431.147064
v 249.865936 132.583252 -431.147003
v 290.473114 125.918091 -431.147064
v 331.080292 119.206665 -431.147064
v 371.687439 109.039307 -431.147064
v 412.294617 98.871948 -431.147003
v 452.901794 88.458374 -431.147003
v 493.509064 77.952393 -431.147125
v 534.116211 67.675537 -431.147064
v 574.723267 57.684692 -431.147003
v 615.330383 48.395264 -431.147003
v 655.937561 42.795166 -431.147003
v 696.544983 37.195068 -431.147125
v 737.151978 34.593384 -431.147064
v 777.759155 32.418213 -431.147064
v 818.366333 31.077759 -431.147064
v 858.973511 30.315063 -431.147064
v 899.580566 30.238159 -431.147064
v 940.187988 31.713989 -431.147125
v 980.795044 33.133423 -431.147125
v 1021.402222 32.045654 -431.147064
v 1062.009399 30.958374 -431.147064
v 1102.616577 29.058838 -431.147064
v 1143.223755 26.870239 -431.146942
v 1183.831055 25.174072 -431.147064
v 1224.438110 24.072876 -431.147064
v 1265.045288 23.154907 -431.147064
v -1252.599365 65.698364 -462.199554
v -1211.992310 64.921631 -462.199554
v -1171.385132 64.613647 -462.199615
v -1130.777954 66.262451 -462.199615
v -1090.170898 69.418213 -462.199615
v -1049.563599 71.002197 -462.199615
v -1008.956421 68.553955 -462.199554
v -968.349243 66.105713 -462.199493
v -927.742004 62.215088 -462.199554
v -887.134888 58.318604 -462.199615
v -846.527771 55.698975 -462.199554
v -805.920532 53.596802 -462.199615
v -765.313293 50.952393 -462.199554
v -724.706177 47.580322 -462.199493
v -684.098999 44.333130 -462.199554
v -643.491882 41.836304 -462.199554
v -602.884521 39.339966 -462.199554
v -562.277588 38.122803 -462.199615
v -521.670288 37.117554 -462.199554
v -481.063141 38.920776 -462.199493
v -440.455963 42.812134 -462.199677
v -399.848816 47.956299 -462.199554
v -359.241608 56.181885 -462.199554
v -318.634460 64.407837 -462.199554
v -278.027222 72.719971 -462.199554
v -237.420105 81.031860 -462.199615
v -196.812988 90.009033 -462.199554
v -156.205780 99.244751 -462.199615
v -115.598633 107.526978 -462.199554
v -74.991547 114.573975 -462.199615
v -34.384312 121.019165 -462.199554
v 6.222836 124.083252 -462.199615
v 46.830074 127.147583 -462.199554
v 87.437317 126.150757 -462.199554
v 128.044434 124.529907 -462.199615
v 168.651550 122.628540 -462.199554
v 209.258820 120.526489 -462.199615
v 249.865875 117.278564 -462.199615
v 290.473053 111.328369 -462.199554
v 331.080322 105.331665 -462.199554
v 371.687500 95.879639 -462.199677
v 412.294708 86.427612 -462.199554
v 452.901855 76.207642 -462.199615
v 493.508911 65.701904 -462.199493
v 534.116089 56.113159 -462.199615
v 574.723267 47.671509 -462.199554
v 615.330322 40.083618 -462.199554
v 655.937744 36.986084 -462.199615
v 696.544800 33.888794 -462.199554
v 737.151978 32.433228 -462.199493
v 777.759155 31.211304 -462.199615
v 818.366272 30.401978 -462.199554
v 858.973511 29.877563 -462.199615
v 899.580688 29.929321 -462.199615
v 940.187866 31.285889 -462.199554
v 980.795105 32.599243 -462.199554
v 1021.402161 31.988525 -462.199554
v 1062.009399 31.377563 -462.199615
v 1102.616699 29.603271 -462.199615
v 1143.223755 27.414673 -462.199554
v 1183.830933 25.502686 -462.199615
v 1224.437988 23.924683 -462.199554
v 1265.045288 22.449829 -462.199615
v -1252.599487 60.060913 -493.252167
v -1211.992432 59.160278 -493.252167
v -1171.385132 58.798462 -493.252106
v -1130.777954 60.705200 -493.252106
v -1090.170776 64.358643 -493.252106
v -1049.563477 66.288696 -493.252045
v -1008.956421 63.796509 -493.252106
v -968.349182 61.304321 -493.252045
v -927.742004 57.294800 -493.252045
v -887.134888 53.279541 -493.252106
v -846.527649 50.563721 -493.252106
v -805.920532 48.375122 -493.252106
v -765.313416 45.722778 -493.252167
v -724.706177 42.448486 -493.252045
v -684.098999 39.309937 -493.252167
v -643.491760 36.987061 -493.252045
v -602.884766 34.664185 -493.252106
v -562.277588 33.518188 -493.252167
v -521.670288 32.566772 -493.252106
v -481.063202 33.995728 -493.252167
v -440.456024 37.193970 -493.252045
v -399.848785 41.592041 -493.252045
v -359.241669 48.939697 -493.252167
v -318.634369 56.285889 -493.252106
v -278.027374 63.254639 -493.252167
v -237.420074 70.222900 -493.252106
v -196.812897 78.027954 -493.252167
v -156.205750 86.158081 -493.252106
v -115.598663 93.665161 -493.252167
v -74.991516 100.365479 -493.252167
v -34.384342 106.470093 -493.252167
v 6.222866 109.230713 -493.252106
v 46.830074 111.991333 -493.252045
v 87.437256 111.104736 -493.252167
v 128.044434 109.657593 -493.252106
v 168.651611 107.690186 -493.252045
v 209.258789 105.349854 -493.252106
v 249.865906 102.057007 -493.252106
v 290.473145 96.518188 -493.252045
v 331.080231 90.941162 -493.252106
v 371.687439 82.507568 -493.252045
v 412.294495 74.074341 -493.252106
v 452.901794 65.015259 -493.252045
v 493.509003 55.723877 -493.252167
v 534.116089 47.700439 -493.252045
v 574.723328 41.263306 -493.252167
v 615.330444 35.577759 -493.252045
v 655.937561 33.844360 -493.252045
v 696.544739 32.110962 -493.252106
v 737.151978 31.261475 -493.252045
v 777.759033 30.537720 -493.252106
v 818.366333 30.027954 -493.252045
v 858.973511 29.666138 -493.252106
v 899.580627 29.840576 -493.252106
v 940.187805 31.229736 -493.252045
v 980.795044 32.582153 -493.252045
v 1021.402161 32.296143 -493.252045
v 1062.009399 32.010376 -493.252167
v 1102.616577 30.265381 -493.252106
v 1143.223633 28.000610 -493.252106
v 1183.830933 25.865601 -493.252045
v 1224.438232 23.886841 -493.252167
v 1265.045166 21.956665 -493.252045
v -1252.599365 55.432983 -524.304565
v -1211.992310 54.633423 -524.304688
v -1171.385132 54.390869 -524.304688
v -1130.777954 56.484009 -524.304688
v -1090.170776 60.375854 -524.304688
v -1049.563599 62.343994 -524.304565
v -1008.956421 59.374878 -524.304688
v -968.349243 56.406006 -524.304688
v -927.742126 52.276001 -524.304810
v -887.134888 48.141235 -524.304688
v -846.527832 45.391235 -524.304688
v -805.920471 43.202515 -524.304688
v -765.313354 40.702881 -524.304688
v -724.706177 37.786255 -524.304688
v -684.099121 35.022095 -524.304810
v -643.491882 33.176025 -524.304688
v -602.884766 31.329712 -524.304810
v -562.277588 30.149048 -524.304688
v -521.670410 29.078735 -524.304688
v -481.063049 30.182983 -524.304688
v -440.455963 32.904907 -524.304688
v -399.848877 36.722534 -524.304688
v -359.241669 43.236450 -524.304688
v -318.634521 49.745728 -524.304688
v -278.027313 55.284302 -524.304688
v -237.420135 60.822876 -524.304688
v -196.812958 67.026001 -524.304688
v -156.205841 73.487915 -524.304688
v -115.598602 79.845825 -524.304688
v -74.991455 86.069214 -524.304688
v -34.384251 91.697388 -524.304688
v 6.222897 93.981201 -524.304688
v 46.830013 96.265015 -524.304688
v 87.437317 95.728394 -524.304688
v 128.044373 94.757690 -524.304688
v 168.651581 92.850830 -524.304688
v 209.258850 90.271851 -524.304688
v 249.865967 86.882690 -524.304688
v 290.473206 81.582275 -524.304688
v 331.080200 76.256226 -524.304688
v 371.687439 69.014038 -524.304688
v 412.294556 61.772583 -524.304565
v 452.901855 54.426636 -524.304688
v 493.509033 47.041626 -524.304688
v 534.116089 41.084106 -524.304688
v 574.723328 36.910767 -524.304688
v 615.330444 33.241821 -524.304810
v 655.937561 32.223389 -524.304688
v 696.544861 31.205200 -524.304688
v 737.152039 30.653198 -524.304688
v 777.759155 30.168091 -524.304688
v 818.366333 29.825806 -524.304688
v 858.973511 29.583252 -524.304688
v 899.580627 29.877075 -524.304688
v 940.187866 31.385376 -524.304688
v 980.795105 32.859619 -524.304688
v 1021.402222 32.811768 -524.304688
v 1062.009399 32.764282 -524.304565
v 1102.616577 30.993896 -524.304688
v 1143.223755 28.610107 -524.304565
v 1183.830933 26.247925 -524.304688
v 1224.438110 23.911987 -524.304688
v 1265.045166 21.583740 -524.304565
v -1252.599365 50.804932 -555.357178
v -1211.992554 50.106689 -555.357300
v -1171.385254 49.983032 -555.357178
v -1130.777832 52.262817 -555.357300
v -1090.170776 56.393188 -555.357178
v -1049.563599 58.398682 -555.357178
v -1008.956421 54.953369 -555.357300
v -968.349182 51.507446 -555.357178
v -927.742004 47.257080 -555.357178
v -887.134888 43.003174 -555.357178
v -846.527649 40.218628 -555.357178
v -805.920593 38.029907 -555.357300
v -765.313354 35.683228 -555.357300
v -724.706238 33.066650 -555.357178
v -684.099060 30.734131 -555.357178
v -643.491821 29.364624 -555.357178
v -602.884705 27.995361 -555.357300
v -562.277466 26.780029 -555.357300
v -521.670288 25.590454 -555.357178
v -481.063171 26.370483 -555.357178
v -440.456085 28.615479 -555.357178
v -399.848846 31.853394 -555.357300
v -359.241608 37.533325 -555.357178
v -318.634521 43.205688 -555.357178
v -278.027283 47.314209 -555.357300
v -237.420105 51.422485 -555.357300
v -196.813019 56.024048 -555.357178
v -156.205811 60.817627 -555.357178
v -115.598572 66.026123 -555.357300
v -74.991455 71.773071 -555.357178
v -34.384281 76.924438 -555.357300
v 6.222836 78.731812 -555.357178
v 46.830074 80.538940 -555.357178
v 87.437164 80.351807 -555.357178
v 128.044373 79.857666 -555.357178
v 168.651642 78.011353 -555.357178
v 209.258759 75.193970 -555.357178
v 249.865936 71.708374 -555.357300
v 290.473145 66.646240 -555.357300
v 331.080322 61.570923 -555.357300
v 371.687500 55.521118 -555.357178
v 412.294647 49.470825 -555.357300
v 452.901764 43.837646 -555.357178
v 493.509003 38.359497 -555.357300
v 534.116028 34.467407 -555.357178
v 574.723267 32.558350 -555.357178
v 615.330505 30.905884 -555.357300
v 655.937683 30.602295 -555.357178
v 696.544800 30.299438 -555.357178
v 737.152039 30.045166 -555.357178
v 777.759216 29.798096 -555.357300
v 818.366333 29.624268 -555.357300
v 858.973572 29.500610 -555.357178
v 899.580688 29.913452 -555.357178
v 940.187744 31.541138 -555.357178
v 980.795044 33.136963 -555.357300
v 1021.402161 33.327759 -555.357178
v 1062.009399 33.518311 -555.357178
v 1102.616577 31.722778 -555.357300
v 1143.223755 29.219849 -555.357300
v 1183.830811 26.630615 -555.357178
v 1224.438110 23.937134 -555.357178
v 1265.045166 21.211304 -555.357178
v -1252.599365 46.177002 -586.409668
v -1211.992310 45.579712 -586.409668
v -1171.385132 45.575439 -586.409790
v -1130.777954 48.041626 -586.409668
v -1090.170776 52.410278 -586.409668
v -1049.563477 54.453857 -586.409790
v -1008.956299 50.531494 -586.409668
v -968.349243 46.609131 -586.409790
v -927.741943 42.238037 -586.409668
v -887.134888 37.865112 -586.409790
v -846.527649 35.046143 -586.409668
v -805.920471 32.857544 -586.409790
v -765.313354 30.663330 -586.409790
v -724.706177 28.404541 -586.409668
v -684.098999 26.446411 -586.409790
v -643.491760 25.553589 -586.409790
v -602.884644 24.660767 -586.409790
v -562.277466 23.410889 -586.409668
v -521.670227 22.102173 -586.409790
v -481.063171 22.558228 -586.409790
v -440.455963 24.326416 -586.409790
v -399.848785 26.984253 -586.409790
v -359.241669 31.829712 -586.409790
v -318.634460 36.665283 -586.409790
v -278.027313 39.343994 -586.409668
v -237.420197 42.022217 -586.409790
v -196.812927 45.022217 -586.409790
v -156.205872 48.147217 -586.409790
v -115.598633 52.206665 -586.409790
v -74.991425 57.476929 -586.409790
v -34.384342 62.151733 -586.409790
v 6.222958 63.482178 -586.409790
v 46.830074 64.812866 -586.409790
v 87.437256 64.975220 -586.409790
v 128.044464 64.957886 -586.409790
v 168.651611 63.171631 -586.409790
v 209.258759 60.116089 -586.409790
v 249.865845 56.534424 -586.409790
v 290.473206 51.710327 -586.409790
v 331.080231 46.886108 -586.409790
v 371.687469 42.027588 -586.409790
v 412.294617 37.169189 -586.409668
v 452.901794 33.248657 -586.409790
v 493.509003 29.677124 -586.409790
v 534.116089 27.850464 -586.409790
v 574.723328 28.205811 -586.409790
v 615.330505 28.569946 -586.409790
v 655.937622 28.924683 -586.409668
v 696.544800 29.393311 -586.409790
v 737.151978 29.437256 -586.409790
v 777.759094 29.428467 -586.409790
v 818.366333 29.422241 -586.409790
v 858.973511 29.418091 -586.409790
v 899.580627 29.950073 -586.409790
v 940.187866 31.696899 -586.409668
v 980.794983 33.414673 -586.409668
v 1021.402222 33.843628 -586.409790
v 1062.009399 34.272583 -586.409668
v 1102.616455 32.451782 -586.409668
v 1143.223755 29.829712 -586.409790
v 1183.830933 27.013062 -586.409790
v 1224.438110 23.962158 -586.409668
v 1265.045166 20.838623 -586.409790
v -1252.599487 41.165405 -617.462402
v -1211.992310 40.888306 -617.462280
v -1171.385132 41.117920 -617.462402
v -1130.777954 43.690674 -617.462280
v -1090.170776 48.067993 -617.462280
v -1049.563477 50.209595 -617.462280
v -1008.956421 46.614502 -617.462402
v -968.349182 43.019287 -617.462280
v -927.742065 38.530884 -617.462402
v -887.134827 34.038696 -617.462280
v -846.527710 31.593994 -617.462280
v -805.920471 29.979126 -617.462280
v -765.313293 28.119507 -617.462402
v -724.706177 25.930908 -617.462402
v -684.098938 23.962158 -617.462280
v -643.491821 23.316162 -617.462280
v -602.884766 22.670532 -617.462280
v -562.277466 21.649048 -617.462280
v -521.670349 20.565308 -617.462402
v -481.063110 21.239380 -617.462280
v -440.456055 23.219971 -617.462524
v -399.848785 25.953491 -617.462280
v -359.241669 30.538940 -617.462402
v -318.634460 35.109009 -617.462402
v -278.027374 36.357544 -617.462402
v -237.420197 37.606201 -617.462280
v -196.813019 39.748657 -617.462402
v -156.205811 42.238525 -617.462402
v -115.598633 45.232056 -617.462402
v -74.991333 48.877197 -617.462402
v -34.384281 52.048462 -617.462280
v 6.222897 52.557861 -617.462402
v 46.830074 53.067261 -617.462280
v 87.437195 53.334229 -617.462280
v 128.044464 53.564087 -617.462280
v 168.651581 51.942749 -617.462280
v 209.258789 48.993530 -617.462280
v 249.865967 45.796509 -617.462280
v 290.473083 42.014771 -617.462402
v 331.080261 38.237549 -617.462280
v 371.687500 34.800171 -617.462280
v 412.294678 31.362915 -617.462402
v 452.901886 28.715454 -617.462402
v 493.509003 26.362183 -617.462402
v 534.116089 25.452759 -617.462280
v 574.723328 26.349854 -617.462402
v 615.330444 27.191650 -617.462280
v 655.937622 27.744385 -617.462280
v 696.544800 28.296753 -617.462280
v 737.151978 28.365601 -617.462402
v 777.759155 28.365601 -617.462280
v 818.366333 28.569458 -617.462280
v 858.973450 28.913696 -617.462280
v 899.580627 29.724243 -617.462280
v 940.187866 31.590088 -617.462402
v 980.795105 33.432251 -617.462402
v 1021.402222 34.214233 -617.462280
v 1062.009399 34.996338 -617.462280
v 1102.616577 33.349854 -617.462280
v 1143.223755 30.838501 -617.462280
v 1183.830811 28.076416 -617.462280
v 1224.438232 25.012085 -617.462402
v 1265.045288 21.874390 -617.462280
v -1252.599365 36.139771 -648.514771
v -1211.992310 36.190308 -648.514893
v -1171.385132 36.658447 -648.514893
v -1130.777954 39.334839 -648.514771
v -1090.170776 43.712158 -648.514893
v -1049.563599 45.954346 -648.514893
v -1008.956421 42.716431 -648.514893
v -968.349243 39.478760 -648.514893
v -927.742065 34.872925 -648.514893
v -887.134888 30.261597 -648.514893
v -846.527588 28.206299 -648.514893
v -805.920532 27.187622 -648.514893
v -765.313232 25.669189 -648.514771
v -724.706299 23.480713 -648.514893
v -684.098999 21.545776 -648.514893
v -643.491821 21.138306 -648.514771
v -602.884766 20.730835 -648.514893
v -562.277466 19.947876 -648.514893
v -521.670349 19.102661 -648.514893
v -481.063324 20.014893 -648.514893
v -440.456055 22.234009 -648.514893
v -399.848846 25.067993 -648.514771
v -359.241608 29.415161 -648.514771
v -318.634521 33.741333 -648.514893
v -278.027283 33.559814 -648.514771
v -237.420166 33.378296 -648.514893
v -196.812988 34.691650 -648.514893
v -156.205719 36.585693 -648.514893
v -115.598602 38.515991 -648.514893
v -74.991516 40.492920 -648.514893
v -34.384220 42.121704 -648.514893
v 6.222958 41.797119 -648.514893
v 46.830013 41.472412 -648.514893
v 87.437317 41.834595 -648.514893
v 128.044373 42.302612 -648.514893
v 168.651550 40.850342 -648.514893
v 209.258759 38.020264 -648.514893
v 249.865997 35.226196 -648.514893
v 290.473175 32.516968 -648.514771
v 331.080322 29.817139 -648.514893
v 371.687408 27.810181 -648.514893
v 412.294678 25.802856 -648.514893
v 452.901855 24.411499 -648.514893
v 493.508972 23.249756 -648.514893
v 534.116089 23.214233 -648.514893
v 574.723206 24.588135 -648.514893
v 615.330505 25.849731 -648.514893
v 655.937683 26.521118 -648.514893
v 696.544800 27.192993 -648.514893
v 737.152039 27.276978 -648.514893
v 777.759155 27.276611 -648.514893
v 818.366333 27.691528 -648.514893
v 858.973511 28.393677 -648.514893
v 899.580750 29.488525 -648.514893
v 940.187805 31.473511 -648.514771
v 980.794983 33.440063 -648.514771
v 1021.402222 34.579712 -648.514893
v 1062.009521 35.719360 -648.514893
v 1102.616577 34.254517 -648.514771
v 1143.223755 31.861938 -648.514893
v 1183.830933 29.165283 -648.514893
v 1224.438110 26.101196 -648.514893
v 1265.045288 22.963501 -648.514893
v -1252.599487 31.113647 -679.567383
v -1211.992310 31.492798 -679.567505
v -1171.385132 32.198975 -679.567383
v -1130.777832 34.979126 -679.567383
v -1090.170776 39.356323 -679.567383
v -1049.563599 41.698486 -679.567383
v -1008.956421 38.818237 -679.567505
v -968.349304 35.938110 -679.567383
v -927.742004 31.215210 -679.567261
v -887.134888 26.484619 -679.567383
v -846.527771 24.818970 -679.567383
v -805.920532 24.396118 -679.567383
v -765.313354 23.219360 -679.567383
v -724.706177 21.030518 -679.567505
v -684.098999 19.129761 -679.567505
v -643.491821 18.960571 -679.567383
v -602.884644 18.791382 -679.567383
v -562.277466 18.246704 -679.567383
v -521.670288 17.639771 -679.567383
v -481.063141 18.790283 -679.567383
v -440.455994 21.247681 -679.567383
v -399.848907 24.182251 -679.567383
v -359.241699 28.291138 -679.567383
v -318.634430 32.373657 -679.567383
v -278.027252 30.761963 -679.567383
v -237.420044 29.150513 -679.567383
v -196.812866 29.634399 -679.567383
v -156.205841 30.932861 -679.567505
v -115.598633 31.799927 -679.567383
v -74.991394 32.108521 -679.567383
v -34.384281 32.195435 -679.567383
v 6.222897 31.036377 -679.567383
v 46.830074 29.877319 -679.567383
v 87.437317 30.335205 -679.567383
v 128.044373 31.041260 -679.567383
v 168.651489 29.758179 -679.567383
v 209.258759 27.047119 -679.567383
v 249.865875 24.655884 -679.567383
v 290.473083 23.019287 -679.567383
v 331.080322 21.396851 -679.567505
v 371.687347 20.819580 -679.567383
v 412.294617 20.242432 -679.567383
v 452.901733 20.107544 -679.567383
v 493.508972 20.137329 -679.567505
v 534.116089 20.976196 -679.567383
v 574.723206 22.826416 -679.567383
v 615.330444 24.507446 -679.567383
v 655.937622 25.298462 -679.567383
v 696.544922 26.089111 -679.567505
v 737.151855 26.187744 -679.567383
v 777.759094 26.187744 -679.567383
v 818.366272 26.813721 -679.567383
v 858.973389 27.873291 -679.567261
v 899.580627 29.252686 -679.567383
v 940.187805 31.356812 -679.567383
v 980.795044 33.447876 -679.567383
v 1021.402344 34.944946 -679.567505
v 1062.009399 36.442017 -679.567383
v 1102.616699 35.159058 -679.567505
v 1143.223755 32.885864 -679.567383
v 1183.830811 30.254272 -679.567383
v 1224.438232 27.190186 -679.567505
v 1265.045166 24.052124 -679.567383
v -1252.599365 26.503784 -710.619873
v -1211.992310 27.160767 -710.619873
v -1171.385254 28.070557 -710.619995
v -1130.777832 30.841553 -710.619873
v -1090.170776 35.046143 -710.619995
v -1049.563721 37.373779 -710.619873
v -1008.956299 34.885864 -710.619873
v -968.349304 32.397705 -710.619995
v -927.742249 27.695435 -710.619995
v -887.134827 22.984009 -710.619995
v -846.527710 21.599976 -710.619995
v -805.920532 21.565308 -710.619873
v -765.313354 20.699585 -710.619995
v -724.706177 18.718628 -710.619995
v -684.098938 17.010010 -710.619995
v -643.491882 16.940552 -710.619995
v -602.884644 16.871704 -710.619995
v -562.277405 16.456299 -710.619995
v -521.670410 15.984009 -710.619995
v -481.063141 17.249390 -710.619995
v -440.455963 19.806763 -710.619873
v -399.848785 22.693604 -710.619995
v -359.241699 26.390869 -710.619995
v -318.634460 30.059937 -710.619995
v -278.027283 27.571899 -710.619995
v -237.420197 25.083862 -710.619995
v -196.812897 25.217163 -710.619995
v -156.205719 26.369507 -710.619995
v -115.598633 26.623169 -710.619995
v -74.991455 25.713257 -710.619995
v -34.384281 24.650024 -710.619873
v 6.222836 22.725952 -710.619995
v 46.830135 20.802124 -710.619995
v 87.437256 21.124634 -710.619995
v 128.044373 21.792603 -710.619995
v 168.651520 20.582642 -710.619995
v 209.258789 18.025635 -710.619995
v 249.865997 16.040894 -710.619995
v 290.473114 15.407593 -710.619995
v 331.080261 14.732056 -710.619873
v 371.687561 15.226196 -710.619995
v 412.294617 15.664185 -710.619995
v 452.901855 16.496460 -710.619995
v 493.509003 17.475830 -710.619995
v 534.116028 18.930786 -710.619995
v 574.723389 20.981323 -710.619995
v 615.330505 22.854736 -710.619995
v 655.937622 23.799561 -710.619873
v 696.544800 24.744019 -710.619995
v 737.151978 24.922485 -710.619995
v 777.759155 24.991455 -710.619873
v 818.366333 25.836670 -710.619873
v 858.973511 27.218872 -710.619995
v 899.580688 28.848389 -710.619995
v 940.187866 31.036865 -710.619995
v 980.795044 33.216064 -710.619995
v 1021.402161 34.967163 -710.619873
v 1062.009399 36.718018 -710.619873
v 1102.616577 35.614990 -710.619873
v 1143.223755 33.495483 -710.619995
v 1183.830933 30.932251 -710.619995
v 1224.438110 27.833618 -710.619873
v 1265.045166 24.678955 -710.619995
v -1252.599487 22.910889 -741.672607
v -1211.992310 23.722778 -741.672485
v -1171.385132 24.752075 -741.672485
v -1130.777954 27.238403 -741.672485
v -1090.170776 30.846924 -741.672485
v -1049.563599 32.879517 -741.672485
v -1008.956421 30.867920 -741.672485
v -968.349365 28.856689 -741.672485
v -927.742065 24.512329 -741.672485
v -887.134766 20.158447 -741.672485
v -846.527588 18.792847 -741.672485
v -805.920532 18.639038 -741.672485
v -765.313293 18.010498 -741.672485
v -724.706299 16.744385 -741.672607
v -684.099060 15.614868 -741.672607
v -643.491943 15.307251 -741.672485
v -602.884521 14.999756 -741.672485
v -562.277466 14.448486 -741.672607
v -521.670349 13.800415 -741.672485
v -481.063293 14.934937 -741.672607
v -440.455933 17.253662 -741.672485
v -399.848785 19.729858 -741.672485
v -359.241516 22.593384 -741.672607
v -318.634521 25.434204 -741.672485
v -278.027344 23.422974 -741.672485
v -237.420105 21.411377 -741.672485
v -196.812988 22.364868 -741.672607
v -156.205750 24.470337 -741.672607
v -115.598511 25.210205 -741.672485
v -74.991455 24.180908 -741.672607
v -34.384342 22.869507 -741.672485
v 6.222836 20.406616 -741.672607
v 46.830074 17.830322 -741.672485
v 87.437256 17.510132 -741.672485
v 128.044434 17.463135 -741.672607
v 168.651611 16.093384 -741.672607
v 209.258728 13.774658 -741.672485
v 249.865906 12.205688 -741.672485
v 290.473145 12.406616 -741.672485
v 331.080322 12.610718 -741.672485
v 371.687469 13.048462 -741.672607
v 412.294617 13.486084 -741.672485
v 452.901733 14.579346 -741.672485
v 493.508972 15.915771 -741.672485
v 534.116150 17.357788 -741.672485
v 574.723328 18.931396 -741.672485
v 615.330505 20.442627 -741.672485
v 655.937622 21.625610 -741.672607
v 696.544800 22.808716 -741.672485
v 737.151978 23.225220 -741.672485
v 777.759155 23.532837 -741.672485
v 818.366272 24.616333 -741.672485
v 858.973450 26.236938 -741.672485
v 899.580627 28.031616 -741.672485
v 940.187988 30.220337 -741.672607
v 980.795105 32.399536 -741.672485
v 1021.402222 34.150513 -741.672485
v 1062.009399 35.901245 -741.672485
v 1102.616699 34.974243 -741.672607
v 1143.223755 33.092896 -741.672485
v 1183.830811 30.606079 -741.672485
v 1224.438110 27.388062 -741.672485
v 1265.045166 24.174438 -741.672485
v -1252.599243 19.317993 -772.724976
v -1211.992310 20.284912 -772.724976
v -1171.385254 21.433228 -772.725098
v -1130.777832 23.635010 -772.724976
v -1090.170776 26.647705 -772.724976
v -1049.563721 28.385132 -772.725098
v -1008.956299 26.850220 -772.724976
v -968.349182 25.315674 -772.724976
v -927.741943 21.329346 -772.724976
v -887.134766 17.333130 -772.724976
v -846.527710 15.985596 -772.725098
v -805.920471 15.712769 -772.724976
v -765.313354 15.321167 -772.724976
v -724.706177 14.770142 -772.725098
v -684.098999 14.162842 -772.724976
v -643.491821 13.673706 -772.724976
v -602.884644 13.128052 -772.724976
v -562.277588 12.440674 -772.725098
v -521.670288 11.730103 -772.724976
v -481.063110 12.620361 -772.724976
v -440.456085 14.700806 -772.725098
v -399.848816 16.766479 -772.725098
v -359.241638 18.795654 -772.725098
v -318.634491 20.751587 -772.724976
v -278.027222 19.273682 -772.724976
v -237.420044 17.738892 -772.724976
v -196.813019 19.512085 -772.725098
v -156.205811 22.571045 -772.724976
v -115.598572 23.796997 -772.724976
v -74.991394 22.648804 -772.724976
v -34.384342 21.203003 -772.725098
v 6.222897 18.087280 -772.724976
v 46.830135 14.915283 -772.724976
v 87.437195 13.896118 -772.724976
v 128.044556 13.134033 -772.725098
v 168.651550 11.547607 -772.724976
v 209.258728 9.523560 -772.725098
v 249.865875 8.370483 -772.724976
v 290.473053 9.405640 -772.724976
v 331.080261 10.432861 -772.724976
v 371.687439 10.870361 -772.725098
v 412.294525 11.308472 -772.724976
v 452.901825 12.661743 -772.725098
v 493.508942 14.299438 -772.724976
v 534.116028 15.784790 -772.724976
v 574.723389 16.881592 -772.725098
v 615.330566 18.030518 -772.724976
v 655.937622 19.451782 -772.724976
v 696.544861 20.873291 -772.724976
v 737.151978 21.528198 -772.725098
v 777.759155 22.073975 -772.725098
v 818.366333 23.395874 -772.724976
v 858.973572 25.255005 -772.725098
v 899.580688 27.215088 -772.725098
v 940.187866 29.403564 -772.725098
v 980.794983 31.582764 -772.724976
v 1021.402161 33.333740 -772.724976
v 1062.009399 35.084717 -772.725098
v 1102.616577 34.332886 -772.725098
v 1143.223633 32.690186 -772.724976
v 1183.831055 30.280029 -772.725098
v 1224.438110 26.942993 -772.724976
v 1265.045288 23.670044 -772.725098
v -1252.599487 15.725220 -803.777588
v -1211.992310 16.847046 -803.777588
v -1171.385132 18.114624 -803.777588
v -1130.778076 20.031494 -803.777710
v -1090.170776 22.448486 -803.777588
v -1049.563843 23.890503 -803.777710
v -1008.956299 22.832642 -803.777588
v -968.349365 21.774658 -803.777466
v -927.741943 18.146240 -803.777588
v -887.134827 14.507446 -803.777588
v -846.527832 13.178589 -803.777588
v -805.920593 12.786499 -803.777710
v -765.313232 12.631958 -803.777588
v -724.706238 12.795654 -803.777588
v -684.098938 12.767944 -803.777588
v -643.491821 12.040405 -803.777588
v -602.884766 11.256104 -803.777588
v -562.277466 10.432739 -803.777588
v -521.670410 9.603149 -803.777710
v -481.063171 10.305786 -803.777710
v -440.455963 12.147827 -803.777588
v -399.848694 13.802979 -803.777588
v -359.241638 14.998169 -803.777710
v -318.634430 16.182495 -803.777588
v -278.027313 15.124634 -803.777710
v -237.420166 14.066650 -803.777588
v -196.812866 16.659546 -803.777588
v -156.205811 20.671753 -803.777710
v -115.598633 22.384155 -803.777588
v -74.991394 21.116577 -803.777588
v -34.384281 19.479370 -803.777588
v 6.222897 15.767944 -803.777710
v 46.830074 12.056519 -803.777588
v 87.437195 10.281616 -803.777588
v 128.044495 8.804565 -803.777588
v 168.651550 7.114868 -803.777588
v 209.258728 5.272705 -803.777588
v 249.865936 4.535400 -803.777588
v 290.473114 6.404541 -803.777710
v 331.080200 8.255005 -803.777588
v 371.687378 8.692627 -803.777588
v 412.294617 9.130249 -803.777588
v 452.901733 10.744385 -803.777588
v 493.509003 12.796143 -803.777588
v 534.116150 14.211792 -803.777588
v 574.723328 14.832275 -803.777588
v 615.330444 15.618774 -803.777466
v 655.937622 17.278198 -803.777588
v 696.544678 18.937866 -803.777588
v 737.152100 19.831299 -803.777710
v 777.759155 20.615479 -803.777588
v 818.366211 22.175537 -803.777588
v 858.973389 24.273071 -803.777588
v 899.580688 26.398193 -803.777588
v 940.187866 28.587036 -803.777588
v 980.794983 30.765991 -803.777588
v 1021.402222 32.516846 -803.777588
v 1062.009277 34.267944 -803.777466
v 1102.616577 33.692017 -803.777588
v 1143.223755 32.287720 -803.777588
v 1183.831055 29.953735 -803.777588
v 1224.438110 26.497681 -803.777588
v 1265.045288 23.165649 -803.777710
v -1252.599487 13.677124 -834.830078
v -1211.992310 14.546143 -834.830078
v -1171.385132 15.491821 -834.830078
v -1130.777832 16.848877 -834.830078
v -1090.170776 18.522827 -834.830200
v -1049.563599 19.523071 -834.830078
v -1008.956421 18.794556 -834.830200
v -968.349365 18.066284 -834.830200
v -927.742065 15.088135 -834.830078
v -887.134827 12.100952 -834.830078
v -846.527832 10.770752 -834.830200
v -805.920532 10.055908 -834.830078
v -765.313293 10.016357 -834.830200
v -724.706177 10.674683 -834.830078
v -684.098999 11.124878 -834.830078
v -643.491821 10.322876 -834.830078
v -602.884766 9.520874 -834.830200
v -562.277466 8.782349 -834.830200
v -521.670288 8.053833 -834.830078
v -481.063324 8.705200 -834.830200
v -440.455994 10.382568 -834.830078
v -399.848755 11.721924 -834.830078
v -359.241608 12.229736 -834.830078
v -318.634491 12.732056 -834.830200
v -278.027374 12.003540 -834.830200
v -237.420227 11.275024 -834.830322
v -196.813049 14.064331 -834.830200
v -156.205811 18.221313 -834.830078
v -115.598572 20.347412 -834.830200
v -74.991455 19.843140 -834.830200
v -34.384281 18.819458 -834.830200
v 6.222897 14.879639 -834.830200
v 46.830013 10.940186 -834.830200
v 87.437256 8.515259 -834.830200
v 128.044312 6.266602 -834.830078
v 168.651611 4.558838 -834.830200
v 209.258789 3.101807 -834.830200
v 249.865967 2.708740 -834.830200
v 290.473114 4.823853 -834.830200
v 331.080322 6.918823 -834.830200
v 371.687408 7.503540 -834.830078
v 412.294647 8.088501 -834.830078
v 452.901764 9.681274 -834.830078
v 493.508942 11.649536 -834.830200
v 534.116089 12.970093 -834.830200
v 574.723267 13.481567 -834.830200
v 615.330444 14.179077 -834.830078
v 655.937744 15.856689 -834.830200
v 696.544861 17.533936 -834.830078
v 737.151917 18.702393 -834.830078
v 777.759155 19.798462 -834.830200
v 818.366333 21.496948 -834.830078
v 858.973389 23.611694 -834.830078
v 899.580566 25.704712 -834.830200
v 940.187866 27.746338 -834.830078
v 980.795105 29.775146 -834.830078
v 1021.402222 31.231812 -834.830078
v 1062.009399 32.688599 -834.830200
v 1102.616577 32.048462 -834.830078
v 1143.223755 30.661743 -834.830078
v 1183.830811 28.383545 -834.830078
v 1224.438110 25.028687 -834.830078
v 1265.045288 21.833862 -834.830200
v -1252.599487 12.588135 -865.882568
v -1211.992188 12.951294 -865.882568
v -1171.385254 13.300903 -865.882690
v -1130.777832 13.927490 -865.882568
v -1090.170776 14.767212 -865.882690
v -1049.563477 15.234131 -865.882690
v -1008.956421 14.744019 -865.882568
v -968.349121 14.254028 -865.882568
v -927.742065 12.107666 -865.882690
v -887.134766 9.954712 -865.882568
v -846.527710 8.610718 -865.882690
v -805.920471 7.594971 -865.882568
v -765.313354 7.446533 -865.882690
v -724.706177 8.462524 -865.882568
v -684.098999 9.236084 -865.882568
v -643.491821 8.553467 -865.882690
v -602.884644 7.870728 -865.882690
v -562.277466 7.353394 -865.882568
v -521.670288 6.863159 -865.882690
v -481.063171 7.548096 -865.882690
v -440.455994 9.106079 -865.882690
v -399.848877 10.188599 -865.882690
v -359.241577 10.100708 -865.882568
v -318.634491 10.010864 -865.882812
v -278.027283 9.520630 -865.882690
v -237.420166 9.030518 -865.882568
v -196.812927 11.629150 -865.882812
v -156.205811 15.428467 -865.882690
v -115.598633 17.923950 -865.882690
v -74.991394 18.730347 -865.882690
v -34.384220 18.819214 -865.882690
v 6.222897 14.879761 -865.882690
v 46.830013 10.940186 -865.882690
v 87.437256 7.895386 -865.882568
v 128.044373 4.988403 -865.882568
v 168.651611 3.203247 -865.882690
v 209.258667 2.222900 -865.882690
v 249.865967 2.128784 -865.882690
v 290.473053 4.124756 -865.882690
v 331.080200 6.105225 -865.882690
v 371.687408 6.928345 -865.882568
v 412.294556 7.751587 -865.882690
v 452.901855 9.148682 -865.882812
v 493.509003 10.759155 -865.882690
v 534.116089 11.934326 -865.882568
v 574.723267 12.564575 -865.882568
v 615.330322 13.343384 -865.882690
v 655.937561 14.901611 -865.882690
v 696.544678 16.460083 -865.882690
v 737.151917 17.926392 -865.882690
v 777.759155 19.380127 -865.882690
v 818.366333 21.154053 -865.882568
v 858.973450 23.150024 -865.882690
v 899.580627 25.087158 -865.882690
v 940.187927 26.890259 -865.882690
v 980.794983 28.675537 -865.882568
v 1021.402222 29.655884 -865.882568
v 1062.009399 30.635986 -865.882690
v 1102.616577 29.782837 -865.882568
v 1143.223755 28.276978 -865.882690
v 1183.830933 26.041626 -865.882568
v 1224.438110 22.925049 -865.882690
v 1265.045166 19.988525 -865.882568
vt 0.015625 0.015625
vt 0.031250 0.015625
vt 0.031250 0.031250
vt 0.015625 0.031250
vt 0.046875 0.015625
vt 0.046875 0.031250
vt 0.062500 0.015625
vt 0.062500 0.031250
vt 0.078125 0.015625
vt 0.078125 0.031250
vt 0.093750 0.015625
vt 0.093750 0.031250
vt 0.109375 0.015625
vt 0.109375 0.031250
vt 0.125000 0.015625
vt 0.125000 0.031250
vt 0.140625 0.015625
vt 0.140625 0.031250
vt 0.156250 0.015625
vt 0.156250 0.031250
vt 0.171875 0.015625
vt 0.171875 0.031250
vt 0.187500 0.015625
vt 0.187500 0.031250
vt 0.203125 0.015625
vt 0.203125 0.031250
vt 0.218750 0.015625
vt 0.218750 0.031250
vt 0.234375 0.015625
vt 0.234375 0.031250
vt 0.250000 0.015625
vt 0.250000 0.031250
vt 0.265625 0.015625
vt 0.265625 0.031250
vt 0.281250 0.015625
vt 0.281250 0.031250
vt 0.296875 0.015625
vt 0.296875 0.031250
vt 0.312500 0.015625
vt 0.312500 0.031250
vt 0.328125 0.015625
vt 0.328125 0.031250
vt 0.343750 0.015625
vt 0.343750 0.031250
vt 0.359375 0.015625
vt 0.359375 0.031250
vt 0.375000 0.015625
vt 0.375000 0.031250
vt 0.390625 0.015625
vt 0.390625 0.031250
vt 0.406250 0.015625
vt 0.406250 0.031250
vt 0.421875 0.015625
vt 0.421875 0.031250
vt 0.437500 0.015625
vt 0.437500 0.031250
vt 0.453125 0.015625
vt 0.453125 0.031250
vt 0.468750 0.015625
vt 0.468750 0.031250
vt 0.484375 0.015625
vt 0.484375 0.031250
vt 0.500000 0.015625
vt 0.500000 0.031250
vt 0.515625 0.015625
vt 0.515625 0.031250
vt 0.531250 0.015625
vt 0.531250 0.031250
vt 0.546875 0.015625
vt 0.546875 0.031250
vt 0.562500 0.015625
vt 0.562500 0.031250
vt 0.578125 0.015625
vt 0.578125 0.031250
vt 0.593750 0.015625
vt 0.593750 0.031250
vt 0.609375 0.015625
vt 0.609375 0.031250
vt 0.625000 0.015625
vt 0.625000 0.031250
vt 0.640625 0.015625
vt 0.640625 0.031250
vt 0.656250 0.015625
vt 0.656250 0.031250
vt 0.671875 0.015625
vt 0.671875 0.031250
vt 0.687500 0.015625
vt 0.687500 0.031250
vt 0.703125 0.015625
vt 0.703125 0.031250
vt 0.718750 0.015625
vt 0.718750 0.031250
vt 0.734375 0.015625
vt 0.734375 0.031250
vt 0.750000 0.015625
vt 0.750000 0.031250
vt 0.765625 0.015625
vt 0.765625 0.031250
vt 0.781250 0.015625
vt 0.781250 0.031250
vt 0.796875 0.015625
vt 0.796875 0.031250
vt 0.812500 0.015625
vt 0.812500 0.031250
vt 0.828125 0.015625
vt 0.828125 0.031250
vt 0.843750 0.015625
vt 0.843750 0.031250
vt 0.859375 0.015625
vt 0.859375 0.031250
vt 0.875000 0.015625
vt 0.875000 0.031250
vt 0.890625 0.015625
vt 0.890625 0.031250
vt 0.906250 0.015625
vt 0.906250 0.031250
vt 0.921875 0.015625
vt 0.921875 0.031250
vt 0.937500 0.015625
vt 0.937500 0.031250
vt 0.953125 0.015625
vt 0.953125 0.031250
vt 0.968750 0.015625
vt 0.968750 0.031250
vt 0.984375 0.015625
vt 0.984375 0.031250
vt 0.031250 0.046875
vt 0.015625 0.046875
vt 0.046875 0.046875
vt 0.062500 0.046875
vt 0.078125 0.046875
vt 0.093750 0.046875
vt 0.109375 0.046875
vt 0.125000 0.046875
vt 0.140625 0.046875
vt 0.156250 0.046875
vt 0.171875 0.046875
vt 0.187500 0.046875
vt 0.203125 0.046875
vt 0.218750 0.046875
vt 0.234375 0.046875
vt 0.250000 0.046875
vt 0.265625 0.046875
vt 0.281250 0.046875
vt 0.296875 0.046875
vt 0.312500 0.046875
vt 0.328125 0.046875
vt 0.343750 0.046875
vt 0.359375 0.046875
vt 0.375000 0.046875
vt 0.390625 0.046875
vt 0.406250 0.046875
vt 0.421875 0.046875
vt 0.437500 0.046875
vt 0.453125 0.046875
vt 0.468750 0.046875
vt 0.484375 0.046875
vt 0.500000 0.046875
vt 0.515625 0.046875
vt 0.531250 0.046875
vt 0.546875 0.046875
vt 0.562500 0.046875
vt 0.578125 0.046875
vt 0.593750 0.046875
vt 0.609375 0.046875
vt 0.625000 0.046875
vt 0.640625 0.046875
vt 0.656250 0.046875
vt 0.671875 0.046875
vt 0.687500 0.046875
vt 0.703125 0.046875
vt 0.718750 0.046875
vt 0.734375 0.046875
vt 0.750000 0.046875
vt 0.765625 0.046875
vt 0.781250 0.046875
vt 0.796875 0.046875
vt 0.812500 0.046875
vt 0.828125 0.046875
vt 0.843750 0.046875
vt 0.859375 0.046875
vt 0.875000 0.046875
vt 0.890625 0.046875
vt 0.906250 0.046875
vt 0.921875 0.046875
vt 0.937500 0.046875
vt 0.953125 0.046875
vt 0.968750 0.046875
vt 0.984375 0.046875
vt 0.031250 0.062500
vt 0.015625 0.062500
vt 0.046875 0.062500
vt 0.062500 0.062500
vt 0.078125 0.062500
vt 0.093750 0.062500
vt 0.109375 0.062500
vt 0.125000 0.062500
vt 0.140625 0.062500
vt 0.156250 0.062500
vt 0.171875 0.062500
vt 0.187500 0.062500
vt 0.203125 0.062500
vt 0.218750 0.062500
vt 0.234375 0.062500
vt 0.250000 0.062500
vt 0.265625 0.062500
vt 0.281250 0.062500
vt 0.296875 0.062500
vt 0.312500 0.062500
vt 0.328125 0.062500
vt 0.343750 0.062500
vt 0.359375 0.062500
vt 0.375000 0.062500
vt 0.390625 0.062500
vt 0.406250 0.062500
vt 0.421875 0.062500
vt 0.437500 0.062500
vt 0.453125 0.062500
vt 0.468750 0.062500
vt 0.484375 0.062500
vt 0.500000 0.062500
vt 0.515625 0.062500
vt 0.531250 0.062500
vt 0.546875 0.062500
vt 0.562500 0.062500
vt 0.578125 0.062500
vt 0.593750 0.062500
vt 0.609375 0.062500
vt 0.625000 0.062500
vt 0.640625 0.062500
vt 0.656250 0.062500
vt 0.671875 0.062500
vt 0.687500 0.062500
vt 0.703125 0.062500
vt 0.718750 0.062500
vt 0.734375 0.062500
vt 0.750000 0.062500
vt 0.765625 0.062500
vt 0.781250 0.062500
vt 0.796875 0.062500
vt 0.812500 0.062500
vt 0.828125 0.062500
vt 0.843750 0.062500
vt 0.859375 0.062500
vt 0.875000 0.062500
vt 0.890625 0.062500
vt 0.906250 0.062500
vt 0.921875 0.062500
vt 0.937500 0.062500
vt 0.953125 0.062500
vt 0.968750 0.062500
vt 0.984375 0.062500
vt 0.031250 0.078125
vt 0.015625 0.078125
vt 0.046875 0.078125
vt 0.062500 0.078125
vt 0.078125 0.078125
vt 0.093750 0.078125
vt 0.109375 0.078125
vt 0.125000 0.078125
vt 0.140625 0.078125
vt 0.156250 0.078125
vt 0.171875 0.078125
vt 0.187500 0.078125
vt 0.203125 0.078125
vt 0.218750 0.078125
vt 0.234375 0.078125
vt 0.250000 0.078125
vt 0.265625 0.078125
vt 0.281250 0.078125
vt 0.296875 0.078125
vt 0.312500 0.078125
vt 0.328125 0.078125
vt 0.343750 0.078125
vt 0.359375 0.078125
vt 0.375000 0.078125
vt 0.390625 0.078125
vt 0.406250 0.078125
vt 0.421875 0.078125
vt 0.437500 0.078125
vt 0.453125 0.078125
vt 0.468750 0.078125
vt 0.484375 0.078125
vt 0.500000 0.078125
vt 0.515625 0.078125
vt 0.531250 0.078125
vt 0.546875 0.078125
vt 0.562500 0.078125
vt 0.578125 0.078125
vt 0.593750 0.078125
vt 0.609375 0.078125
vt 0.625000 0.078125
vt 0.640625 0.078125
vt 0.656250 0.078125
vt 0.671875 0.078125
vt 0.687500 0.078125
vt 0.703125 0.078125
vt 0.718750 0.078125
vt 0.734375 0.078125
vt 0.750000 0.078125
vt 0.765625 0.078125
vt 0.781250 0.078125
vt 0.796875 0.078125
vt 0.812500 0.078125
vt 0.828125 0.078125
vt 0.843750 0.078125
vt 0.859375 0.078125
vt 0.875000 0.078125
vt 0.890625 0.078125
vt 0.906250 0.078125
vt 0.921875 0.078125
vt 0.937500 0.078125
vt 0.953125 0.078125
vt 0.968750 0.078125
vt 0.984375 0.078125
vt 0.031250 0.093750
vt 0.015625 0.093750
vt 0.046875 0.093750
vt 0.062500 0.093750
vt 0.078125 0.093750
vt 0.093750 0.093750
vt 0.109375 0.093750
vt 0.125000 0.093750
vt 0.140625 0.093750
vt 0.156250 0.093750
vt 0.171875 0.093750
vt 0.187500 0.093750
vt 0.203125 0.093750
vt 0.218750 0.093750
vt 0.234375 0.093750
vt 0.250000 0.093750
vt 0.265625 0.093750
vt 0.281250 0.093750
vt 0.296875 0.093750
vt 0.312500 0.093750
vt 0.328125 0.093750
vt 0.343750 0.093750
vt 0.359375 0.093750
vt 0.375000 0.093750
vt 0.390625 0.093750
vt 0.406250 0.093750
vt 0.421875 0.093750
vt 0.437500 0.093750
vt 0.453125 0.093750
vt 0.468750 0.093750
vt 0.484375 0.093750
vt 0.500000 0.093750
vt 0.515625 0.093750
vt 0.531250 0.093750
vt 0.546875 0.093750
vt 0.562500 0.093750
vt 0.578125 0.093750
vt 0.593750 0.093750
vt 0.609375 0.093750
vt 0.625000 0.093750
vt 0.640625 0.093750
vt 0.656250 0.093750
vt 0.671875 0.093750
vt 0.687500 0.093750
vt 0.703125 0.093750
vt 0.718750 0.093750
vt 0.734375 0.093750
vt 0.750000 0.093750
vt 0.765625 0.093750
vt 0.781250 0.093750
vt 0.796875 0.093750
vt 0.812500 0.093750
vt 0.828125 0.093750
vt 0.843750 0.093750
vt 0.859375 0.093750
vt 0.875000 0.093750
vt 0.890625 0.093750
vt 0.906250 0.093750
vt 0.921875 0.093750
vt 0.937500 0.093750
vt 0.953125 0.093750
vt 0.968750 0.093750
vt 0.984375 0.093750
vt 0.031250 0.109375
vt 0.015625 0.109375
vt 0.046875 0.109375
vt 0.062500 0.109375
vt 0.078125 0.109375
vt 0.093750 0.109375
vt 0.109375 0.109375
vt 0.125000 0.109375
vt 0.140625 0.109375
vt 0.156250 0.109375
vt 0.171875 0.109375
vt 0.187500 0.109375
vt 0.203125 0.109375
vt 0.218750 0.109375
vt 0.234375 0.109375
vt 0.250000 0.109375
vt 0.265625 0.109375
vt 0.281250 0.109375
vt 0.296875 0.109375
vt 0.312500 0.109375
vt 0.328125 0.109375
vt 0.343750 0.109375
vt 0.359375 0.109375
vt 0.375000 0.109375
vt 0.390625 0.109375
vt 0.406250 0.109375
vt 0.421875 0.109375
vt 0.437500 0.109375
vt 0.453125 0.109375
vt 0.468750 0.109375
vt 0.484375 0.109375
vt 0.500000 0.109375
vt 0.515625 0.109375
vt 0.531250 0.109375
vt 0.546875 0.109375
vt 0.562500 0.109375
vt 0.578125 0.109375
vt 0.593750 0.109375
vt 0.609375 0.109375
vt 0.625000 0.109375
vt 0.640625 0.109375
vt 0.656250 0.109375
vt 0.671875 0.109375
vt 0.687500 0.109375
vt 0.703125 0.109375
vt 0.718750 0.109375
vt 0.734375 0.109375
vt 0.750000 0.109375
vt 0.765625 0.109375
vt 0.781250 0.109375
vt 0.796875 0.109375
vt 0.812500 0.109375
vt 0.828125 0.109375
vt 0.843750 0.109375
vt 0.859375 0.109375
vt 0.875000 0.109375
vt 0.890625 0.109375
vt 0.906250 0.109375
vt 0.921875 0.109375
vt 0.937500 0.109375
vt 0.953125 0.109375
vt 0.968750 0.109375
vt 0.984375 0.109375
vt 0.031250 0.125000
vt 0.015625 0.125000
vt 0.046875 0.125000
vt 0.062500 0.125000
vt 0.078125 0.125000
vt 0.093750 0.125000
vt 0.109375 0.125000
vt 0.125000 0.125000
vt 0.140625 0.125000
vt 0.156250 0.125000
vt 0.171875 0.125000
vt 0.187500 0.125000
vt 0.203125 0.125000
vt 0.218750 0.125000
vt 0.234375 0.125000
vt 0.250000 0.125000
vt 0.265625 0.125000
vt 0.281250 0.125000
vt 0.296875 0.125000
vt 0.312500 0.125000
vt 0.328125 0.125000
vt 0.343750 0.125000
vt 0.359375 0.125000
vt 0.375000 0.125000
vt 0.390625 0.125000
vt 0.406250 0.125000
vt 0.421875 0.125000
vt 0.437500 0.125000
vt 0.453125 0.125000
vt 0.468750 0.125000
vt 0.484375 0.125000
vt 0.500000 0.125000
vt 0.515625 0.125000
vt 0.531250 0.125000
vt 0.546875 0.125000
vt 0.562500 0.125000
vt 0.578125 0.125000
vt 0.593750 0.125000
vt 0.609375 0.125000
vt 0.625000 0.125000
vt 0.640625 0.125000
vt 0.656250 0.125000
vt 0.671875 0.125000
vt 0.687500 0.125000
vt 0.703125 0.125000
vt 0.718750 0.125000
vt 0.734375 0.125000
vt 0.750000 0.125000
vt 0.765625 0.125000
vt 0.781250 0.125000
vt 0.796875 0.125000
vt 0.812500 0.125000
vt 0.828125 0.125000
vt 0.843750 0.125000
vt 0.859375 0.125000
vt 0.875000 0.125000
vt 0.890625 0.125000
vt 0.906250 0.125000
vt 0.921875 0.125000
vt 0.937500 0.125000
vt 0.953125 0.125000
vt 0.968750 0.125000
vt 0.984375 0.125000
vt 0.031250 0.140625
vt 0.015625 0.140625
vt 0.046875 0.140625
vt 0.062500 0.140625
vt 0.078125 0.140625
vt 0.093750 0.140625
vt 0.109375 0.140625
vt 0.125000 0.140625
vt 0.140625 0.140625
vt 0.156250 0.140625
vt 0.171875 0.140625
vt 0.187500 0.140625
vt 0.203125 0.140625
vt 0.218750 0.140625
vt 0.234375 0.140625
vt 0.250000 0.140625
vt 0.265625 0.140625
vt 0.281250 0.140625
vt 0.296875 0.140625
vt 0.312500 0.140625
vt 0.328125 0.140625
vt 0.343750 0.140625
vt 0.359375 0.140625
vt 0.375000 0.140625
vt 0.390625 0.140625
vt 0.406250 0.140625
vt 0.421875 0.140625
vt 0.437500 0.140625
vt 0.453125 0.140625
vt 0.468750 0.140625
vt 0.484375 0.140625
vt 0.500000 0.140625
vt 0.515625 0.140625
vt 0.531250 0.140625
vt 0.546875 0.140625
vt 0.562500 0.140625
vt 0.578125 0.140625
vt 0.593750 0.140625
vt 0.609375 0.140625
vt 0.625000 0.140625
vt 0.640625 0.140625
vt 0.656250 0.140625
vt 0.671875 0.140625
vt 0.687500 0.140625
vt 0.703125 0.140625
vt 0.718750 0.140625
vt 0.734375 0.140625
vt 0.750000 0.140625
vt 0.765625 0.140625
vt 0.781250 0.140625
vt 0.796875 0.140625
vt 0.812500 0.140625
vt 0.828125 0.140625
vt 0.843750 0.140625
vt 0.859375 0.140625
vt 0.875000 0.140625
vt 0.890625 0.140625
vt 0.906250 0.140625
vt 0.921875 0.140625
vt 0.937500 0.140625
vt 0.953125 0.140625
vt 0.968750 0.140625
vt 0.984375 0.140625
vt 0.031250 0.156250
vt 0.015625 0.156250
vt 0.046875 0.156250
vt 0.062500 0.156250
vt 0.078125 0.156250
vt 0.093750 0.156250
vt 0.109375 0.156250
vt 0.125000 0.156250
vt 0.140625 0.156250
vt 0.156250 0.156250
vt 0.171875 0.156250
vt 0.187500 0.156250
vt 0.203125 0.156250
vt 0.218750 0.156250
vt 0.234375 0.156250
vt 0.250000 0.156250
vt 0.265625 0.156250
vt 0.281250 0.156250
vt 0.296875 0.156250
vt 0.312500 0.156250
vt 0.328125 0.156250
vt 0.343750 0.156250
vt 0.359375 0.156250
vt 0.375000 0.156250
vt 0.390625 0.156250
vt 0.406250 0.156250
vt 0.421875 0.156250
vt 0.437500 0.156250
vt 0.453125 0.156250
vt 0.468750 0.156250
vt 0.484375 0.156250
vt 0.500000 0.156250
vt 0.515625 0.156250
vt 0.531250 0.156250
vt 0.546875 0.156250
vt 0.562500 0.156250
vt 0.578125 0.156250
vt 0.593750 0.156250
vt 0.609375 0.156250
vt 0.625000 0.156250
vt 0.640625 0.156250
vt 0.656250 0.156250
vt 0.671875 0.156250
vt 0.687500 0.156250
vt 0.703125 0.156250
vt 0.718750 0.156250
vt 0.734375 0.156250
vt 0.750000 0.156250
vt 0.765625 0.156250
vt 0.781250 0.156250
vt 0.796875 0.156250
vt 0.812500 0.156250
vt 0.828125 0.156250
vt 0.843750 0.156250
vt 0.859375 0.156250
vt 0.875000 0.156250
vt 0.890625 0.156250
vt 0.906250 0.156250
vt 0.921875 0.156250
vt 0.937500 0.156250
vt 0.953125 0.156250
vt 0.968750 0.156250
vt 0.984375 0.156250
vt 0.031250 0.171875
vt 0.015625 0.171875
vt 0.046875 0.171875
vt 0.062500 0.171875
vt 0.078125 0.171875
vt 0.093750 0.171875
vt 0.109375 0.171875
vt 0.125000 0.171875
vt 0.140625 0.171875
vt 0.156250 0.171875
vt 0.171875 0.171875
vt 0.187500 0.171875
vt 0.203125 0.171875
vt 0.218750 0.171875
vt 0.234375 0.171875
vt 0.250000 0.171875
vt 0.265625 0.171875
vt 0.281250 0.171875
vt 0.296875 0.171875
vt 0.312500 0.171875
vt 0.328125 0.171875
vt 0.343750 0.171875
vt 0.359375 0.171875
vt 0.375000 0.171875
vt 0.390625 0.171875
vt 0.406250 0.171875
vt 0.421875 0.171875
vt 0.437500 0.171875
vt 0.453125 0.171875
vt 0.468750 0.171875
vt 0.484375 0.171875
vt 0.500000 0.171875
vt 0.515625 0.171875
vt 0.531250 0.171875
vt 0.546875 0.171875
vt 0.562500 0.171875
vt 0.578125 0.171875
vt 0.593750 0.171875
vt 0.609375 0.171875
vt 0.625000 0.171875
vt 0.640625 0.171875
vt 0.656250 0.171875
vt 0.671875 0.171875
vt 0.687500 0.171875
vt 0.703125 0.171875
vt 0.718750 0.171875
vt 0.734375 0.171875
vt 0.750000 0.171875
vt 0.765625 0.171875
vt 0.781250 0.171875
vt 0.796875 0.171875
vt 0.812500 0.171875
vt 0.828125 0.171875
vt 0.843750 0.171875
vt 0.859375 0.171875
vt 0.875000 0.171875
vt 0.890625 0.171875
vt 0.906250 0.171875
vt 0.921875 0.171875
vt 0.937500 0.171875
vt 0.953125 0.171875
vt 0.968750 0.171875
vt 0.984375 0.171875
vt 0.031250 0.187500
vt 0.015625 0.187500
vt 0.046875 0.187500
vt 0.062500 0.187500
vt 0.078125 0.187500
vt 0.093750 0.187500
vt 0.109375 0.187500
vt 0.125000 0.187500
vt 0.140625 0.187500
vt 0.156250 0.187500
vt 0.171875 0.187500
vt 0.187500 0.187500
vt 0.203125 0.187500
vt 0.218750 0.187500
vt 0.234375 0.187500
vt 0.250000 0.187500
vt 0.265625 0.187500
vt 0.281250 0.187500
vt 0.296875 0.187500
vt 0.312500 0.187500
vt 0.328125 0.187500
vt 0.343750 0.187500
vt 0.359375 0.187500
vt 0.375000 0.187500
vt 0.390625 0.187500
vt 0.406250 0.187500
vt 0.421875 0.187500
vt 0.437500 0.187500
vt 0.453125 0.187500
vt 0.468750 0.187500
vt 0.484375 0.187500
vt 0.500000 0.187500
vt 0.515625 0.187500
vt 0.531250 0.187500
vt 0.546875 0.187500
vt 0.562500 0.187500
vt 0.578125 0.187500
vt 0.593750 0.187500
vt 0.609375 0.187500
vt 0.625000 0.187500
vt 0.640625 0.187500
vt 0.656250 0.187500
vt 0.671875 0.187500
vt 0.687500 0.187500
vt 0.703125 0.187500
vt 0.718750 0.187500
vt 0.734375 0.187500
vt 0.750000 0.187500
vt 0.765625 0.187500
vt 0.781250 0.187500
vt 0.796875 0.187500
vt 0.812500 0.187500
vt 0.828125 0.187500
vt 0.843750 0.187500
vt 0.859375 0.187500
vt 0.875000 0.187500
vt 0.890625 0.187500
vt 0.906250 0.187500
vt 0.921875 0.187500
vt 0.937500 0.187500
vt 0.953125 0.187500
vt 0.968750 0.187500
vt 0.984375 0.187500
vt 0.031250 0.203125
vt 0.015625 0.203125
vt 0.046875 0.203125
vt 0.062500 0.203125
vt 0.078125 0.203125
vt 0.093750 0.203125
vt 0.109375 0.203125
vt 0.125000 0.203125
vt 0.140625 0.203125
vt 0.156250 0.203125
vt 0.171875 0.203125
vt 0.187500 0.203125
vt 0.203125 0.203125
vt 0.218750 0.203125
vt 0.234375 0.203125
vt 0.250000 0.203125
vt 0.265625 0.203125
vt 0.281250 0.203125
vt 0.296875 0.203125
vt 0.312500 0.203125
vt 0.328125 0.203125
vt 0.343750 0.203125
vt 0.359375 0.203125
vt 0.375000 0.203125
vt 0.390625 0.203125
vt 0.406250 0.203125
vt 0.421875 0.203125
vt 0.437500 0.203125
vt 0.453125 0.203125
vt 0.468750 0.203125
vt 0.484375 0.203125
vt 0.500000 0.203125
vt 0.515625 0.203125
vt 0.531250 0.203125
vt 0.546875 0.203125
vt 0.562500 0.203125
vt 0.578125 0.203125
vt 0.593750 0.203125
vt 0.609375 0.203125
vt 0.625000 0.203125
vt 0.640625 0.203125
vt 0.656250 0.203125
vt 0.671875 0.203125
vt 0.687500 0.203125
vt 0.703125 0.203125
vt 0.718750 0.203125
vt 0.734375 0.203125
vt 0.750000 0.203125
vt 0.765625 0.203125
vt 0.781250 0.203125
vt 0.796875 0.203125
vt 0.812500 0.203125
vt 0.828125 0.203125
vt 0.843750 0.203125
vt 0.859375 0.203125
vt 0.875000 0.203125
vt 0.890625 0.203125
vt 0.906250 0.203125
vt 0.921875 0.203125
vt 0.937500 0.203125
vt 0.953125 0.203125
vt 0.968750 0.203125
vt 0.984375 0.203125
vt 0.031250 0.218750
vt 0.015625 0.218750
vt 0.046875 0.218750
vt 0.062500 0.218750
vt 0.078125 0.218750
vt 0.093750 0.218750
vt 0.109375 0.218750
vt 0.125000 0.218750
vt 0.140625 0.218750
vt 0.156250 0.218750
vt 0.171875 0.218750
vt 0.187500 0.218750
vt 0.203125 0.218750
vt 0.218750 0.218750
vt 0.234375 0.218750
vt 0.250000 0.218750
vt 0.265625 0.218750
vt 0.281250 0.218750
vt 0.296875 0.218750
vt 0.312500 0.218750
vt 0.328125 0.218750
vt 0.343750 0.218750
vt 0.359375 0.218750
vt 0.375000 0.218750
vt 0.390625 0.218750
vt 0.406250 0.218750
vt 0.421875 0.218750
vt 0.437500 0.218750
vt 0.453125 0.218750
vt 0.468750 0.218750
vt 0.484375 0.218750
vt 0.500000 0.218750
vt 0.515625 0.218750
vt 0.531250 0.218750
vt 0.546875 0.218750
vt 0.562500 0.218750
vt 0.578125 0.218750
vt 0.593750 0.218750
vt 0.609375 0.218750
vt 0.625000 0.218750
vt 0.640625 0.218750
vt 0.656250 0.218750
vt 0.671875 0.218750
vt 0.687500 0.218750
vt 0.703125 0.218750
vt 0.718750 0.218750
vt 0.734375 0.218750
vt 0.750000 0.218750
vt 0.765625 0.218750
vt 0.781250 0.218750
vt 0.796875 0.218750
vt 0.812500 0.218750
vt 0.828125 0.218750
vt 0.843750 0.218750
vt 0.859375 0.218750
vt 0.875000 0.218750
vt 0.890625 0.218750
vt 0.906250 0.218750
vt 0.921875 0.218750
vt 0.937500 0.218750
vt 0.953125 0.218750
vt 0.968750 0.218750
vt 0.984375 0.218750
vt 0.031250 0.234375
vt 0.015625 0.234375
vt 0.046875 0.234375
vt 0.062500 0.234375
vt 0.078125 0.234375
vt 0.093750 0.234375
vt 0.109375 0.234375
vt 0.125000 0.234375
vt 0.140625 0.234375
vt 0.156250 0.234375
vt 0.171875 0.234375
vt 0.187500 0.234375
vt 0.203125 0.234375
vt 0.218750 0.234375
vt 0.234375 0.234375
vt 0.250000 0.234375
vt 0.265625 0.234375
vt 0.281250 0.234375
vt 0.296875 0.234375
vt 0.312500 0.234375
vt 0.328125 0.234375
vt 0.343750 0.234375
vt 0.359375 0.234375
vt 0.375000 0.234375
vt 0.390625 0.234375
vt 0.406250 0.234375
vt 0.421875 0.234375
vt 0.437500 0.234375
vt 0.453125 0.234375
vt 0.468750 0.234375
vt 0.484375 0.234375
vt 0.500000 0.234375
vt 0.515625 0.234375
vt 0.531250 0.234375
vt 0.546875 0.234375
vt 0.562500 0.234375
vt 0.578125 0.234375
vt 0.593750 0.234375
vt 0.609375 0.234375
vt 0.625000 0.234375
vt 0.640625 0.234375
vt 0.656250 0.234375
vt 0.671875 0.234375
vt 0.687500 0.234375
vt 0.703125 0.234375
vt 0.718750 0.234375
vt 0.734375 0.234375
vt 0.750000 0.234375
vt 0.765625 0.234375
vt 0.781250 0.234375
vt 0.796875 0.234375
vt 0.812500 0.234375
vt 0.828125 0.234375
vt 0.843750 0.234375
vt 0.859375 0.234375
vt 0.875000 0.234375
vt 0.890625 0.234375
vt 0.906250 0.234375
vt 0.921875 0.234375
vt 0.937500 0.234375
vt 0.953125 0.234375
vt 0.968750 0.234375
vt 0.984375 0.234375
vt 0.031250 0.250000
vt 0.015625 0.250000
vt 0.046875 0.250000
vt 0.062500 0.250000
vt 0.078125 0.250000
vt 0.093750 0.250000
vt 0.109375 0.250000
vt 0.125000 0.250000
vt 0.140625 0.250000
vt 0.156250 0.250000
vt 0.171875 0.250000
vt 0.187500 0.250000
vt 0.203125 0.250000
vt 0.218750 0.250000
vt 0.234375 0.250000
vt 0.250000 0.250000
vt 0.265625 0.250000
vt 0.281250 0.250000
vt 0.296875 0.250000
vt 0.312500 0.250000
vt 0.328125 0.250000
vt 0.343750 0.250000
vt 0.359375 0.250000
vt 0.375000 0.250000
vt 0.390625 0.250000
vt 0.406250 0.250000
vt 0.421875 0.250000
vt 0.437500 0.250000
vt 0.453125 0.250000
vt 0.468750 0.250000
vt 0.484375 0.250000
vt 0.500000 0.250000
vt 0.515625 0.250000
vt 0.531250 0.250000
vt 0.546875 0.250000
vt 0.562500 0.250000
vt 0.578125 0.250000
vt 0.593750 0.250000
vt 0.609375 0.250000
vt 0.625000 0.250000
vt 0.640625 0.250000
vt 0.656250 0.250000
vt 0.671875 0.250000
vt 0.687500 0.250000
vt 0.703125 0.250000
vt 0.718750 0.250000
vt 0.734375 0.250000
vt 0.750000 0.250000
vt 0.765625 0.250000
vt 0.781250 0.250000
vt 0.796875 0.250000
vt 0.812500 0.250000
vt 0.828125 0.250000
vt 0.843750 0.250000
vt 0.859375 0.250000
vt 0.875000 0.250000
vt 0.890625 0.250000
vt 0.906250 0.250000
vt 0.921875 0.250000
vt 0.937500 0.250000
vt 0.953125 0.250000
vt 0.968750 0.250000
vt 0.984375 0.250000
vt 0.031250 0.265625
vt 0.015625 0.265625
vt 0.046875 0.265625
vt 0.062500 0.265625
vt 0.078125 0.265625
vt 0.093750 0.265625
vt 0.109375 0.265625
vt 0.125000 0.265625
vt 0.140625 0.265625
vt 0.156250 0.265625
vt 0.171875 0.265625
vt 0.187500 0.265625
vt 0.203125 0.265625
vt 0.218750 0.265625
vt 0.234375 0.265625
vt 0.250000 0.265625
vt 0.265625 0.265625
vt 0.281250 0.265625
vt 0.296875 0.265625
vt 0.312500 0.265625
vt 0.328125 0.265625
vt 0.343750 0.265625
vt 0.359375 0.265625
vt 0.375000 0.265625
vt 0.390625 0.265625
vt 0.406250 0.265625
vt 0.421875 0.265625
vt 0.437500 0.265625
vt 0.453125 0.265625
vt 0.468750 0.265625
vt 0.484375 0.265625
vt 0.500000 0.265625
vt 0.515625 0.265625
vt 0.531250 0.265625
vt 0.546875 0.265625
vt 0.562500 0.265625
vt 0.578125 0.265625
vt 0.593750 0.265625
vt 0.609375 0.265625
vt 0.625000 0.265625
vt 0.640625 0.265625
vt 0.656250 0.265625
vt 0.671875 0.265625
vt 0.687500 0.265625
vt 0.703125 0.265625
vt 0.718750 0.265625
vt 0.734375 0.265625
vt 0.750000 0.265625
vt 0.765625 0.265625
vt 0.781250 0.265625
vt 0.796875 0.265625
vt 0.812500 0.265625
vt 0.828125 0.265625
vt 0.843750 0.265625
vt 0.859375 0.265625
vt 0.875000 0.265625
vt 0.890625 0.265625
vt 0.906250 0.265625
vt 0.921875 0.265625
vt 0.937500 0.265625
vt 0.953125 0.265625
vt 0.968750 0.265625
vt 0.984375 0.265625
vt 0.031250 0.281250
vt 0.015625 0.281250
vt 0.046875 0.281250
vt 0.062500 0.281250
vt 0.078125 0.281250
vt 0.093750 0.281250
vt 0.109375 0.281250
vt 0.125000 0.281250
vt 0.140625 0.281250
vt 0.156250 0.281250
vt 0.171875 0.281250
vt 0.187500 0.281250
vt 0.203125 0.281250
vt 0.218750 0.281250
vt 0.234375 0.281250
vt 0.250000 0.281250
vt 0.265625 0.281250
vt 0.281250 0.281250
vt 0.296875 0.281250
vt 0.312500 0.281250
vt 0.328125 0.281250
vt 0.343750 0.281250
vt 0.359375 0.281250
vt 0.375000 0.281250
vt 0.390625 0.281250
vt 0.406250 0.281250
vt 0.421875 0.281250
vt 0.437500 0.281250
vt 0.453125 0.281250
vt 0.468750 0.281250
vt 0.484375 0.281250
vt 0.500000 0.281250
vt 0.515625 0.281250
vt 0.531250 0.281250
vt 0.546875 0.281250
vt 0.562500 0.281250
vt 0.578125 0.281250
vt 0.593750 0.281250
vt 0.609375 0.281250
vt 0.625000 0.281250
vt 0.640625 0.281250
vt 0.656250 0.281250
vt 0.671875 0.281250
vt 0.687500 0.281250
vt 0.703125 0.281250
vt 0.718750 0.281250
vt 0.734375 0.281250
vt 0.750000 0.281250
vt 0.765625 0.281250
vt 0.781250 0.281250
vt 0.796875 0.281250
vt 0.812500 0.281250
vt 0.828125 0.281250
vt 0.843750 0.281250
vt 0.859375 0.281250
vt 0.875000 0.281250
vt 0.890625 0.281250
vt 0.906250 0.281250
vt 0.921875 0.281250
vt 0.937500 0.281250
vt 0.953125 0.281250
vt 0.968750 0.281250
vt 0.984375 0.281250
vt 0.031250 0.296875
vt 0.015625 0.296875
vt 0.046875 0.296875
vt 0.062500 0.296875
vt 0.078125 0.296875
vt 0.093750 0.296875
vt 0.109375 0.296875
vt 0.125000 0.296875
vt 0.140625 0.296875
vt 0.156250 0.296875
vt 0.171875 0.296875
vt 0.187500 0.296875
vt 0.203125 0.296875
vt 0.218750 0.296875
vt 0.234375 0.296875
vt 0.250000 0.296875
vt 0.265625 0.296875
vt 0.281250 0.296875
vt 0.296875 0.296875
vt 0.312500 0.296875
vt 0.328125 0.296875
vt 0.343750 0.296875
vt 0.359375 0.296875
vt 0.375000 0.296875
vt 0.390625 0.296875
vt 0.406250 0.296875
vt 0.421875 0.296875
vt 0.437500 0.296875
vt 0.453125 0.296875
vt 0.468750 0.296875
vt 0.484375 0.296875
vt 0.500000 0.296875
vt 0.515625 0.296875
vt 0.531250 0.296875
vt 0.546875 0.296875
vt 0.562500 0.296875
vt 0.578125 0.296875
vt 0.593750 0.296875
vt 0.609375 0.296875
vt 0.625000 0.296875
vt 0.640625 0.296875
vt 0.656250 0.296875
vt 0.671875 0.296875
vt 0.687500 0.296875
vt 0.703125 0.296875
vt 0.718750 0.296875
vt 0.734375 0.296875
vt 0.750000 0.296875
vt 0.765625 0.296875
vt 0.781250 0.296875
vt 0.796875 0.296875
vt 0.812500 0.296875
vt 0.828125 0.296875
vt 0.843750 0.296875
vt 0.859375 0.296875
vt 0.875000 0.296875
vt 0.890625 0.296875
vt 0.906250 0.296875
vt 0.921875 0.296875
vt 0.937500 0.296875
vt 0.953125 0.296875
vt 0.968750 0.296875
vt 0.984375 0.296875
vt 0.031250 0.312500
vt 0.015625 0.312500
vt 0.046875 0.312500
vt 0.062500 0.312500
vt 0.078125 0.312500
vt 0.093750 0.312500
vt 0.109375 0.312500
vt 0.125000 0.312500
vt 0.140625 0.312500
vt 0.156250 0.312500
vt 0.171875 0.312500
vt 0.187500 0.312500
vt 0.203125 0.312500
vt 0.218750 0.312500
vt 0.234375 0.312500
vt 0.250000 0.312500
vt 0.265625 0.312500
vt 0.281250 0.312500
vt 0.296875 0.312500
vt 0.312500 0.312500
vt 0.328125 0.312500
vt 0.343750 0.312500
vt 0.359375 0.312500
vt 0.375000 0.312500
vt 0.390625 0.312500
vt 0.406250 0.312500
vt 0.421875 0.312500
vt 0.437500 0.312500
vt 0.453125 0.312500
vt 0.468750 0.312500
vt 0.484375 0.312500
vt 0.500000 0.312500
vt 0.515625 0.312500
vt 0.531250 0.312500
vt 0.546875 0.312500
vt 0.562500 0.312500
vt 0.578125 0.312500
vt 0.593750 0.312500
vt 0.609375 0.312500
vt 0.625000 0.312500
vt 0.640625 0.312500
vt 0.656250 0.312500
vt 0.671875 0.312500
vt 0.687500 0.312500
vt 0.703125 0.312500
vt 0.718750 0.312500
vt 0.734375 0.312500
vt 0.750000 0.312500
vt 0.765625 0.312500
vt 0.781250 0.312500
vt 0.796875 0.312500
vt 0.812500 0.312500
vt 0.828125 0.312500
vt 0.843750 0.312500
vt 0.859375 0.312500
vt 0.875000 0.312500
vt 0.890625 0.312500
vt 0.906250 0.312500
vt 0.921875 0.312500
vt 0.937500 0.312500
vt 0.953125 0.312500
vt 0.968750 0.312500
vt 0.984375 0.312500
vt 0.031250 0.328125
vt 0.015625 0.328125
vt 0.046875 0.328125
vt 0.062500 0.328125
vt 0.078125 0.328125
vt 0.093750 0.328125
vt 0.109375 0.328125
vt 0.125000 0.328125
vt 0.140625 0.328125
vt 0.156250 0.328125
vt 0.171875 0.328125
vt 0.187500 0.328125
vt 0.203125 0.328125
vt 0.218750 0.328125
vt 0.234375 0.328125
vt 0.250000 0.328125
vt 0.265625 0.328125
vt 0.281250 0.328125
vt 0.296875 0.328125
vt 0.312500 0.328125
vt 0.328125 0.328125
vt 0.343750 0.328125
vt 0.359375 0.328125
vt 0.375000 0.328125
vt 0.390625 0.328125
vt 0.406250 0.328125
vt 0.421875 0.328125
vt 0.437500 0.328125
vt 0.453125 0.328125
vt 0.468750 0.328125
vt 0.484375 0.328125
vt 0.500000 0.328125
vt 0.515625 0.328125
vt 0.531250 0.328125
vt 0.546875 0.328125
vt 0.562500 0.328125
vt 0.578125 0.328125
vt 0.593750 0.328125
vt 0.609375 0.328125
vt 0.625000 0.328125
vt 0.640625 0.328125
vt 0.656250 0.328125
vt 0.671875 0.328125
vt 0.687500 0.328125
vt 0.703125 0.328125
vt 0.718750 0.328125
vt 0.734375 0.328125
vt 0.750000 0.328125
vt 0.765625 0.328125
vt 0.781250 0.328125
vt 0.796875 0.328125
vt 0.812500 0.328125
vt 0.828125 0.328125
vt 0.843750 0.328125
vt 0.859375 0.328125
vt 0.875000 0.328125
vt 0.890625 0.328125
vt 0.906250 0.328125
vt 0.921875 0.328125
vt 0.937500 0.328125
vt 0.953125 0.328125
vt 0.968750 0.328125
vt 0.984375 0.328125
vt 0.031250 0.343750
vt 0.015625 0.343750
vt 0.046875 0.343750
vt 0.062500 0.343750
vt 0.078125 0.343750
vt 0.093750 0.343750
vt 0.109375 0.343750
vt 0.125000 0.343750
vt 0.140625 0.343750
vt 0.156250 0.343750
vt 0.171875 0.343750
vt 0.187500 0.343750
vt 0.203125 0.343750
vt 0.218750 0.343750
vt 0.234375 0.343750
vt 0.250000 0.343750
vt 0.265625 0.343750
vt 0.281250 0.343750
vt 0.296875 0.343750
vt 0.312500 0.343750
vt 0.328125 0.343750
vt 0.343750 0.343750
vt 0.359375 0.343750
vt 0.375000 0.343750
vt 0.390625 0.343750
vt 0.406250 0.343750
vt 0.421875 0.343750
vt 0.437500 0.343750
vt 0.453125 0.343750
vt 0.468750 0.343750
vt 0.484375 0.343750
vt 0.500000 0.343750
vt 0.515625 0.343750
vt 0.531250 0.343750
vt 0.546875 0.343750
vt 0.562500 0.343750
vt 0.578125 0.343750
vt 0.593750 0.343750
vt 0.609375 0.343750
vt 0.625000 0.343750
vt 0.640625 0.343750
vt 0.656250 0.343750
vt 0.671875 0.343750
vt 0.687500 0.343750
vt 0.703125 0.343750
vt 0.718750 0.343750
vt 0.734375 0.343750
vt 0.750000 0.343750
vt 0.765625 0.343750
vt 0.781250 0.343750
vt 0.796875 0.343750
vt 0.812500 0.343750
vt 0.828125 0.343750
vt 0.843750 0.343750
vt 0.859375 0.343750
vt 0.875000 0.343750
vt 0.890625 0.343750
vt 0.906250 0.343750
vt 0.921875 0.343750
vt 0.937500 0.343750
vt 0.953125 0.343750
vt 0.968750 0.343750
vt 0.984375 0.343750
vt 0.031250 0.359375
vt 0.015625 0.359375
vt 0.046875 0.359375
vt 0.062500 0.359375
vt 0.078125 0.359375
vt 0.093750 0.359375
vt 0.109375 0.359375
vt 0.125000 0.359375
vt 0.140625 0.359375
vt 0.156250 0.359375
vt 0.171875 0.359375
vt 0.187500 0.359375
vt 0.203125 0.359375
vt 0.218750 0.359375
vt 0.234375 0.359375
vt 0.250000 0.359375
vt 0.265625 0.359375
vt 0.281250 0.359375
vt 0.296875 0.359375
vt 0.312500 0.359375
vt 0.328125 0.359375
vt 0.343750 0.359375
vt 0.359375 0.359375
vt 0.375000 0.359375
vt 0.390625 0.359375
vt 0.406250 0.359375
vt 0.421875 0.359375
vt 0.437500 0.359375
vt 0.453125 0.359375
vt 0.468750 0.359375
vt 0.484375 0.359375
vt 0.500000 0.359375
vt 0.515625 0.359375
vt 0.531250 0.359375
vt 0.546875 0.359375
vt 0.562500 0.359375
vt 0.578125 0.359375
vt 0.593750 0.359375
vt 0.609375 0.359375
vt 0.625000 0.359375
vt 0.640625 0.359375
vt 0.656250 0.359375
vt 0.671875 0.359375
vt 0.687500 0.359375
vt 0.703125 0.359375
vt 0.718750 0.359375
vt 0.734375 0.359375
vt 0.750000 0.359375
vt 0.765625 0.359375
vt 0.781250 0.359375
vt 0.796875 0.359375
vt 0.812500 0.359375
vt 0.828125 0.359375
vt 0.843750 0.359375
vt 0.859375 0.359375
vt 0.875000 0.359375
vt 0.890625 0.359375
vt 0.906250 0.359375
vt 0.921875 0.359375
vt 0.937500 0.359375
vt 0.953125 0.359375
vt 0.968750 0.359375
vt 0.984375 0.359375
vt 0.031250 0.375000
vt 0.015625 0.375000
vt 0.046875 0.375000
vt 0.062500 0.375000
vt 0.078125 0.375000
vt 0.093750 0.375000
vt 0.109375 0.375000
vt 0.125000 0.375000
vt 0.140625 0.375000
vt 0.156250 0.375000
vt 0.171875 0.375000
vt 0.187500 0.375000
vt 0.203125 0.375000
vt 0.218750 0.375000
vt 0.234375 0.375000
vt 0.250000 0.375000
vt 0.265625 0.375000
vt 0.281250 0.375000
vt 0.296875 0.375000
vt 0.312500 0.375000
vt 0.328125 0.375000
vt 0.343750 0.375000
vt 0.359375 0.375000
vt 0.375000 0.375000
vt 0.390625 0.375000
vt 0.406250 0.375000
vt 0.421875 0.375000
vt 0.437500 0.375000
vt 0.453125 0.375000
vt 0.468750 0.375000
vt 0.484375 0.375000
vt 0.500000 0.375000
vt 0.515625 0.375000
vt 0.531250 0.375000
vt 0.546875 0.375000
vt 0.562500 0.375000
vt 0.578125 0.375000
vt 0.593750 0.375000
vt 0.609375 0.375000
vt 0.625000 0.375000
vt 0.640625 0.375000
vt 0.656250 0.375000
vt 0.671875 0.375000
vt 0.687500 0.375000
vt 0.703125 0.375000
vt 0.718750 0.375000
vt 0.734375 0.375000
vt 0.750000 0.375000
vt 0.765625 0.375000
vt 0.781250 0.375000
vt 0.796875 0.375000
vt 0.812500 0.375000
vt 0.828125 0.375000
vt 0.843750 0.375000
vt 0.859375 0.375000
vt 0.875000 0.375000
vt 0.890625 0.375000
vt 0.906250 0.375000
vt 0.921875 0.375000
vt 0.937500 0.375000
vt 0.953125 0.375000
vt 0.968750 0.375000
vt 0.984375 0.375000
vt 0.031250 0.390625
vt 0.015625 0.390625
vt 0.046875 0.390625
vt 0.062500 0.390625
vt 0.078125 0.390625
vt 0.093750 0.390625
vt 0.109375 0.390625
vt 0.125000 0.390625
vt 0.140625 0.390625
vt 0.156250 0.390625
vt 0.171875 0.390625
vt 0.187500 0.390625
vt 0.203125 0.390625
vt 0.218750 0.390625
vt 0.234375 0.390625
vt 0.250000 0.390625
vt 0.265625 0.390625
vt 0.281250 0.390625
vt 0.296875 0.390625
vt 0.312500 0.390625
vt 0.328125 0.390625
vt 0.343750 0.390625
vt 0.359375 0.390625
vt 0.375000 0.390625
vt 0.390625 0.390625
vt 0.406250 0.390625
vt 0.421875 0.390625
vt 0.437500 0.390625
vt 0.453125 0.390625
vt 0.468750 0.390625
vt 0.484375 0.390625
vt 0.500000 0.390625
vt 0.515625 0.390625
vt 0.531250 0.390625
vt 0.546875 0.390625
vt 0.562500 0.390625
vt 0.578125 0.390625
vt 0.593750 0.390625
vt 0.609375 0.390625
vt 0.625000 0.390625
vt 0.640625 0.390625
vt 0.656250 0.390625
vt 0.671875 0.390625
vt 0.687500 0.390625
vt 0.703125 0.390625
vt 0.718750 0.390625
vt 0.734375 0.390625
vt 0.750000 0.390625
vt 0.765625 0.390625
vt 0.781250 0.390625
vt 0.796875 0.390625
vt 0.812500 0.390625
vt 0.828125 0.390625
vt 0.843750 0.390625
vt 0.859375 0.390625
vt 0.875000 0.390625
vt 0.890625 0.390625
vt 0.906250 0.390625
vt 0.921875 0.390625
vt 0.937500 0.390625
vt 0.953125 0.390625
vt 0.968750 0.390625
vt 0.984375 0.390625
vt 0.031250 0.406250
vt 0.015625 0.406250
vt 0.046875 0.406250
vt 0.062500 0.406250
vt 0.078125 0.406250
vt 0.093750 0.406250
vt 0.109375 0.406250
vt 0.125000 0.406250
vt 0.140625 0.406250
vt 0.156250 0.406250
vt 0.171875 0.406250
vt 0.187500 0.406250
vt 0.203125 0.406250
vt 0.218750 0.406250
vt 0.234375 0.406250
vt 0.250000 0.406250
vt 0.265625 0.406250
vt 0.281250 0.406250
vt 0.296875 0.406250
vt 0.312500 0.406250
vt 0.328125 0.406250
vt 0.343750 0.406250
vt 0.359375 0.406250
vt 0.375000 0.406250
vt 0.390625 0.406250
vt 0.406250 0.406250
vt 0.421875 0.406250
vt 0.437500 0.406250
vt 0.453125 0.406250
vt 0.468750 0.406250
vt 0.484375 0.406250
vt 0.500000 0.406250
vt 0.515625 0.406250
vt 0.531250 0.406250
vt 0.546875 0.406250
vt 0.562500 0.406250
vt 0.578125 0.406250
vt 0.593750 0.406250
vt 0.609375 0.406250
vt 0.625000 0.406250
vt 0.640625 0.406250
vt 0.656250 0.406250
vt 0.671875 0.406250
vt 0.687500 0.406250
vt 0.703125 0.406250
vt 0.718750 0.406250
vt 0.734375 0.406250
vt 0.750000 0.406250
vt 0.765625 0.406250
vt 0.781250 0.406250
vt 0.796875 0.406250
vt 0.812500 0.406250
vt 0.828125 0.406250
vt 0.843750 0.406250
vt 0.859375 0.406250
vt 0.875000 0.406250
vt 0.890625 0.406250
vt 0.906250 0.406250
vt 0.921875 0.406250
vt 0.937500 0.406250
vt 0.953125 0.406250
vt 0.968750 0.406250
vt 0.984375 0.406250
vt 0.031250 0.421875
vt 0.015625 0.421875
vt 0.046875 0.421875
vt 0.062500 0.421875
vt 0.078125 0.421875
vt 0.093750 0.421875
vt 0.109375 0.421875
vt 0.125000 0.421875
vt 0.140625 0.421875
vt 0.156250 0.421875
vt 0.171875 0.421875
vt 0.187500 0.421875
vt 0.203125 0.421875
vt 0.218750 0.421875
vt 0.234375 0.421875
vt 0.250000 0.421875
vt 0.265625 0.421875
vt 0.281250 0.421875
vt 0.296875 0.421875
vt 0.312500 0.421875
vt 0.328125 0.421875
vt 0.343750 0.421875
vt 0.359375 0.421875
vt 0.375000 0.421875
vt 0.390625 0.421875
vt 0.406250 0.421875
vt 0.421875 0.421875
vt 0.437500 0.421875
vt 0.453125 0.421875
vt 0.468750 0.421875
vt 0.484375 0.421875
vt 0.500000 0.421875
vt 0.515625 0.421875
vt 0.531250 0.421875
vt 0.546875 0.421875
vt 0.562500 0.421875
vt 0.578125 0.421875
vt 0.593750 0.421875
vt 0.609375 0.421875
vt 0.625000 0.421875
vt 0.640625 0.421875
vt 0.656250 0.421875
vt 0.671875 0.421875
vt 0.687500 0.421875
vt 0.703125 0.421875
vt 0.718750 0.421875
vt 0.734375 0.421875
vt 0.750000 0.421875
vt 0.765625 0.421875
vt 0.781250 0.421875
vt 0.796875 0.421875
vt 0.812500 0.421875
vt 0.828125 0.421875
vt 0.843750 0.421875
vt 0.859375 0.421875
vt 0.875000 0.421875
vt 0.890625 0.421875
vt 0.906250 0.421875
vt 0.921875 0.421875
vt 0.937500 0.421875
vt 0.953125 0.421875
vt 0.968750 0.421875
vt 0.984375 0.421875
vt 0.031250 0.437500
vt 0.015625 0.437500
vt 0.046875 0.437500
vt 0.062500 0.437500
vt 0.078125 0.437500
vt 0.093750 0.437500
vt 0.109375 0.437500
vt 0.125000 0.437500
vt 0.140625 0.437500
vt 0.156250 0.437500
vt 0.171875 0.437500
vt 0.187500 0.437500
vt 0.203125 0.437500
vt 0.218750 0.437500
vt 0.234375 0.437500
vt 0.250000 0.437500
vt 0.265625 0.437500
vt 0.281250 0.437500
vt 0.296875 0.437500
vt 0.312500 0.437500
vt 0.328125 0.437500
vt 0.343750 0.437500
vt 0.359375 0.437500
vt 0.375000 0.437500
vt 0.390625 0.437500
vt 0.406250 0.437500
vt 0.421875 0.437500
vt 0.437500 0.437500
vt 0.453125 0.437500
vt 0.468750 0.437500
vt 0.484375 0.437500
vt 0.500000 0.437500
vt 0.515625 0.437500
vt 0.531250 0.437500
vt 0.546875 0.437500
vt 0.562500 0.437500
vt 0.578125 0.437500
vt 0.593750 0.437500
vt 0.609375 0.437500
vt 0.625000 0.437500
vt 0.640625 0.437500
vt 0.656250 0.437500
vt 0.671875 0.437500
vt 0.687500 0.437500
vt 0.703125 0.437500
vt 0.718750 0.437500
vt 0.734375 0.437500
vt 0.750000 0.437500
vt 0.765625 0.437500
vt 0.781250 0.437500
vt 0.796875 0.437500
vt 0.812500 0.437500
vt 0.828125 0.437500
vt 0.843750 0.437500
vt 0.859375 0.437500
vt 0.875000 0.437500
vt 0.890625 0.437500
vt 0.906250 0.437500
vt 0.921875 0.437500
vt 0.937500 0.437500
vt 0.953125 0.437500
vt 0.968750 0.437500
vt 0.984375 0.437500
vt 0.031250 0.453125
vt 0.015625 0.453125
vt 0.046875 0.453125
vt 0.062500 0.453125
vt 0.078125 0.453125
vt 0.093750 0.453125
vt 0.109375 0.453125
vt 0.125000 0.453125
vt 0.140625 0.453125
vt 0.156250 0.453125
vt 0.171875 0.453125
vt 0.187500 0.453125
vt 0.203125 0.453125
vt 0.218750 0.453125
vt 0.234375 0.453125
vt 0.250000 0.453125
vt 0.265625 0.453125
vt 0.281250 0.453125
vt 0.296875 0.453125
vt 0.312500 0.453125
vt 0.328125 0.453125
vt 0.343750 0.453125
vt 0.359375 0.453125
vt 0.375000 0.453125
vt 0.390625 0.453125
vt 0.406250 0.453125
vt 0.421875 0.453125
vt 0.437500 0.453125
vt 0.453125 0.453125
vt 0.468750 0.453125
vt 0.484375 0.453125
vt 0.500000 0.453125
vt 0.515625 0.453125
vt 0.531250 0.453125
vt 0.546875 0.453125
vt 0.562500 0.453125
vt 0.578125 0.453125
vt 0.593750 0.453125
vt 0.609375 0.453125
vt 0.625000 0.453125
vt 0.640625 0.453125
vt 0.656250 0.453125
vt 0.671875 0.453125
vt 0.687500 0.453125
vt 0.703125 0.453125
vt 0.718750 0.453125
vt 0.734375 0.453125
vt 0.750000 0.453125
vt 0.765625 0.453125
vt 0.781250 0.453125
vt 0.796875 0.453125
vt 0.812500 0.453125
vt 0.828125 0.453125
vt 0.843750 0.453125
vt 0.859375 0.453125
vt 0.875000 0.453125
vt 0.890625 0.453125
vt 0.906250 0.453125
vt 0.921875 0.453125
vt 0.937500 0.453125
vt 0.953125 0.453125
vt 0.968750 0.453125
vt 0.984375 0.453125
vt 0.031250 0.468750
vt 0.015625 0.468750
vt 0.046875 0.468750
vt 0.062500 0.468750
vt 0.078125 0.468750
vt 0.093750 0.468750
vt 0.109375 0.468750
vt 0.125000 0.468750
vt 0.140625 0.468750
vt 0.156250 0.468750
vt 0.171875 0.468750
vt 0.187500 0.468750
vt 0.203125 0.468750
vt 0.218750 0.468750
vt 0.234375 0.468750
vt 0.250000 0.468750
vt 0.265625 0.468750
vt 0.281250 0.468750
vt 0.296875 0.468750
vt 0.312500 0.468750
vt 0.328125 0.468750
vt 0.343750 0.468750
vt 0.359375 0.468750
vt 0.375000 0.468750
vt 0.390625 0.468750
vt 0.406250 0.468750
vt 0.421875 0.468750
vt 0.437500 0.468750
vt 0.453125 0.468750
vt 0.468750 0.468750
vt 0.484375 0.468750
vt 0.500000 0.468750
vt 0.515625 0.468750
vt 0.531250 0.468750
vt 0.546875 0.468750
vt 0.562500 0.468750
vt 0.578125 0.468750
vt 0.593750 0.468750
vt 0.609375 0.468750
vt 0.625000 0.468750
vt 0.640625 0.468750
vt 0.656250 0.468750
vt 0.671875 0.468750
vt 0.687500 0.468750
vt 0.703125 0.468750
vt 0.718750 0.468750
vt 0.734375 0.468750
vt 0.750000 0.468750
vt 0.765625 0.468750
vt 0.781250 0.468750
vt 0.796875 0.468750
vt 0.812500 0.468750
vt 0.828125 0.468750
vt 0.843750 0.468750
vt 0.859375 0.468750
vt 0.875000 0.468750
vt 0.890625 0.468750
vt 0.906250 0.468750
vt 0.921875 0.468750
vt 0.937500 0.468750
vt 0.953125 0.468750
vt 0.968750 0.468750
vt 0.984375 0.468750
vt 0.031250 0.484375
vt 0.015625 0.484375
vt 0.046875 0.484375
vt 0.062500 0.484375
vt 0.078125 0.484375
vt 0.093750 0.484375
vt 0.109375 0.484375
vt 0.125000 0.484375
vt 0.140625 0.484375
vt 0.156250 0.484375
vt 0.171875 0.484375
vt 0.187500 0.484375
vt 0.203125 0.484375
vt 0.218750 0.484375
vt 0.234375 0.484375
vt 0.250000 0.484375
vt 0.265625 0.484375
vt 0.281250 0.484375
vt 0.296875 0.484375
vt 0.312500 0.484375
vt 0.328125 0.484375
vt 0.343750 0.484375
vt 0.359375 0.484375
vt 0.375000 0.484375
vt 0.390625 0.484375
vt 0.406250 0.484375
vt 0.421875 0.484375
vt 0.437500 0.484375
vt 0.453125 0.484375
vt 0.468750 0.484375
vt 0.484375 0.484375
vt 0.500000 0.484375
vt 0.515625 0.484375
vt 0.531250 0.484375
vt 0.546875 0.484375
vt 0.562500 0.484375
vt 0.578125 0.484375
vt 0.593750 0.484375
vt 0.609375 0.484375
vt 0.625000 0.484375
vt 0.640625 0.484375
vt 0.656250 0.484375
vt 0.671875 0.484375
vt 0.687500 0.484375
vt 0.703125 0.484375
vt 0.718750 0.484375
vt 0.734375 0.484375
vt 0.750000 0.484375
vt 0.765625 0.484375
vt 0.781250 0.484375
vt 0.796875 0.484375
vt 0.812500 0.484375
vt 0.828125 0.484375
vt 0.843750 0.484375
vt 0.859375 0.484375
vt 0.875000 0.484375
vt 0.890625 0.484375
vt 0.906250 0.484375
vt 0.921875 0.484375
vt 0.937500 0.484375
vt 0.953125 0.484375
vt 0.968750 0.484375
vt 0.984375 0.484375
vt 0.031250 0.500000
vt 0.015625 0.500000
vt 0.046875 0.500000
vt 0.062500 0.500000
vt 0.078125 0.500000
vt 0.093750 0.500000
vt 0.109375 0.500000
vt 0.125000 0.500000
vt 0.140625 0.500000
vt 0.156250 0.500000
vt 0.171875 0.500000
vt 0.187500 0.500000
vt 0.203125 0.500000
vt 0.218750 0.500000
vt 0.234375 0.500000
vt 0.250000 0.500000
vt 0.265625 0.500000
vt 0.281250 0.500000
vt 0.296875 0.500000
vt 0.312500 0.500000
vt 0.328125 0.500000
vt 0.343750 0.500000
vt 0.359375 0.500000
vt 0.375000 0.500000
vt 0.390625 0.500000
vt 0.406250 0.500000
vt 0.421875 0.500000
vt 0.437500 0.500000
vt 0.453125 0.500000
vt 0.468750 0.500000
vt 0.484375 0.500000
vt 0.500000 0.500000
vt 0.515625 0.500000
vt 0.531250 0.500000
vt 0.546875 0.500000
vt 0.562500 0.500000
vt 0.578125 0.500000
vt 0.593750 0.500000
vt 0.609375 0.500000
vt 0.625000 0.500000
vt 0.640625 0.500000
vt 0.656250 0.500000
vt 0.671875 0.500000
vt 0.687500 0.500000
vt 0.703125 0.500000
vt 0.718750 0.500000
vt 0.734375 0.500000
vt 0.750000 0.500000
vt 0.765625 0.500000
vt 0.781250 0.500000
vt 0.796875 0.500000
vt 0.812500 0.500000
vt 0.828125 0.500000
vt 0.843750 0.500000
vt 0.859375 0.500000
vt 0.875000 0.500000
vt 0.890625 0.500000
vt 0.906250 0.500000
vt 0.921875 0.500000
vt 0.937500 0.500000
vt 0.953125 0.500000
vt 0.968750 0.500000
vt 0.984375 0.500000
vt 0.031250 0.515625
vt 0.015625 0.515625
vt 0.046875 0.515625
vt 0.062500 0.515625
vt 0.078125 0.515625
vt 0.093750 0.515625
vt 0.109375 0.515625
vt 0.125000 0.515625
vt 0.140625 0.515625
vt 0.156250 0.515625
vt 0.171875 0.515625
vt 0.187500 0.515625
vt 0.203125 0.515625
vt 0.218750 0.515625
vt 0.234375 0.515625
vt 0.250000 0.515625
vt 0.265625 0.515625
vt 0.281250 0.515625
vt 0.296875 0.515625
vt 0.312500 0.515625
vt 0.328125 0.515625
vt 0.343750 0.515625
vt 0.359375 0.515625
vt 0.375000 0.515625
vt 0.390625 0.515625
vt 0.406250 0.515625
vt 0.421875 0.515625
vt 0.437500 0.515625
vt 0.453125 0.515625
vt 0.468750 0.515625
vt 0.484375 0.515625
vt 0.500000 0.515625
vt 0.515625 0.515625
vt 0.531250 0.515625
vt 0.546875 0.515625
vt 0.562500 0.515625
vt 0.578125 0.515625
vt 0.593750 0.515625
vt 0.609375 0.515625
vt 0.625000 0.515625
vt 0.640625 0.515625
vt 0.656250 0.515625
vt 0.671875 0.515625
vt 0.687500 0.515625
vt 0.703125 0.515625
vt 0.718750 0.515625
vt 0.734375 0.515625
vt 0.750000 0.515625
vt 0.765625 0.515625
vt 0.781250 0.515625
vt 0.796875 0.515625
vt 0.812500 0.515625
vt 0.828125 0.515625
vt 0.843750 0.515625
vt 0.859375 0.515625
vt 0.875000 0.515625
vt 0.890625 0.515625
vt 0.906250 0.515625
vt 0.921875 0.515625
vt 0.937500 0.515625
vt 0.953125 0.515625
vt 0.968750 0.515625
vt 0.984375 0.515625
vt 0.031250 0.531250
vt 0.015625 0.531250
vt 0.046875 0.531250
vt 0.062500 0.531250
vt 0.078125 0.531250
vt 0.093750 0.531250
vt 0.109375 0.531250
vt 0.125000 0.531250
vt 0.140625 0.531250
vt 0.156250 0.531250
vt 0.171875 0.531250
vt 0.187500 0.531250
vt 0.203125 0.531250
vt 0.218750 0.531250
vt 0.234375 0.531250
vt 0.250000 0.531250
vt 0.265625 0.531250
vt 0.281250 0.531250
vt 0.296875 0.531250
vt 0.312500 0.531250
vt 0.328125 0.531250
vt 0.343750 0.531250
vt 0.359375 0.531250
vt 0.375000 0.531250
vt 0.390625 0.531250
vt 0.406250 0.531250
vt 0.421875 0.531250
vt 0.437500 0.531250
vt 0.453125 0.531250
vt 0.468750 0.531250
vt 0.484375 0.531250
vt 0.500000 0.531250
vt 0.515625 0.531250
vt 0.531250 0.531250
vt 0.546875 0.531250
vt 0.562500 0.531250
vt 0.578125 0.531250
vt 0.593750 0.531250
vt 0.609375 0.531250
vt 0.625000 0.531250
vt 0.640625 0.531250
vt 0.656250 0.531250
vt 0.671875 0.531250
vt 0.687500 0.531250
vt 0.703125 0.531250
vt 0.718750 0.531250
vt 0.734375 0.531250
vt 0.750000 0.531250
vt 0.765625 0.531250
vt 0.781250 0.531250
vt 0.796875 0.531250
vt 0.812500 0.531250
vt 0.828125 0.531250
vt 0.843750 0.531250
vt 0.859375 0.531250
vt 0.875000 0.531250
vt 0.890625 0.531250
vt 0.906250 0.531250
vt 0.921875 0.531250
vt 0.937500 0.531250
vt 0.953125 0.531250
vt 0.968750 0.531250
vt 0.984375 0.531250
vt 0.031250 0.546875
vt 0.015625 0.546875
vt 0.046875 0.546875
vt 0.062500 0.546875
vt 0.078125 0.546875
vt 0.093750 0.546875
vt 0.109375 0.546875
vt 0.125000 0.546875
vt 0.140625 0.546875
vt 0.156250 0.546875
vt 0.171875 0.546875
vt 0.187500 0.546875
vt 0.203125 0.546875
vt 0.218750 0.546875
vt 0.234375 0.546875
vt 0.250000 0.546875
vt 0.265625 0.546875
vt 0.281250 0.546875
vt 0.296875 0.546875
vt 0.312500 0.546875
vt 0.328125 0.546875
vt 0.343750 0.546875
vt 0.359375 0.546875
vt 0.375000 0.546875
vt 0.390625 0.546875
vt 0.406250 0.546875
vt 0.421875 0.546875
vt 0.437500 0.546875
vt 0.453125 0.546875
vt 0.468750 0.546875
vt 0.484375 0.546875
vt 0.500000 0.546875
vt 0.515625 0.546875
vt 0.531250 0.546875
vt 0.546875 0.546875
vt 0.562500 0.546875
vt 0.578125 0.546875
vt 0.593750 0.546875
vt 0.609375 0.546875
vt 0.625000 0.546875
vt 0.640625 0.546875
vt 0.656250 0.546875
vt 0.671875 0.546875
vt 0.687500 0.546875
vt 0.703125 0.546875
vt 0.718750 0.546875
vt 0.734375 0.546875
vt 0.750000 0.546875
vt 0.765625 0.546875
vt 0.781250 0.546875
vt 0.796875 0.546875
vt 0.812500 0.546875
vt 0.828125 0.546875
vt 0.843750 0.546875
vt 0.859375 0.546875
vt 0.875000 0.546875
vt 0.890625 0.546875
vt 0.906250 0.546875
vt 0.921875 0.546875
vt 0.937500 0.546875
vt 0.953125 0.546875
vt 0.968750 0.546875
vt 0.984375 0.546875
vt 0.031250 0.562500
vt 0.015625 0.562500
vt 0.046875 0.562500
vt 0.062500 0.562500
vt 0.078125 0.562500
vt 0.093750 0.562500
vt 0.109375 0.562500
vt 0.125000 0.562500
vt 0.140625 0.562500
vt 0.156250 0.562500
vt 0.171875 0.562500
vt 0.187500 0.562500
vt 0.203125 0.562500
vt 0.218750 0.562500
vt 0.234375 0.562500
vt 0.250000 0.562500
vt 0.265625 0.562500
vt 0.281250 0.562500
vt 0.296875 0.562500
vt 0.312500 0.562500
vt 0.328125 0.562500
vt 0.343750 0.562500
vt 0.359375 0.562500
vt 0.375000 0.562500
vt 0.390625 0.562500
vt 0.406250 0.562500
vt 0.421875 0.562500
vt 0.437500 0.562500
vt 0.453125 0.562500
vt 0.468750 0.562500
vt 0.484375 0.562500
vt 0.500000 0.562500
vt 0.515625 0.562500
vt 0.531250 0.562500
vt 0.546875 0.562500
vt 0.562500 0.562500
vt 0.578125 0.562500
vt 0.593750 0.562500
vt 0.609375 0.562500
vt 0.625000 0.562500
vt 0.640625 0.562500
vt 0.656250 0.562500
vt 0.671875 0.562500
vt 0.687500 0.562500
vt 0.703125 0.562500
vt 0.718750 0.562500
vt 0.734375 0.562500
vt 0.750000 0.562500
vt 0.765625 0.562500
vt 0.781250 0.562500
vt 0.796875 0.562500
vt 0.812500 0.562500
vt 0.828125 0.562500
vt 0.843750 0.562500
vt 0.859375 0.562500
vt 0.875000 0.562500
vt 0.890625 0.562500
vt 0.906250 0.562500
vt 0.921875 0.562500
vt 0.937500 0.562500
vt 0.953125 0.562500
vt 0.968750 0.562500
vt 0.984375 0.562500
vt 0.031250 0.578125
vt 0.015625 0.578125
vt 0.046875 0.578125
vt 0.062500 0.578125
vt 0.078125 0.578125
vt 0.093750 0.578125
vt 0.109375 0.578125
vt 0.125000 0.578125
vt 0.140625 0.578125
vt 0.156250 0.578125
vt 0.171875 0.578125
vt 0.187500 0.578125
vt 0.203125 0.578125
vt 0.218750 0.578125
vt 0.234375 0.578125
vt 0.250000 0.578125
vt 0.265625 0.578125
vt 0.281250 0.578125
vt 0.296875 0.578125
vt 0.312500 0.578125
vt 0.328125 0.578125
vt 0.343750 0.578125
vt 0.359375 0.578125
vt 0.375000 0.578125
vt 0.390625 0.578125
vt 0.406250 0.578125
vt 0.421875 0.578125
vt 0.437500 0.578125
vt 0.453125 0.578125
vt 0.468750 0.578125
vt 0.484375 0.578125
vt 0.500000 0.578125
vt 0.515625 0.578125
vt 0.531250 0.578125
vt 0.546875 0.578125
vt 0.562500 0.578125
vt 0.578125 0.578125
vt 0.593750 0.578125
vt 0.609375 0.578125
vt 0.625000 0.578125
vt 0.640625 0.578125
vt 0.656250 0.578125
vt 0.671875 0.578125
vt 0.687500 0.578125
vt 0.703125 0.578125
vt 0.718750 0.578125
vt 0.734375 0.578125
vt 0.750000 0.578125
vt 0.765625 0.578125
vt 0.781250 0.578125
vt 0.796875 0.578125
vt 0.812500 0.578125
vt 0.828125 0.578125
vt 0.843750 0.578125
vt 0.859375 0.578125
vt 0.875000 0.578125
vt 0.890625 0.578125
vt 0.906250 0.578125
vt 0.921875 0.578125
vt 0.937500 0.578125
vt 0.953125 0.578125
vt 0.968750 0.578125
vt 0.984375 0.578125
vt 0.031250 0.593750
vt 0.015625 0.593750
vt 0.046875 0.593750
vt 0.062500 0.593750
vt 0.078125 0.593750
vt 0.093750 0.593750
vt 0.109375 0.593750
vt 0.125000 0.593750
vt 0.140625 0.593750
vt 0.156250 0.593750
vt 0.171875 0.593750
vt 0.187500 0.593750
vt 0.203125 0.593750
vt 0.218750 0.593750
vt 0.234375 0.593750
vt 0.250000 0.593750
vt 0.265625 0.593750
vt 0.281250 0.593750
vt 0.296875 0.593750
vt 0.312500 0.593750
vt 0.328125 0.593750
vt 0.343750 0.593750
vt 0.359375 0.593750
vt 0.375000 0.593750
vt 0.390625 0.593750
vt 0.406250 0.593750
vt 0.421875 0.593750
vt 0.437500 0.593750
vt 0.453125 0.593750
vt 0.468750 0.593750
vt 0.484375 0.593750
vt 0.500000 0.593750
vt 0.515625 0.593750
vt 0.531250 0.593750
vt 0.546875 0.593750
vt 0.562500 0.593750
vt 0.578125 0.593750
vt 0.593750 0.593750
vt 0.609375 0.593750
vt 0.625000 0.593750
vt 0.640625 0.593750
vt 0.656250 0.593750
vt 0.671875 0.593750
vt 0.687500 0.593750
vt 0.703125 0.593750
vt 0.718750 0.593750
vt 0.734375 0.593750
vt 0.750000 0.593750
vt 0.765625 0.593750
vt 0.781250 0.593750
vt 0.796875 0.593750
vt 0.812500 0.593750
vt 0.828125 0.593750
vt 0.843750 0.593750
vt 0.859375 0.593750
vt 0.875000 0.593750
vt 0.890625 0.593750
vt 0.906250 0.593750
vt 0.921875 0.593750
vt 0.937500 0.593750
vt 0.953125 0.593750
vt 0.968750 0.593750
vt 0.984375 0.593750
vt 0.031250 0.609375
vt 0.015625 0.609375
vt 0.046875 0.609375
vt 0.062500 0.609375
vt 0.078125 0.609375
vt 0.093750 0.609375
vt 0.109375 0.609375
vt 0.125000 0.609375
vt 0.140625 0.609375
vt 0.156250 0.609375
vt 0.171875 0.609375
vt 0.187500 0.609375
vt 0.203125 0.609375
vt 0.218750 0.609375
vt 0.234375 0.609375
vt 0.250000 0.609375
vt 0.265625 0.609375
vt 0.281250 0.609375
vt 0.296875 0.609375
vt 0.312500 0.609375
vt 0.328125 0.609375
vt 0.343750 0.609375
vt 0.359375 0.609375
vt 0.375000 0.609375
vt 0.390625 0.609375
vt 0.406250 0.609375
vt 0.421875 0.609375
vt 0.437500 0.609375
vt 0.453125 0.609375
vt 0.468750 0.609375
vt 0.484375 0.609375
vt 0.500000 0.609375
vt 0.515625 0.609375
vt 0.531250 0.609375
vt 0.546875 0.609375
vt 0.562500 0.609375
vt 0.578125 0.609375
vt 0.593750 0.609375
vt 0.609375 0.609375
vt 0.625000 0.609375
vt 0.640625 0.609375
vt 0.656250 0.609375
vt 0.671875 0.609375
vt 0.687500 0.609375
vt 0.703125 0.609375
vt 0.718750 0.609375
vt 0.734375 0.609375
vt 0.750000 0.609375
vt 0.765625 0.609375
vt 0.781250 0.609375
vt 0.796875 0.609375
vt 0.812500 0.609375
vt 0.828125 0.609375
vt 0.843750 0.609375
vt 0.859375 0.609375
vt 0.875000 0.609375
vt 0.890625 0.609375
vt 0.906250 0.609375
vt 0.921875 0.609375
vt 0.937500 0.609375
vt 0.953125 0.609375
vt 0.968750 0.609375
vt 0.984375 0.609375
vt 0.031250 0.625000
vt 0.015625 0.625000
vt 0.046875 0.625000
vt 0.062500 0.625000
vt 0.078125 0.625000
vt 0.093750 0.625000
vt 0.109375 0.625000
vt 0.125000 0.625000
vt 0.140625 0.625000
vt 0.156250 0.625000
vt 0.171875 0.625000
vt 0.187500 0.625000
vt 0.203125 0.625000
vt 0.218750 0.625000
vt 0.234375 0.625000
vt 0.250000 0.625000
vt 0.265625 0.625000
vt 0.281250 0.625000
vt 0.296875 0.625000
vt 0.312500 0.625000
vt 0.328125 0.625000
vt 0.343750 0.625000
vt 0.359375 0.625000
vt 0.375000 0.625000
vt 0.390625 0.625000
vt 0.406250 0.625000
vt 0.421875 0.625000
vt 0.437500 0.625000
vt 0.453125 0.625000
vt 0.468750 0.625000
vt 0.484375 0.625000
vt 0.500000 0.625000
vt 0.515625 0.625000
vt 0.531250 0.625000
vt 0.546875 0.625000
vt 0.562500 0.625000
vt 0.578125 0.625000
vt 0.593750 0.625000
vt 0.609375 0.625000
vt 0.625000 0.625000
vt 0.640625 0.625000
vt 0.656250 0.625000
vt 0.671875 0.625000
vt 0.687500 0.625000
vt 0.703125 0.625000
vt 0.718750 0.625000
vt 0.734375 0.625000
vt 0.750000 0.625000
vt 0.765625 0.625000
vt 0.781250 0.625000
vt 0.796875 0.625000
vt 0.812500 0.625000
vt 0.828125 0.625000
vt 0.843750 0.625000
vt 0.859375 0.625000
vt 0.875000 0.625000
vt 0.890625 0.625000
vt 0.906250 0.625000
vt 0.921875 0.625000
vt 0.937500 0.625000
vt 0.953125 0.625000
vt 0.968750 0.625000
vt 0.984375 0.625000
vt 0.031250 0.640625
vt 0.015625 0.640625
vt 0.046875 0.640625
vt 0.062500 0.640625
vt 0.078125 0.640625
vt 0.093750 0.640625
vt 0.109375 0.640625
vt 0.125000 0.640625
vt 0.140625 0.640625
vt 0.156250 0.640625
vt 0.171875 0.640625
vt 0.187500 0.640625
vt 0.203125 0.640625
vt 0.218750 0.640625
vt 0.234375 0.640625
vt 0.250000 0.640625
vt 0.265625 0.640625
vt 0.281250 0.640625
vt 0.296875 0.640625
vt 0.312500 0.640625
vt 0.328125 0.640625
vt 0.343750 0.640625
vt 0.359375 0.640625
vt 0.375000 0.640625
vt 0.390625 0.640625
vt 0.406250 0.640625
vt 0.421875 0.640625
vt 0.437500 0.640625
vt 0.453125 0.640625
vt 0.468750 0.640625
vt 0.484375 0.640625
vt 0.500000 0.640625
vt 0.515625 0.640625
vt 0.531250 0.640625
vt 0.546875 0.640625
vt 0.562500 0.640625
vt 0.578125 0.640625
vt 0.593750 0.640625
vt 0.609375 0.640625
vt 0.625000 0.640625
vt 0.640625 0.640625
vt 0.656250 0.640625
vt 0.671875 0.640625
vt 0.687500 0.640625
vt 0.703125 0.640625
vt 0.718750 0.640625
vt 0.734375 0.640625
vt 0.750000 0.640625
vt 0.765625 0.640625
vt 0.781250 0.640625
vt 0.796875 0.640625
vt 0.812500 0.640625
vt 0.828125 0.640625
vt 0.843750 0.640625
vt 0.859375 0.640625
vt 0.875000 0.640625
vt 0.890625 0.640625
vt 0.906250 0.640625
vt 0.921875 0.640625
vt 0.937500 0.640625
vt 0.953125 0.640625
vt 0.968750 0.640625
vt 0.984375 0.640625
vt 0.031250 0.656250
vt 0.015625 0.656250
vt 0.046875 0.656250
vt 0.062500 0.656250
vt 0.078125 0.656250
vt 0.093750 0.656250
vt 0.109375 0.656250
vt 0.125000 0.656250
vt 0.140625 0.656250
vt 0.156250 0.656250
vt 0.171875 0.656250
vt 0.187500 0.656250
vt 0.203125 0.656250
vt 0.218750 0.656250
vt 0.234375 0.656250
vt 0.250000 0.656250
vt 0.265625 0.656250
vt 0.281250 0.656250
vt 0.296875 0.656250
vt 0.312500 0.656250
vt 0.328125 0.656250
vt 0.343750 0.656250
vt 0.359375 0.656250
vt 0.375000 0.656250
vt 0.390625 0.656250
vt 0.406250 0.656250
vt 0.421875 0.656250
vt 0.437500 0.656250
vt 0.453125 0.656250
vt 0.468750 0.656250
vt 0.484375 0.656250
vt 0.500000 0.656250
vt 0.515625 0.656250
vt 0.531250 0.656250
vt 0.546875 0.656250
vt 0.562500 0.656250
vt 0.578125 0.656250
vt 0.593750 0.656250
vt 0.609375 0.656250
vt 0.625000 0.656250
vt 0.640625 0.656250
vt 0.656250 0.656250
vt 0.671875 0.656250
vt 0.687500 0.656250
vt 0.703125 0.656250
vt 0.718750 0.656250
vt 0.734375 0.656250
vt 0.750000 0.656250
vt 0.765625 0.656250
vt 0.781250 0.656250
vt 0.796875 0.656250
vt 0.812500 0.656250
vt 0.828125 0.656250
vt 0.843750 0.656250
vt 0.859375 0.656250
vt 0.875000 0.656250
vt 0.890625 0.656250
vt 0.906250 0.656250
vt 0.921875 0.656250
vt 0.937500 0.656250
vt 0.953125 0.656250
vt 0.968750 0.656250
vt 0.984375 0.656250
vt 0.031250 0.671875
vt 0.015625 0.671875
vt 0.046875 0.671875
vt 0.062500 0.671875
vt 0.078125 0.671875
vt 0.093750 0.671875
vt 0.109375 0.671875
vt 0.125000 0.671875
vt 0.140625 0.671875
vt 0.156250 0.671875
vt 0.171875 0.671875
vt 0.187500 0.671875
vt 0.203125 0.671875
vt 0.218750 0.671875
vt 0.234375 0.671875
vt 0.250000 0.671875
vt 0.265625 0.671875
vt 0.281250 0.671875
vt 0.296875 0.671875
vt 0.312500 0.671875
vt 0.328125 0.671875
vt 0.343750 0.671875
vt 0.359375 0.671875
vt 0.375000 0.671875
vt 0.390625 0.671875
vt 0.406250 0.671875
vt 0.421875 0.671875
vt 0.437500 0.671875
vt 0.453125 0.671875
vt 0.468750 0.671875
vt 0.484375 0.671875
vt 0.500000 0.671875
vt 0.515625 0.671875
vt 0.531250 0.671875
vt 0.546875 0.671875
vt 0.562500 0.671875
vt 0.578125 0.671875
vt 0.593750 0.671875
vt 0.609375 0.671875
vt 0.625000 0.671875
vt 0.640625 0.671875
vt 0.656250 0.671875
vt 0.671875 0.671875
vt 0.687500 0.671875
vt 0.703125 0.671875
vt 0.718750 0.671875
vt 0.734375 0.671875
vt 0.750000 0.671875
vt 0.765625 0.671875
vt 0.781250 0.671875
vt 0.796875 0.671875
vt 0.812500 0.671875
vt 0.828125 0.671875
vt 0.843750 0.671875
vt 0.859375 0.671875
vt 0.875000 0.671875
vt 0.890625 0.671875
vt 0.906250 0.671875
vt 0.921875 0.671875
vt 0.937500 0.671875
vt 0.953125 0.671875
vt 0.968750 0.671875
vt 0.984375 0.671875
vt 0.031250 0.687500
vt 0.015625 0.687500
vt 0.046875 0.687500
vt 0.062500 0.687500
vt 0.078125 0.687500
vt 0.093750 0.687500
vt 0.109375 0.687500
vt 0.125000 0.687500
vt 0.140625 0.687500
vt 0.156250 0.687500
vt 0.171875 0.687500
vt 0.187500 0.687500
vt 0.203125 0.687500
vt 0.218750 0.687500
vt 0.234375 0.687500
vt 0.250000 0.687500
vt 0.265625 0.687500
vt 0.281250 0.687500
vt 0.296875 0.687500
vt 0.312500 0.687500
vt 0.328125 0.687500
vt 0.343750 0.687500
vt 0.359375 0.687500
vt 0.375000 0.687500
vt 0.390625 0.687500
vt 0.406250 0.687500
vt 0.421875 0.687500
vt 0.437500 0.687500
vt 0.453125 0.687500
vt 0.468750 0.687500
vt 0.484375 0.687500
vt 0.500000 0.687500
vt 0.515625 0.687500
vt 0.531250 0.687500
vt 0.546875 0.687500
vt 0.562500 0.687500
vt 0.578125 0.687500
vt 0.593750 0.687500
vt 0.609375 0.687500
vt 0.625000 0.687500
vt 0.640625 0.687500
vt 0.656250 0.687500
vt 0.671875 0.687500
vt 0.687500 0.687500
vt 0.703125 0.687500
vt 0.718750 0.687500
vt 0.734375 0.687500
vt 0.750000 0.687500
vt 0.765625 0.687500
vt 0.781250 0.687500
vt 0.796875 0.687500
vt 0.812500 0.687500
vt 0.828125 0.687500
vt 0.843750 0.687500
vt 0.859375 0.687500
vt 0.875000 0.687500
vt 0.890625 0.687500
vt 0.906250 0.687500
vt 0.921875 0.687500
vt 0.937500 0.687500
vt 0.953125 0.687500
vt 0.968750 0.687500
vt 0.984375 0.687500
vt 0.031250 0.703125
vt 0.015625 0.703125
vt 0.046875 0.703125
vt 0.062500 0.703125
vt 0.078125 0.703125
vt 0.093750 0.703125
vt 0.109375 0.703125
vt 0.125000 0.703125
vt 0.140625 0.703125
vt 0.156250 0.703125
vt 0.171875 0.703125
vt 0.187500 0.703125
vt 0.203125 0.703125
vt 0.218750 0.703125
vt 0.234375 0.703125
vt 0.250000 0.703125
vt 0.265625 0.703125
vt 0.281250 0.703125
vt 0.296875 0.703125
vt 0.312500 0.703125
vt 0.328125 0.703125
vt 0.343750 0.703125
vt 0.359375 0.703125
vt 0.375000 0.703125
vt 0.390625 0.703125
vt 0.406250 0.703125
vt 0.421875 0.703125
vt 0.437500 0.703125
vt 0.453125 0.703125
vt 0.468750 0.703125
vt 0.484375 0.703125
vt 0.500000 0.703125
vt 0.515625 0.703125
vt 0.531250 0.703125
vt 0.546875 0.703125
vt 0.562500 0.703125
vt 0.578125 0.703125
vt 0.593750 0.703125
vt 0.609375 0.703125
vt 0.625000 0.703125
vt 0.640625 0.703125
vt 0.656250 0.703125
vt 0.671875 0.703125
vt 0.687500 0.703125
vt 0.703125 0.703125
vt 0.718750 0.703125
vt 0.734375 0.703125
vt 0.750000 0.703125
vt 0.765625 0.703125
vt 0.781250 0.703125
vt 0.796875 0.703125
vt 0.812500 0.703125
vt 0.828125 0.703125
vt 0.843750 0.703125
vt 0.859375 0.703125
vt 0.875000 0.703125
vt 0.890625 0.703125
vt 0.906250 0.703125
vt 0.921875 0.703125
vt 0.937500 0.703125
vt 0.953125 0.703125
vt 0.968750 0.703125
vt 0.984375 0.703125
vt 0.031250 0.718750
vt 0.015625 0.718750
vt 0.046875 0.718750
vt 0.062500 0.718750
vt 0.078125 0.718750
vt 0.093750 0.718750
vt 0.109375 0.718750
vt 0.125000 0.718750
vt 0.140625 0.718750
vt 0.156250 0.718750
vt 0.171875 0.718750
vt 0.187500 0.718750
vt 0.203125 0.718750
vt 0.218750 0.718750
vt 0.234375 0.718750
vt 0.250000 0.718750
vt 0.265625 0.718750
vt 0.281250 0.718750
vt 0.296875 0.718750
vt 0.312500 0.718750
vt 0.328125 0.718750
vt 0.343750 0.718750
vt 0.359375 0.718750
vt 0.375000 0.718750
vt 0.390625 0.718750
vt 0.406250 0.718750
vt 0.421875 0.718750
vt 0.437500 0.718750
vt 0.453125 0.718750
vt 0.468750 0.718750
vt 0.484375 0.718750
vt 0.500000 0.718750
vt 0.515625 0.718750
vt 0.531250 0.718750
vt 0.546875 0.718750
vt 0.562500 0.718750
vt 0.578125 0.718750
vt 0.593750 0.718750
vt 0.609375 0.718750
vt 0.625000 0.718750
vt 0.640625 0.718750
vt 0.656250 0.718750
vt 0.671875 0.718750
vt 0.687500 0.718750
vt 0.703125 0.718750
vt 0.718750 0.718750
vt 0.734375 0.718750
vt 0.750000 0.718750
vt 0.765625 0.718750
vt 0.781250 0.718750
vt 0.796875 0.718750
vt 0.812500 0.718750
vt 0.828125 0.718750
vt 0.843750 0.718750
vt 0.859375 0.718750
vt 0.875000 0.718750
vt 0.890625 0.718750
vt 0.906250 0.718750
vt 0.921875 0.718750
vt 0.937500 0.718750
vt 0.953125 0.718750
vt 0.968750 0.718750
vt 0.984375 0.718750
vt 0.031250 0.734375
vt 0.015625 0.734375
vt 0.046875 0.734375
vt 0.062500 0.734375
vt 0.078125 0.734375
vt 0.093750 0.734375
vt 0.109375 0.734375
vt 0.125000 0.734375
vt 0.140625 0.734375
vt 0.156250 0.734375
vt 0.171875 0.734375
vt 0.187500 0.734375
vt 0.203125 0.734375
vt 0.218750 0.734375
vt 0.234375 0.734375
vt 0.250000 0.734375
vt 0.265625 0.734375
vt 0.281250 0.734375
vt 0.296875 0.734375
vt 0.312500 0.734375
vt 0.328125 0.734375
vt 0.343750 0.734375
vt 0.359375 0.734375
vt 0.375000 0.734375
vt 0.390625 0.734375
vt 0.406250 0.734375
vt 0.421875 0.734375
vt 0.437500 0.734375
vt 0.453125 0.734375
vt 0.468750 0.734375
vt 0.484375 0.734375
vt 0.500000 0.734375
vt 0.515625 0.734375
vt 0.531250 0.734375
vt 0.546875 0.734375
vt 0.562500 0.734375
vt 0.578125 0.734375
vt 0.593750 0.734375
vt 0.609375 0.734375
vt 0.625000 0.734375
vt 0.640625 0.734375
vt 0.656250 0.734375
vt 0.671875 0.734375
vt 0.687500 0.734375
vt 0.703125 0.734375
vt 0.718750 0.734375
vt 0.734375 0.734375
vt 0.750000 0.734375
vt 0.765625 0.734375
vt 0.781250 0.734375
vt 0.796875 0.734375
vt 0.812500 0.734375
vt 0.828125 0.734375
vt 0.843750 0.734375
vt 0.859375 0.734375
vt 0.875000 0.734375
vt 0.890625 0.734375
vt 0.906250 0.734375
vt 0.921875 0.734375
vt 0.937500 0.734375
vt 0.953125 0.734375
vt 0.968750 0.734375
vt 0.984375 0.734375
vt 0.031250 0.750000
vt 0.015625 0.750000
vt 0.046875 0.750000
vt 0.062500 0.750000
vt 0.078125 0.750000
vt 0.093750 0.750000
vt 0.109375 0.750000
vt 0.125000 0.750000
vt 0.140625 0.750000
vt 0.156250 0.750000
vt 0.171875 0.750000
vt 0.187500 0.750000
vt 0.203125 0.750000
vt 0.218750 0.750000
vt 0.234375 0.750000
vt 0.250000 0.750000
vt 0.265625 0.750000
vt 0.281250 0.750000
vt 0.296875 0.750000
vt 0.312500 0.750000
vt 0.328125 0.750000
vt 0.343750 0.750000
vt 0.359375 0.750000
vt 0.375000 0.750000
vt 0.390625 0.750000
vt 0.406250 0.750000
vt 0.421875 0.750000
vt 0.437500 0.750000
vt 0.453125 0.750000
vt 0.468750 0.750000
vt 0.484375 0.750000
vt 0.500000 0.750000
vt 0.515625 0.750000
vt 0.531250 0.750000
vt 0.546875 0.750000
vt 0.562500 0.750000
vt 0.578125 0.750000
vt 0.593750 0.750000
vt 0.609375 0.750000
vt 0.625000 0.750000
vt 0.640625 0.750000
vt 0.656250 0.750000
vt 0.671875 0.750000
vt 0.687500 0.750000
vt 0.703125 0.750000
vt 0.718750 0.750000
vt 0.734375 0.750000
vt 0.750000 0.750000
vt 0.765625 0.750000
vt 0.781250 0.750000
vt 0.796875 0.750000
vt 0.812500 0.750000
vt 0.828125 0.750000
vt 0.843750 0.750000
vt 0.859375 0.750000
vt 0.875000 0.750000
vt 0.890625 0.750000
vt 0.906250 0.750000
vt 0.921875 0.750000
vt 0.937500 0.750000
vt 0.953125 0.750000
vt 0.968750 0.750000
vt 0.984375 0.750000
vt 0.031250 0.765625
vt 0.015625 0.765625
vt 0.046875 0.765625
vt 0.062500 0.765625
vt 0.078125 0.765625
vt 0.093750 0.765625
vt 0.109375 0.765625
vt 0.125000 0.765625
vt 0.140625 0.765625
vt 0.156250 0.765625
vt 0.171875 0.765625
vt 0.187500 0.765625
vt 0.203125 0.765625
vt 0.218750 0.765625
vt 0.234375 0.765625
vt 0.250000 0.765625
vt 0.265625 0.765625
vt 0.281250 0.765625
vt 0.296875 0.765625
vt 0.312500 0.765625
vt 0.328125 0.765625
vt 0.343750 0.765625
vt 0.359375 0.765625
vt 0.375000 0.765625
vt 0.390625 0.765625
vt 0.406250 0.765625
vt 0.421875 0.765625
vt 0.437500 0.765625
vt 0.453125 0.765625
vt 0.468750 0.765625
vt 0.484375 0.765625
vt 0.500000 0.765625
vt 0.515625 0.765625
vt 0.531250 0.765625
vt 0.546875 0.765625
vt 0.562500 0.765625
vt 0.578125 0.765625
vt 0.593750 0.765625
vt 0.609375 0.765625
vt 0.625000 0.765625
vt 0.640625 0.765625
vt 0.656250 0.765625
vt 0.671875 0.765625
vt 0.687500 0.765625
vt 0.703125 0.765625
vt 0.718750 0.765625
vt 0.734375 0.765625
vt 0.750000 0.765625
vt 0.765625 0.765625
vt 0.781250 0.765625
vt 0.796875 0.765625
vt 0.812500 0.765625
vt 0.828125 0.765625
vt 0.843750 0.765625
vt 0.859375 0.765625
vt 0.875000 0.765625
vt 0.890625 0.765625
vt 0.906250 0.765625
vt 0.921875 0.765625
vt 0.937500 0.765625
vt 0.953125 0.765625
vt 0.968750 0.765625
vt 0.984375 0.765625
vt 0.031250 0.781250
vt 0.015625 0.781250
vt 0.046875 0.781250
vt 0.062500 0.781250
vt 0.078125 0.781250
vt 0.093750 0.781250
vt 0.109375 0.781250
vt 0.125000 0.781250
vt 0.140625 0.781250
vt 0.156250 0.781250
vt 0.171875 0.781250
vt 0.187500 0.781250
vt 0.203125 0.781250
vt 0.218750 0.781250
vt 0.234375 0.781250
vt 0.250000 0.781250
vt 0.265625 0.781250
vt 0.281250 0.781250
vt 0.296875 0.781250
vt 0.312500 0.781250
vt 0.328125 0.781250
vt 0.343750 0.781250
vt 0.359375 0.781250
vt 0.375000 0.781250
vt 0.390625 0.781250
vt 0.406250 0.781250
vt 0.421875 0.781250
vt 0.437500 0.781250
vt 0.453125 0.781250
vt 0.468750 0.781250
vt 0.484375 0.781250
vt 0.500000 0.781250
vt 0.515625 0.781250
vt 0.531250 0.781250
vt 0.546875 0.781250
vt 0.562500 0.781250
vt 0.578125 0.781250
vt 0.593750 0.781250
vt 0.609375 0.781250
vt 0.625000 0.781250
vt 0.640625 0.781250
vt 0.656250 0.781250
vt 0.671875 0.781250
vt 0.687500 0.781250
vt 0.703125 0.781250
vt 0.718750 0.781250
vt 0.734375 0.781250
vt 0.750000 0.781250
vt 0.765625 0.781250
vt 0.781250 0.781250
vt 0.796875 0.781250
vt 0.812500 0.781250
vt 0.828125 0.781250
vt 0.843750 0.781250
vt 0.859375 0.781250
vt 0.875000 0.781250
vt 0.890625 0.781250
vt 0.906250 0.781250
vt 0.921875 0.781250
vt 0.937500 0.781250
vt 0.953125 0.781250
vt 0.968750 0.781250
vt 0.984375 0.781250
vt 0.031250 0.796875
vt 0.015625 0.796875
vt 0.046875 0.796875
vt 0.062500 0.796875
vt 0.078125 0.796875
vt 0.093750 0.796875
vt 0.109375 0.796875
vt 0.125000 0.796875
vt 0.140625 0.796875
vt 0.156250 0.796875
vt 0.171875 0.796875
vt 0.187500 0.796875
vt 0.203125 0.796875
vt 0.218750 0.796875
vt 0.234375 0.796875
vt 0.250000 0.796875
vt 0.265625 0.796875
vt 0.281250 0.796875
vt 0.296875 0.796875
vt 0.312500 0.796875
vt 0.328125 0.796875
vt 0.343750 0.796875
vt 0.359375 0.796875
vt 0.375000 0.796875
vt 0.390625 0.796875
vt 0.406250 0.796875
vt 0.421875 0.796875
vt 0.437500 0.796875
vt 0.453125 0.796875
vt 0.468750 0.796875
vt 0.484375 0.796875
vt 0.500000 0.796875
vt 0.515625 0.796875
vt 0.531250 0.796875
vt 0.546875 0.796875
vt 0.562500 0.796875
vt 0.578125 0.796875
vt 0.593750 0.796875
vt 0.609375 0.796875
vt 0.625000 0.796875
vt 0.640625 0.796875
vt 0.656250 0.796875
vt 0.671875 0.796875
vt 0.687500 0.796875
vt 0.703125 0.796875
vt 0.718750 0.796875
vt 0.734375 0.796875
vt 0.750000 0.796875
vt 0.765625 0.796875
vt 0.781250 0.796875
vt 0.796875 0.796875
vt 0.812500 0.796875
vt 0.828125 0.796875
vt 0.843750 0.796875
vt 0.859375 0.796875
vt 0.875000 0.796875
vt 0.890625 0.796875
vt 0.906250 0.796875
vt 0.921875 0.796875
vt 0.937500 0.796875
vt 0.953125 0.796875
vt 0.968750 0.796875
vt 0.984375 0.796875
vt 0.031250 0.812500
vt 0.015625 0.812500
vt 0.046875 0.812500
vt 0.062500 0.812500
vt 0.078125 0.812500
vt 0.093750 0.812500
vt 0.109375 0.812500
vt 0.125000 0.812500
vt 0.140625 0.812500
vt 0.156250 0.812500
vt 0.171875 0.812500
vt 0.187500 0.812500
vt 0.203125 0.812500
vt 0.218750 0.812500
vt 0.234375 0.812500
vt 0.250000 0.812500
vt 0.265625 0.812500
vt 0.281250 0.812500
vt 0.296875 0.812500
vt 0.312500 0.812500
vt 0.328125 0.812500
vt 0.343750 0.812500
vt 0.359375 0.812500
vt 0.375000 0.812500
vt 0.390625 0.812500
vt 0.406250 0.812500
vt 0.421875 0.812500
vt 0.437500 0.812500
vt 0.453125 0.812500
vt 0.468750 0.812500
vt 0.484375 0.812500
vt 0.500000 0.812500
vt 0.515625 0.812500
vt 0.531250 0.812500
vt 0.546875 0.812500
vt 0.562500 0.812500
vt 0.578125 0.812500
vt 0.593750 0.812500
vt 0.609375 0.812500
vt 0.625000 0.812500
vt 0.640625 0.812500
vt 0.656250 0.812500
vt 0.671875 0.812500
vt 0.687500 0.812500
vt 0.703125 0.812500
vt 0.718750 0.812500
vt 0.734375 0.812500
vt 0.750000 0.812500
vt 0.765625 0.812500
vt 0.781250 0.812500
vt 0.796875 0.812500
vt 0.812500 0.812500
vt 0.828125 0.812500
vt 0.843750 0.812500
vt 0.859375 0.812500
vt 0.875000 0.812500
vt 0.890625 0.812500
vt 0.906250 0.812500
vt 0.921875 0.812500
vt 0.937500 0.812500
vt 0.953125 0.812500
vt 0.968750 0.812500
vt 0.984375 0.812500
vt 0.031250 0.828125
vt 0.015625 0.828125
vt 0.046875 0.828125
vt 0.062500 0.828125
vt 0.078125 0.828125
vt 0.093750 0.828125
vt 0.109375 0.828125
vt 0.125000 0.828125
vt 0.140625 0.828125
vt 0.156250 0.828125
vt 0.171875 0.828125
vt 0.187500 0.828125
vt 0.203125 0.828125
vt 0.218750 0.828125
vt 0.234375 0.828125
vt 0.250000 0.828125
vt 0.265625 0.828125
vt 0.281250 0.828125
vt 0.296875 0.828125
vt 0.312500 0.828125
vt 0.328125 0.828125
vt 0.343750 0.828125
vt 0.359375 0.828125
vt 0.375000 0.828125
vt 0.390625 0.828125
vt 0.406250 0.828125
vt 0.421875 0.828125
vt 0.437500 0.828125
vt 0.453125 0.828125
vt 0.468750 0.828125
vt 0.484375 0.828125
vt 0.500000 0.828125
vt 0.515625 0.828125
vt 0.531250 0.828125
vt 0.546875 0.828125
vt 0.562500 0.828125
vt 0.578125 0.828125
vt 0.593750 0.828125
vt 0.609375 0.828125
vt 0.625000 0.828125
vt 0.640625 0.828125
vt 0.656250 0.828125
vt 0.671875 0.828125
vt 0.687500 0.828125
vt 0.703125 0.828125
vt 0.718750 0.828125
vt 0.734375 0.828125
vt 0.750000 0.828125
vt 0.765625 0.828125
vt 0.781250 0.828125
vt 0.796875 0.828125
vt 0.812500 0.828125
vt 0.828125 0.828125
vt 0.843750 0.828125
vt 0.859375 0.828125
vt 0.875000 0.828125
vt 0.890625 0.828125
vt 0.906250 0.828125
vt 0.921875 0.828125
vt 0.937500 0.828125
vt 0.953125 0.828125
vt 0.968750 0.828125
vt 0.984375 0.828125
vt 0.031250 0.843750
vt 0.015625 0.843750
vt 0.046875 0.843750
vt 0.062500 0.843750
vt 0.078125 0.843750
vt 0.093750 0.843750
vt 0.109375 0.843750
vt 0.125000 0.843750
vt 0.140625 0.843750
vt 0.156250 0.843750
vt 0.171875 0.843750
vt 0.187500 0.843750
vt 0.203125 0.843750
vt 0.218750 0.843750
vt 0.234375 0.843750
vt 0.250000 0.843750
vt 0.265625 0.843750
vt 0.281250 0.843750
vt 0.296875 0.843750
vt 0.312500 0.843750
vt 0.328125 0.843750
vt 0.343750 0.843750
vt 0.359375 0.843750
vt 0.375000 0.843750
vt 0.390625 0.843750
vt 0.406250 0.843750
vt 0.421875 0.843750
vt 0.437500 0.843750
vt 0.453125 0.843750
vt 0.468750 0.843750
vt 0.484375 0.843750
vt 0.500000 0.843750
vt 0.515625 0.843750
vt 0.531250 0.843750
vt 0.546875 0.843750
vt 0.562500 0.843750
vt 0.578125 0.843750
vt 0.593750 0.843750
vt 0.609375 0.843750
vt 0.625000 0.843750
vt 0.640625 0.843750
vt 0.656250 0.843750
vt 0.671875 0.843750
vt 0.687500 0.843750
vt 0.703125 0.843750
vt 0.718750 0.843750
vt 0.734375 0.843750
vt 0.750000 0.843750
vt 0.765625 0.843750
vt 0.781250 0.843750
vt 0.796875 0.843750
vt 0.812500 0.843750
vt 0.828125 0.843750
vt 0.843750 0.843750
vt 0.859375 0.843750
vt 0.875000 0.843750
vt 0.890625 0.843750
vt 0.906250 0.843750
vt 0.921875 0.843750
vt 0.937500 0.843750
vt 0.953125 0.843750
vt 0.968750 0.843750
vt 0.984375 0.843750
vt 0.031250 0.859375
vt 0.015625 0.859375
vt 0.046875 0.859375
vt 0.062500 0.859375
vt 0.078125 0.859375
vt 0.093750 0.859375
vt 0.109375 0.859375
vt 0.125000 0.859375
vt 0.140625 0.859375
vt 0.156250 0.859375
vt 0.171875 0.859375
vt 0.187500 0.859375
vt 0.203125 0.859375
vt 0.218750 0.859375
vt 0.234375 0.859375
vt 0.250000 0.859375
vt 0.265625 0.859375
vt 0.281250 0.859375
vt 0.296875 0.859375
vt 0.312500 0.859375
vt 0.328125 0.859375
vt 0.343750 0.859375
vt 0.359375 0.859375
vt 0.375000 0.859375
vt 0.390625 0.859375
vt 0.406250 0.859375
vt 0.421875 0.859375
vt 0.437500 0.859375
vt 0.453125 0.859375
vt 0.468750 0.859375
vt 0.484375 0.859375
vt 0.500000 0.859375
vt 0.515625 0.859375
vt 0.531250 0.859375
vt 0.546875 0.859375
vt 0.562500 0.859375
vt 0.578125 0.859375
vt 0.593750 0.859375
vt 0.609375 0.859375
vt 0.625000 0.859375
vt 0.640625 0.859375
vt 0.656250 0.859375
vt 0.671875 0.859375
vt 0.687500 0.859375
vt 0.703125 0.859375
vt 0.718750 0.859375
vt 0.734375 0.859375
vt 0.750000 0.859375
vt 0.765625 0.859375
vt 0.781250 0.859375
vt 0.796875 0.859375
vt 0.812500 0.859375
vt 0.828125 0.859375
vt 0.843750 0.859375
vt 0.859375 0.859375
vt 0.875000 0.859375
vt 0.890625 0.859375
vt 0.906250 0.859375
vt 0.921875 0.859375
vt 0.937500 0.859375
vt 0.953125 0.859375
vt 0.968750 0.859375
vt 0.984375 0.859375
vt 0.031250 0.875000
vt 0.015625 0.875000
vt 0.046875 0.875000
vt 0.062500 0.875000
vt 0.078125 0.875000
vt 0.093750 0.875000
vt 0.109375 0.875000
vt 0.125000 0.875000
vt 0.140625 0.875000
vt 0.156250 0.875000
vt 0.171875 0.875000
vt 0.187500 0.875000
vt 0.203125 0.875000
vt 0.218750 0.875000
vt 0.234375 0.875000
vt 0.250000 0.875000
vt 0.265625 0.875000
vt 0.281250 0.875000
vt 0.296875 0.875000
vt 0.312500 0.875000
vt 0.328125 0.875000
vt 0.343750 0.875000
vt 0.359375 0.875000
vt 0.375000 0.875000
vt 0.390625 0.875000
vt 0.406250 0.875000
vt 0.421875 0.875000
vt 0.437500 0.875000
vt 0.453125 0.875000
vt 0.468750 0.875000
vt 0.484375 0.875000
vt 0.500000 0.875000
vt 0.515625 0.875000
vt 0.531250 0.875000
vt 0.546875 0.875000
vt 0.562500 0.875000
vt 0.578125 0.875000
vt 0.593750 0.875000
vt 0.609375 0.875000
vt 0.625000 0.875000
vt 0.640625 0.875000
vt 0.656250 0.875000
vt 0.671875 0.875000
vt 0.687500 0.875000
vt 0.703125 0.875000
vt 0.718750 0.875000
vt 0.734375 0.875000
vt 0.750000 0.875000
vt 0.765625 0.875000
vt 0.781250 0.875000
vt 0.796875 0.875000
vt 0.812500 0.875000
vt 0.828125 0.875000
vt 0.843750 0.875000
vt 0.859375 0.875000
vt 0.875000 0.875000
vt 0.890625 0.875000
vt 0.906250 0.875000
vt 0.921875 0.875000
vt 0.937500 0.875000
vt 0.953125 0.875000
vt 0.968750 0.875000
vt 0.984375 0.875000
vt 0.031250 0.890625
vt 0.015625 0.890625
vt 0.046875 0.890625
vt 0.062500 0.890625
vt 0.078125 0.890625
vt 0.093750 0.890625
vt 0.109375 0.890625
vt 0.125000 0.890625
vt 0.140625 0.890625
vt 0.156250 0.890625
vt 0.171875 0.890625
vt 0.187500 0.890625
vt 0.203125 0.890625
vt 0.218750 0.890625
vt 0.234375 0.890625
vt 0.250000 0.890625
vt 0.265625 0.890625
vt 0.281250 0.890625
vt 0.296875 0.890625
vt 0.312500 0.890625
vt 0.328125 0.890625
vt 0.343750 0.890625
vt 0.359375 0.890625
vt 0.375000 0.890625
vt 0.390625 0.890625
vt 0.406250 0.890625
vt 0.421875 0.890625
vt 0.437500 0.890625
vt 0.453125 0.890625
vt 0.468750 0.890625
vt 0.484375 0.890625
vt 0.500000 0.890625
vt 0.515625 0.890625
vt 0.531250 0.890625
vt 0.546875 0.890625
vt 0.562500 0.890625
vt 0.578125 0.890625
vt 0.593750 0.890625
vt 0.609375 0.890625
vt 0.625000 0.890625
vt 0.640625 0.890625
vt 0.656250 0.890625
vt 0.671875 0.890625
vt 0.687500 0.890625
vt 0.703125 0.890625
vt 0.718750 0.890625
vt 0.734375 0.890625
vt 0.750000 0.890625
vt 0.765625 0.890625
vt 0.781250 0.890625
vt 0.796875 0.890625
vt 0.812500 0.890625
vt 0.828125 0.890625
vt 0.843750 0.890625
vt 0.859375 0.890625
vt 0.875000 0.890625
vt 0.890625 0.890625
vt 0.906250 0.890625
vt 0.921875 0.890625
vt 0.937500 0.890625
vt 0.953125 0.890625
vt 0.968750 0.890625
vt 0.984375 0.890625
vt 0.031250 0.906250
vt 0.015625 0.906250
vt 0.046875 0.906250
vt 0.062500 0.906250
vt 0.078125 0.906250
vt 0.093750 0.906250
vt 0.109375 0.906250
vt 0.125000 0.906250
vt 0.140625 0.906250
vt 0.156250 0.906250
vt 0.171875 0.906250
vt 0.187500 0.906250
vt 0.203125 0.906250
vt 0.218750 0.906250
vt 0.234375 0.906250
vt 0.250000 0.906250
vt 0.265625 0.906250
vt 0.281250 0.906250
vt 0.296875 0.906250
vt 0.312500 0.906250
vt 0.328125 0.906250
vt 0.343750 0.906250
vt 0.359375 0.906250
vt 0.375000 0.906250
vt 0.390625 0.906250
vt 0.406250 0.906250
vt 0.421875 0.906250
vt 0.437500 0.906250
vt 0.453125 0.906250
vt 0.468750 0.906250
vt 0.484375 0.906250
vt 0.500000 0.906250
vt 0.515625 0.906250
vt 0.531250 0.906250
vt 0.546875 0.906250
vt 0.562500 0.906250
vt 0.578125 0.906250
vt 0.593750 0.906250
vt 0.609375 0.906250
vt 0.625000 0.906250
vt 0.640625 0.906250
vt 0.656250 0.906250
vt 0.671875 0.906250
vt 0.687500 0.906250
vt 0.703125 0.906250
vt 0.718750 0.906250
vt 0.734375 0.906250
vt 0.750000 0.906250
vt 0.765625 0.906250
vt 0.781250 0.906250
vt 0.796875 0.906250
vt 0.812500 0.906250
vt 0.828125 0.906250
vt 0.843750 0.906250
vt 0.859375 0.906250
vt 0.875000 0.906250
vt 0.890625 0.906250
vt 0.906250 0.906250
vt 0.921875 0.906250
vt 0.937500 0.906250
vt 0.953125 0.906250
vt 0.968750 0.906250
vt 0.984375 0.906250
vt 0.031250 0.921875
vt 0.015625 0.921875
vt 0.046875 0.921875
vt 0.062500 0.921875
vt 0.078125 0.921875
vt 0.093750 0.921875
vt 0.109375 0.921875
vt 0.125000 0.921875
vt 0.140625 0.921875
vt 0.156250 0.921875
vt 0.171875 0.921875
vt 0.187500 0.921875
vt 0.203125 0.921875
vt 0.218750 0.921875
vt 0.234375 0.921875
vt 0.250000 0.921875
vt 0.265625 0.921875
vt 0.281250 0.921875
vt 0.296875 0.921875
vt 0.312500 0.921875
vt 0.328125 0.921875
vt 0.343750 0.921875
vt 0.359375 0.921875
vt 0.375000 0.921875
vt 0.390625 0.921875
vt 0.406250 0.921875
vt 0.421875 0.921875
vt 0.437500 0.921875
vt 0.453125 0.921875
vt 0.468750 0.921875
vt 0.484375 0.921875
vt 0.500000 0.921875
vt 0.515625 0.921875
vt 0.531250 0.921875
vt 0.546875 0.921875
vt 0.562500 0.921875
vt 0.578125 0.921875
vt 0.593750 0.921875
vt 0.609375 0.921875
vt 0.625000 0.921875
vt 0.640625 0.921875
vt 0.656250 0.921875
vt 0.671875 0.921875
vt 0.687500 0.921875
vt 0.703125 0.921875
vt 0.718750 0.921875
vt 0.734375 0.921875
vt 0.750000 0.921875
vt 0.765625 0.921875
vt 0.781250 0.921875
vt 0.796875 0.921875
vt 0.812500 0.921875
vt 0.828125 0.921875
vt 0.843750 0.921875
vt 0.859375 0.921875
vt 0.875000 0.921875
vt 0.890625 0.921875
vt 0.906250 0.921875
vt 0.921875 0.921875
vt 0.937500 0.921875
vt 0.953125 0.921875
vt 0.968750 0.921875
vt 0.984375 0.921875
vt 0.031250 0.937500
vt 0.015625 0.937500
vt 0.046875 0.937500
vt 0.062500 0.937500
vt 0.078125 0.937500
vt 0.093750 0.937500
vt 0.109375 0.937500
vt 0.125000 0.937500
vt 0.140625 0.937500
vt 0.156250 0.937500
vt 0.171875 0.937500
vt 0.187500 0.937500
vt 0.203125 0.937500
vt 0.218750 0.937500
vt 0.234375 0.937500
vt 0.250000 0.937500
vt 0.265625 0.937500
vt 0.281250 0.937500
vt 0.296875 0.937500
vt 0.312500 0.937500
vt 0.328125 0.937500
vt 0.343750 0.937500
vt 0.359375 0.937500
vt 0.375000 0.937500
vt 0.390625 0.937500
vt 0.406250 0.937500
vt 0.421875 0.937500
vt 0.437500 0.937500
vt 0.453125 0.937500
vt 0.468750 0.937500
vt 0.484375 0.937500
vt 0.500000 0.937500
vt 0.515625 0.937500
vt 0.531250 0.937500
vt 0.546875 0.937500
vt 0.562500 0.937500
vt 0.578125 0.937500
vt 0.593750 0.937500
vt 0.609375 0.937500
vt 0.625000 0.937500
vt 0.640625 0.937500
vt 0.656250 0.937500
vt 0.671875 0.937500
vt 0.687500 0.937500
vt 0.703125 0.937500
vt 0.718750 0.937500
vt 0.734375 0.937500
vt 0.750000 0.937500
vt 0.765625 0.937500
vt 0.781250 0.937500
vt 0.796875 0.937500
vt 0.812500 0.937500
vt 0.828125 0.937500
vt 0.843750 0.937500
vt 0.859375 0.937500
vt 0.875000 0.937500
vt 0.890625 0.937500
vt 0.906250 0.937500
vt 0.921875 0.937500
vt 0.937500 0.937500
vt 0.953125 0.937500
vt 0.968750 0.937500
vt 0.984375 0.937500
vt 0.031250 0.953125
vt 0.015625 0.953125
vt 0.046875 0.953125
vt 0.062500 0.953125
vt 0.078125 0.953125
vt 0.093750 0.953125
vt 0.109375 0.953125
vt 0.125000 0.953125
vt 0.140625 0.953125
vt 0.156250 0.953125
vt 0.171875 0.953125
vt 0.187500 0.953125
vt 0.203125 0.953125
vt 0.218750 0.953125
vt 0.234375 0.953125
vt 0.250000 0.953125
vt 0.265625 0.953125
vt 0.281250 0.953125
vt 0.296875 0.953125
vt 0.312500 0.953125
vt 0.328125 0.953125
vt 0.343750 0.953125
vt 0.359375 0.953125
vt 0.375000 0.953125
vt 0.390625 0.953125
vt 0.406250 0.953125
vt 0.421875 0.953125
vt 0.437500 0.953125
vt 0.453125 0.953125
vt 0.468750 0.953125
vt 0.484375 0.953125
vt 0.500000 0.953125
vt 0.515625 0.953125
vt 0.531250 0.953125
vt 0.546875 0.953125
vt 0.562500 0.953125
vt 0.578125 0.953125
vt 0.593750 0.953125
vt 0.609375 0.953125
vt 0.625000 0.953125
vt 0.640625 0.953125
vt 0.656250 0.953125
vt 0.671875 0.953125
vt 0.687500 0.953125
vt 0.703125 0.953125
vt 0.718750 0.953125
vt 0.734375 0.953125
vt 0.750000 0.953125
vt 0.765625 0.953125
vt 0.781250 0.953125
vt 0.796875 0.953125
vt 0.812500 0.953125
vt 0.828125 0.953125
vt 0.843750 0.953125
vt 0.859375 0.953125
vt 0.875000 0.953125
vt 0.890625 0.953125
vt 0.906250 0.953125
vt 0.921875 0.953125
vt 0.937500 0.953125
vt 0.953125 0.953125
vt 0.968750 0.953125
vt 0.984375 0.953125
vt 0.031250 0.968750
vt 0.015625 0.968750
vt 0.046875 0.968750
vt 0.062500 0.968750
vt 0.078125 0.968750
vt 0.093750 0.968750
vt 0.109375 0.968750
vt 0.125000 0.968750
vt 0.140625 0.968750
vt 0.156250 0.968750
vt 0.171875 0.968750
vt 0.187500 0.968750
vt 0.203125 0.968750
vt 0.218750 0.968750
vt 0.234375 0.968750
vt 0.250000 0.968750
vt 0.265625 0.968750
vt 0.281250 0.968750
vt 0.296875 0.968750
vt 0.312500 0.968750
vt 0.328125 0.968750
vt 0.343750 0.968750
vt 0.359375 0.968750
vt 0.375000 0.968750
vt 0.390625 0.968750
vt 0.406250 0.968750
vt 0.421875 0.968750
vt 0.437500 0.968750
vt 0.453125 0.968750
vt 0.468750 0.968750
vt 0.484375 0.968750
vt 0.500000 0.968750
vt 0.515625 0.968750
vt 0.531250 0.968750
vt 0.546875 0.968750
vt 0.562500 0.968750
vt 0.578125 0.968750
vt 0.593750 0.968750
vt 0.609375 0.968750
vt 0.625000 0.968750
vt 0.640625 0.968750
vt 0.656250 0.968750
vt 0.671875 0.968750
vt 0.687500 0.968750
vt 0.703125 0.968750
vt 0.718750 0.968750
vt 0.734375 0.968750
vt 0.750000 0.968750
vt 0.765625 0.968750
vt 0.781250 0.968750
vt 0.796875 0.968750
vt 0.812500 0.968750
vt 0.828125 0.968750
vt 0.843750 0.968750
vt 0.859375 0.968750
vt 0.875000 0.968750
vt 0.890625 0.968750
vt 0.906250 0.968750
vt 0.921875 0.968750
vt 0.937500 0.968750
vt 0.953125 0.968750
vt 0.968750 0.968750
vt 0.984375 0.968750
vt 0.031250 0.984375
vt 0.015625 0.984375
vt 0.046875 0.984375
vt 0.062500 0.984375
vt 0.078125 0.984375
vt 0.093750 0.984375
vt 0.109375 0.984375
vt 0.125000 0.984375
vt 0.140625 0.984375
vt 0.156250 0.984375
vt 0.171875 0.984375
vt 0.187500 0.984375
vt 0.203125 0.984375
vt 0.218750 0.984375
vt 0.234375 0.984375
vt 0.250000 0.984375
vt 0.265625 0.984375
vt 0.281250 0.984375
vt 0.296875 0.984375
vt 0.312500 0.984375
vt 0.328125 0.984375
vt 0.343750 0.984375
vt 0.359375 0.984375
vt 0.375000 0.984375
vt 0.390625 0.984375
vt 0.406250 0.984375
vt 0.421875 0.984375
vt 0.437500 0.984375
vt 0.453125 0.984375
vt 0.468750 0.984375
vt 0.484375 0.984375
vt 0.500000 0.984375
vt 0.515625 0.984375
vt 0.531250 0.984375
vt 0.546875 0.984375
vt 0.562500 0.984375
vt 0.578125 0.984375
vt 0.593750 0.984375
vt 0.609375 0.984375
vt 0.625000 0.984375
vt 0.640625 0.984375
vt 0.656250 0.984375
vt 0.671875 0.984375
vt 0.687500 0.984375
vt 0.703125 0.984375
vt 0.718750 0.984375
vt 0.734375 0.984375
vt 0.750000 0.984375
vt 0.765625 0.984375
vt 0.781250 0.984375
vt 0.796875 0.984375
vt 0.812500 0.984375
vt 0.828125 0.984375
vt 0.843750 0.984375
vt 0.859375 0.984375
vt 0.875000 0.984375
vt 0.890625 0.984375
vt 0.906250 0.984375
vt 0.921875 0.984375
vt 0.937500 0.984375
vt 0.953125 0.984375
vt 0.968750 0.984375
vt 0.984375 0.984375
vt 0.000000 0.000000
vt 0.015625 0.000000
vt 0.000000 0.015625
vt 0.031250 0.000000
vt 0.046875 0.000000
vt 0.062500 0.000000
vt 0.078125 0.000000
vt 0.093750 0.000000
vt 0.109375 0.000000
vt 0.125000 0.000000
vt 0.140625 0.000000
vt 0.156250 0.000000
vt 0.171875 0.000000
vt 0.187500 0.000000
vt 0.203125 0.000000
vt 0.218750 0.000000
vt 0.234375 0.000000
vt 0.250000 0.000000
vt 0.265625 0.000000
vt 0.281250 0.000000
vt 0.296875 0.000000
vt 0.312500 0.000000
vt 0.328125 0.000000
vt 0.343750 0.000000
vt 0.359375 0.000000
vt 0.375000 0.000000
vt 0.390625 0.000000
vt 0.406250 0.000000
vt 0.421875 0.000000
vt 0.437500 0.000000
vt 0.453125 0.000000
vt 0.468750 0.000000
vt 0.484375 0.000000
vt 0.500000 0.000000
vt 0.515625 0.000000
vt 0.531250 0.000000
vt 0.546875 0.000000
vt 0.562500 0.000000
vt 0.578125 0.000000
vt 0.593750 0.000000
vt 0.609375 0.000000
vt 0.625000 0.000000
vt 0.640625 0.000000
vt 0.656250 0.000000
vt 0.671875 0.000000
vt 0.687500 0.000000
vt 0.703125 0.000000
vt 0.718750 0.000000
vt 0.734375 0.000000
vt 0.750000 0.000000
vt 0.765625 0.000000
vt 0.781250 0.000000
vt 0.796875 0.000000
vt 0.812500 0.000000
vt 0.828125 0.000000
vt 0.843750 0.000000
vt 0.859375 0.000000
vt 0.875000 0.000000
vt 0.890625 0.000000
vt 0.906250 0.000000
vt 0.921875 0.000000
vt 0.937500 0.000000
vt 0.953125 0.000000
vt 0.968750 0.000000
vt 0.984375 0.000000
vt 1.000000 0.000000
vt 1.000000 0.015625
vt 1.000000 0.031250
vt 1.000000 0.046875
vt 1.000000 0.062500
vt 1.000000 0.078125
vt 1.000000 0.093750
vt 1.000000 0.109375
vt 1.000000 0.125000
vt 1.000000 0.140625
vt 1.000000 0.156250
vt 1.000000 0.171875
vt 1.000000 0.187500
vt 1.000000 0.203125
vt 1.000000 0.218750
vt 1.000000 0.234375
vt 1.000000 0.250000
vt 1.000000 0.265625
vt 1.000000 0.281250
vt 1.000000 0.296875
vt 1.000000 0.312500
vt 1.000000 0.328125
vt 1.000000 0.343750
vt 1.000000 0.359375
vt 1.000000 0.375000
vt 1.000000 0.390625
vt 1.000000 0.406250
vt 1.000000 0.421875
vt 1.000000 0.437500
vt 1.000000 0.453125
vt 1.000000 0.468750
vt 1.000000 0.484375
vt 1.000000 0.500000
vt 1.000000 0.515625
vt 1.000000 0.531250
vt 1.000000 0.546875
vt 1.000000 0.562500
vt 1.000000 0.578125
vt 1.000000 0.593750
vt 1.000000 0.609375
vt 1.000000 0.625000
vt 1.000000 0.640625
vt 1.000000 0.656250
vt 1.000000 0.671875
vt 1.000000 0.687500
vt 1.000000 0.703125
vt 1.000000 0.718750
vt 1.000000 0.734375
vt 1.000000 0.750000
vt 1.000000 0.765625
vt 1.000000 0.781250
vt 1.000000 0.796875
vt 1.000000 0.812500
vt 1.000000 0.828125
vt 1.000000 0.843750
vt 1.000000 0.859375
vt 1.000000 0.875000
vt 1.000000 0.890625
vt 1.000000 0.906250
vt 1.000000 0.921875
vt 1.000000 0.937500
vt 1.000000 0.953125
vt 1.000000 0.968750
vt 1.000000 0.984375
vt 1.000000 1.000000
vt 0.984375 1.000000
vt 0.968750 1.000000
vt 0.953125 1.000000
vt 0.937500 1.000000
vt 0.921875 1.000000
vt 0.906250 1.000000
vt 0.890625 1.000000
vt 0.875000 1.000000
vt 0.859375 1.000000
vt 0.843750 1.000000
vt 0.828125 1.000000
vt 0.812500 1.000000
vt 0.796875 1.000000
vt 0.781250 1.000000
vt 0.765625 1.000000
vt 0.750000 1.000000
vt 0.734375 1.000000
vt 0.718750 1.000000
vt 0.703125 1.000000
vt 0.687500 1.000000
vt 0.671875 1.000000
vt 0.656250 1.000000
vt 0.640625 1.000000
vt 0.625000 1.000000
vt 0.609375 1.000000
vt 0.593750 1.000000
vt 0.578125 1.000000
vt 0.562500 1.000000
vt 0.546875 1.000000
vt 0.531250 1.000000
vt 0.515625 1.000000
vt 0.500000 1.000000
vt 0.484375 1.000000
vt 0.468750 1.000000
vt 0.453125 1.000000
vt 0.437500 1.000000
vt 0.421875 1.000000
vt 0.406250 1.000000
vt 0.390625 1.000000
vt 0.375000 1.000000
vt 0.359375 1.000000
vt 0.343750 1.000000
vt 0.328125 1.000000
vt 0.312500 1.000000
vt 0.296875 1.000000
vt 0.281250 1.000000
vt 0.265625 1.000000
vt 0.250000 1.000000
vt 0.234375 1.000000
vt 0.218750 1.000000
vt 0.203125 1.000000
vt 0.187500 1.000000
vt 0.171875 1.000000
vt 0.156250 1.000000
vt 0.140625 1.000000
vt 0.125000 1.000000
vt 0.109375 1.000000
vt 0.093750 1.000000
vt 0.078125 1.000000
vt 0.062500 1.000000
vt 0.046875 1.000000
vt 0.031250 1.000000
vt 0.015625 1.000000
vt 0.000000 0.984375
vt 0.000000 1.000000
vt 0.000000 0.968750
vt 0.000000 0.953125
vt 0.000000 0.937500
vt 0.000000 0.921875
vt 0.000000 0.906250
vt 0.000000 0.890625
vt 0.000000 0.875000
vt 0.000000 0.859375
vt 0.000000 0.843750
vt 0.000000 0.828125
vt 0.000000 0.812500
vt 0.000000 0.796875
vt 0.000000 0.781250
vt 0.000000 0.765625
vt 0.000000 0.750000
vt 0.000000 0.734375
vt 0.000000 0.718750
vt 0.000000 0.703125
vt 0.000000 0.687500
vt 0.000000 0.671875
vt 0.000000 0.656250
vt 0.000000 0.640625
vt 0.000000 0.625000
vt 0.000000 0.609375
vt 0.000000 0.593750
vt 0.000000 0.578125
vt 0.000000 0.562500
vt 0.000000 0.546875
vt 0.000000 0.531250
vt 0.000000 0.515625
vt 0.000000 0.500000
vt 0.000000 0.484375
vt 0.000000 0.468750
vt 0.000000 0.453125
vt 0.000000 0.437500
vt 0.000000 0.421875
vt 0.000000 0.406250
vt 0.000000 0.390625
vt 0.000000 0.375000
vt 0.000000 0.359375
vt 0.000000 0.343750
vt 0.000000 0.328125
vt 0.000000 0.312500
vt 0.000000 0.296875
vt 0.000000 0.281250
vt 0.000000 0.265625
vt 0.000000 0.250000
vt 0.000000 0.234375
vt 0.000000 0.218750
vt 0.000000 0.203125
vt 0.000000 0.187500
vt 0.000000 0.171875
vt 0.000000 0.156250
vt 0.000000 0.140625
vt 0.000000 0.125000
vt 0.000000 0.109375
vt 0.000000 0.093750
vt 0.000000 0.078125
vt 0.000000 0.062500
vt 0.000000 0.046875
vt 0.000000 0.031250
vn 0.0972 0.9934 -0.0605
vn 0.0577 0.9959 -0.0698
vn 0.0696 0.9956 -0.0619
vn 0.0988 0.9937 -0.0534
vn 0.0116 0.9963 -0.0853
vn 0.0221 0.9969 -0.0756
vn -0.0595 0.9936 -0.0958
vn -0.0538 0.9948 -0.0858
vn -0.1028 0.9895 -0.1014
vn -0.0990 0.9908 -0.0920
vn -0.1465 0.9835 -0.1062
vn -0.1420 0.9850 -0.0974
vn -0.1778 0.9776 -0.1124
vn -0.1727 0.9795 -0.1033
vn -0.1615 0.9801 -0.1156
vn -0.1634 0.9809 -0.1056
vn -0.1451 0.9833 -0.1094
vn -0.1540 0.9831 -0.0985
vn -0.0720 0.9925 -0.0983
vn -0.0815 0.9928 -0.0874
vn 0.0316 0.9959 -0.0849
vn 0.0213 0.9969 -0.0754
vn 0.1012 0.9925 -0.0682
vn 0.0891 0.9940 -0.0622
vn 0.1909 0.9805 -0.0469
vn 0.1761 0.9833 -0.0462
vn 0.2484 0.9684 -0.0231
vn 0.2335 0.9719 -0.0283
vn 0.2983 0.9544 -0.0068
vn 0.2915 0.9565 -0.0143
vn 0.3402 0.9403 -0.0041
vn 0.3403 0.9403 -0.0073
vn 0.3052 0.9522 -0.0039
vn 0.3008 0.9537 -0.0015
vn 0.2640 0.9645 0.0047
vn 0.2543 0.9670 0.0096
vn 0.2330 0.9723 0.0166
vn 0.2251 0.9741 0.0223
vn 0.1888 0.9817 0.0240
vn 0.1858 0.9821 0.0302
vn 0.1656 0.9858 0.0254
vn 0.1661 0.9856 0.0323
vn 0.1509 0.9883 0.0227
vn 0.1550 0.9875 0.0288
vn 0.1400 0.9900 0.0169
vn 0.1469 0.9889 0.0199
vn 0.1043 0.9944 0.0123
vn 0.1069 0.9942 0.0121
vn 0.0690 0.9975 0.0128
vn 0.0669 0.9977 0.0111
vn 0.0513 0.9986 0.0123
vn 0.0546 0.9984 0.0102
vn 0.0265 0.9996 0.0021
vn 0.0375 0.9993 0.0017
vn 0.0311 0.9994 -0.0117
vn 0.0392 0.9992 -0.0095
vn 0.0576 0.9982 -0.0147
vn 0.0540 0.9984 -0.0123
vn 0.0744 0.9972 -0.0048
vn 0.0649 0.9979 -0.0048
vn 0.0864 0.9962 0.0055
vn 0.0814 0.9966 0.0039
vn 0.0966 0.9953 0.0087
vn 0.0954 0.9954 0.0087
vn 0.0721 0.9973 0.0065
vn 0.0745 0.9972 0.0094
vn 0.0437 0.9990 -0.0009
vn 0.0503 0.9987 0.0051
vn 0.0199 0.9997 -0.0098
vn 0.0252 0.9997 -0.0016
vn -0.0137 0.9998 -0.0135
vn -0.0123 0.9999 -0.0067
vn -0.0285 0.9995 -0.0112
vn -0.0296 0.9995 -0.0095
vn -0.0315 0.9995 -0.0058
vn -0.0351 0.9993 -0.0087
vn -0.0329 0.9995 0.0009
vn -0.0380 0.9993 -0.0042
vn 0.0085 0.9999 0.0056
vn 0.0064 1.0000 0.0004
vn 0.0489 0.9988 0.0051
vn 0.0502 0.9987 0.0018
vn 0.0241 0.9997 -0.0008
vn 0.0299 0.9995 -0.0014
vn -0.0096 0.9999 -0.0120
vn 0.0014 0.9999 -0.0123
vn -0.0238 0.9995 -0.0227
vn -0.0169 0.9995 -0.0251
vn -0.0349 0.9991 -0.0217
vn -0.0407 0.9988 -0.0274
vn -0.0415 0.9991 -0.0082
vn -0.0532 0.9984 -0.0180
vn -0.0446 0.9990 0.0033
vn -0.0483 0.9988 -0.0094
vn -0.0476 0.9988 0.0045
vn -0.0446 0.9989 -0.0097
vn -0.0172 0.9998 0.0001
vn -0.0132 0.9998 -0.0146
vn 0.0183 0.9998 -0.0066
vn 0.0231 0.9995 -0.0194
vn 0.0306 0.9994 -0.0138
vn 0.0344 0.9991 -0.0234
vn 0.0439 0.9988 -0.0191
vn 0.0459 0.9986 -0.0256
vn 0.0388 0.9990 -0.0219
vn 0.0388 0.9989 -0.0254
vn 0.0050 0.9998 -0.0199
vn 0.0001 0.9998 -0.0211
vn -0.0187 0.9998 -0.0113
vn -0.0272 0.9995 -0.0123
vn -0.0449 0.9990 -0.0018
vn -0.0503 0.9987 -0.0037
vn -0.0705 0.9975 0.0039
vn -0.0729 0.9973 0.0007
vn -0.0468 0.9989 0.0078
vn -0.0499 0.9987 0.0040
vn -0.0143 0.9998 0.0118
vn -0.0186 0.9998 0.0096
vn -0.0009 0.9999 0.0150
vn -0.0035 0.9998 0.0154
vn 0.0104 0.9998 0.0150
vn 0.0117 0.9998 0.0172
vn 0.0179 0.9998 0.0122
vn 0.0210 0.9997 0.0142
vn 0.0237 0.9997 0.0088
vn 0.0268 0.9996 0.0094
vn 0.0781 0.9961 -0.0417
vn 0.1016 0.9942 -0.0352
vn 0.0304 0.9983 -0.0501
vn -0.0476 0.9971 -0.0588
vn -0.0938 0.9933 -0.0674
vn -0.1375 0.9877 -0.0744
vn -0.1687 0.9824 -0.0797
vn -0.1664 0.9828 -0.0800
vn -0.1640 0.9839 -0.0709
vn -0.0904 0.9941 -0.0592
vn 0.0143 0.9986 -0.0511
vn 0.0826 0.9955 -0.0461
vn 0.1694 0.9846 -0.0432
vn 0.2264 0.9731 -0.0413
vn 0.2833 0.9584 -0.0334
vn 0.3317 0.9432 -0.0157
vn 0.2913 0.9566 0.0046
vn 0.2436 0.9696 0.0220
vn 0.2166 0.9756 0.0362
vn 0.1816 0.9823 0.0460
vn 0.1656 0.9849 0.0503
vn 0.1617 0.9858 0.0453
vn 0.1588 0.9868 0.0293
vn 0.1127 0.9935 0.0135
vn 0.0666 0.9977 0.0072
vn 0.0573 0.9983 0.0049
vn 0.0444 0.9990 0.0008
vn 0.0444 0.9990 -0.0038
vn 0.0526 0.9986 -0.0060
vn 0.0597 0.9982 -0.0048
vn 0.0762 0.9971 0.0000
vn 0.0903 0.9958 0.0088
vn 0.0725 0.9972 0.0175
vn 0.0520 0.9984 0.0222
vn 0.0294 0.9993 0.0211
vn -0.0048 0.9999 0.0110
vn -0.0226 0.9997 -0.0051
vn -0.0341 0.9993 -0.0163
vn -0.0414 0.9990 -0.0176
vn 0.0030 0.9999 -0.0132
vn 0.0468 0.9989 -0.0057
vn 0.0333 0.9994 -0.0024
vn 0.0144 0.9998 -0.0131
vn -0.0062 0.9995 -0.0313
vn -0.0413 0.9983 -0.0421
vn -0.0591 0.9973 -0.0429
vn -0.0489 0.9979 -0.0429
vn -0.0403 0.9980 -0.0474
vn -0.0103 0.9986 -0.0518
vn 0.0239 0.9984 -0.0518
vn 0.0338 0.9983 -0.0481
vn 0.0432 0.9982 -0.0416
vn 0.0346 0.9988 -0.0329
vn -0.0060 0.9997 -0.0237
vn -0.0346 0.9993 -0.0148
vn -0.0539 0.9985 -0.0089
vn -0.0732 0.9973 -0.0081
vn -0.0537 0.9985 -0.0059
vn -0.0269 0.9996 0.0044
vn -0.0099 0.9998 0.0176
vn 0.0122 0.9996 0.0235
vn 0.0255 0.9995 0.0200
vn 0.0324 0.9994 0.0117
vn 0.0828 0.9961 -0.0293
vn 0.1056 0.9941 -0.0242
vn 0.0360 0.9987 -0.0344
vn -0.0405 0.9983 -0.0423
vn -0.0868 0.9948 -0.0522
vn -0.1328 0.9893 -0.0604
vn -0.1655 0.9840 -0.0655
vn -0.1703 0.9832 -0.0647
vn -0.1751 0.9830 -0.0541
vn -0.0981 0.9943 -0.0419
vn 0.0112 0.9993 -0.0361
vn 0.0821 0.9959 -0.0361
vn 0.1720 0.9842 -0.0409
vn 0.2286 0.9723 -0.0485
vn 0.2740 0.9607 -0.0448
vn 0.3131 0.9495 -0.0208
vn 0.2760 0.9611 0.0083
vn 0.2319 0.9723 0.0292
vn 0.2074 0.9772 0.0439
vn 0.1756 0.9829 0.0552
vn 0.1639 0.9846 0.0612
vn 0.1712 0.9836 0.0553
vn 0.1762 0.9837 0.0349
vn 0.1225 0.9923 0.0143
vn 0.0686 0.9976 0.0049
vn 0.0594 0.9982 0.0017
vn 0.0466 0.9989 0.0002
vn 0.0463 0.9989 -0.0004
vn 0.0537 0.9985 -0.0022
vn 0.0596 0.9982 -0.0048
vn 0.0709 0.9975 -0.0023
vn 0.0804 0.9967 0.0089
vn 0.0654 0.9976 0.0225
vn 0.0480 0.9983 0.0326
vn 0.0324 0.9988 0.0350
vn 0.0098 0.9997 0.0219
vn -0.0062 1.0000 -0.0024
vn -0.0278 0.9994 -0.0209
vn -0.0425 0.9987 -0.0262
vn -0.0022 0.9997 -0.0223
vn 0.0375 0.9992 -0.0107
vn 0.0343 0.9994 -0.0031
vn 0.0297 0.9995 -0.0136
vn 0.0087 0.9993 -0.0351
vn -0.0357 0.9980 -0.0510
vn -0.0584 0.9966 -0.0581
vn -0.0456 0.9969 -0.0632
vn -0.0349 0.9969 -0.0700
vn -0.0090 0.9972 -0.0744
vn 0.0204 0.9972 -0.0715
vn 0.0281 0.9976 -0.0632
vn 0.0348 0.9980 -0.0514
vn 0.0256 0.9990 -0.0375
vn -0.0132 0.9996 -0.0255
vn -0.0408 0.9990 -0.0168
vn -0.0560 0.9984 -0.0119
vn -0.0712 0.9974 -0.0126
vn -0.0583 0.9982 -0.0115
vn -0.0399 0.9992 0.0012
vn -0.0205 0.9996 0.0190
vn 0.0119 0.9995 0.0274
vn 0.0313 0.9992 0.0236
vn 0.0407 0.9991 0.0133
vn 0.0859 0.9958 -0.0293
vn 0.1104 0.9936 -0.0239
vn 0.0406 0.9986 -0.0344
vn -0.0330 0.9985 -0.0423
vn -0.0789 0.9955 -0.0523
vn -0.1279 0.9899 -0.0604
vn -0.1623 0.9845 -0.0655
vn -0.1744 0.9825 -0.0647
vn -0.1866 0.9809 -0.0540
vn -0.1054 0.9935 -0.0419
vn 0.0095 0.9993 -0.0361
vn 0.0839 0.9958 -0.0361
vn 0.1778 0.9832 -0.0407
vn 0.2344 0.9709 -0.0479
vn 0.2644 0.9634 -0.0447
vn 0.2902 0.9567 -0.0209
vn 0.2583 0.9660 0.0081
vn 0.2202 0.9750 0.0288
vn 0.1978 0.9792 0.0438
vn 0.1688 0.9841 0.0553
vn 0.1620 0.9849 0.0612
vn 0.1818 0.9817 0.0552
vn 0.1957 0.9800 0.0348
vn 0.1337 0.9909 0.0143
vn 0.0715 0.9974 0.0049
vn 0.0613 0.9981 0.0017
vn 0.0471 0.9989 0.0002
vn 0.0469 0.9989 -0.0004
vn 0.0558 0.9984 -0.0022
vn 0.0614 0.9981 -0.0048
vn 0.0654 0.9978 -0.0023
vn 0.0688 0.9976 0.0089
vn 0.0562 0.9981 0.0226
vn 0.0417 0.9986 0.0326
vn 0.0351 0.9987 0.0350
vn 0.0271 0.9994 0.0219
vn 0.0138 0.9999 -0.0024
vn -0.0196 0.9996 -0.0209
vn -0.0426 0.9987 -0.0262
vn -0.0081 0.9997 -0.0223
vn 0.0258 0.9996 -0.0107
vn 0.0459 0.9988 -0.0136
vn 0.0253 0.9991 -0.0351
vn -0.0279 0.9983 -0.0510
vn -0.0552 0.9968 -0.0581
vn -0.0410 0.9971 -0.0632
vn -0.0290 0.9971 -0.0700
vn -0.0083 0.9972 -0.0744
vn 0.0153 0.9973 -0.0715
vn 0.0205 0.9978 -0.0632
vn 0.0243 0.9984 -0.0514
vn 0.0148 0.9992 -0.0375
vn -0.0209 0.9995 -0.0252
vn -0.0465 0.9988 -0.0163
vn -0.0577 0.9983 -0.0114
vn -0.0683 0.9976 -0.0122
vn -0.0627 0.9980 -0.0113
vn -0.0548 0.9985 0.0012
vn -0.0328 0.9993 0.0190
vn 0.0114 0.9995 0.0274
vn 0.0376 0.9990 0.0236
vn 0.0500 0.9987 0.0133
vn 0.0909 0.9956 -0.0216
vn 0.1159 0.9932 -0.0128
vn 0.0461 0.9984 -0.0305
vn -0.0266 0.9989 -0.0381
vn -0.0730 0.9963 -0.0439
vn -0.1248 0.9911 -0.0471
vn -0.1612 0.9857 -0.0475
vn -0.1769 0.9831 -0.0465
vn -0.1928 0.9802 -0.0454
vn -0.1108 0.9929 -0.0432
vn 0.0054 0.9993 -0.0370
vn 0.0819 0.9962 -0.0287
vn 0.1792 0.9836 -0.0223
vn 0.2360 0.9716 -0.0178
vn 0.2535 0.9673 -0.0067
vn 0.2683 0.9632 0.0168
vn 0.2425 0.9693 0.0409
vn 0.2118 0.9758 0.0535
vn 0.1915 0.9797 0.0584
vn 0.1647 0.9844 0.0611
vn 0.1611 0.9850 0.0617
vn 0.1887 0.9803 0.0590
vn 0.2079 0.9767 0.0528
vn 0.1421 0.9888 0.0453
vn 0.0764 0.9964 0.0368
vn 0.0652 0.9975 0.0283
vn 0.0495 0.9985 0.0214
vn 0.0489 0.9987 0.0162
vn 0.0573 0.9983 0.0135
vn 0.0618 0.9980 0.0134
vn 0.0595 0.9980 0.0182
vn 0.0576 0.9979 0.0292
vn 0.0478 0.9980 0.0412
vn 0.0365 0.9981 0.0490
vn 0.0376 0.9980 0.0502
vn 0.0421 0.9983 0.0403
vn 0.0316 0.9992 0.0218
vn -0.0101 0.9999 0.0045
vn -0.0390 0.9992 -0.0073
vn -0.0091 0.9998 -0.0148
vn 0.0204 0.9996 -0.0180
vn 0.0358 0.9991 -0.0206
vn 0.0569 0.9980 -0.0265
vn 0.0370 0.9987 -0.0349
vn -0.0209 0.9988 -0.0434
vn -0.0510 0.9974 -0.0509
vn -0.0381 0.9977 -0.0552
vn -0.0274 0.9981 -0.0542
vn -0.0090 0.9986 -0.0512
vn 0.0119 0.9987 -0.0487
vn 0.0149 0.9988 -0.0451
vn 0.0154 0.9991 -0.0381
vn 0.0052 0.9996 -0.0280
vn -0.0288 0.9994 -0.0174
vn -0.0528 0.9986 -0.0078
vn -0.0585 0.9983 -0.0034
vn -0.0638 0.9979 -0.0074
vn -0.0650 0.9978 -0.0112
vn -0.0667 0.9977 -0.0051
vn -0.0428 0.9991 0.0059
vn 0.0109 0.9998 0.0113
vn 0.0428 0.9990 0.0089
vn 0.0573 0.9984 0.0028
vn 0.1006 0.9948 -0.0109
vn 0.1234 0.9923 0.0029
vn 0.0538 0.9982 -0.0250
vn -0.0232 0.9992 -0.0320
vn -0.0720 0.9969 -0.0320
vn -0.1258 0.9916 -0.0285
vn -0.1640 0.9862 -0.0229
vn -0.1754 0.9842 -0.0225
vn -0.1868 0.9818 -0.0341
vn -0.1114 0.9927 -0.0450
vn -0.0043 0.9992 -0.0383
vn 0.0702 0.9973 -0.0183
vn 0.1696 0.9855 0.0038
vn 0.2268 0.9736 0.0251
vn 0.2388 0.9699 0.0467
vn 0.2488 0.9660 0.0697
vn 0.2319 0.9688 0.0866
vn 0.2121 0.9733 0.0876
vn 0.1940 0.9778 0.0786
vn 0.1675 0.9834 0.0692
vn 0.1630 0.9846 0.0624
vn 0.1869 0.9803 0.0643
vn 0.2034 0.9760 0.0779
vn 0.1448 0.9855 0.0886
vn 0.0863 0.9930 0.0811
vn 0.0740 0.9951 0.0648
vn 0.0568 0.9971 0.0505
vn 0.0539 0.9977 0.0395
vn 0.0576 0.9977 0.0353
vn 0.0588 0.9975 0.0389
vn 0.0528 0.9975 0.0468
vn 0.0476 0.9972 0.0576
vn 0.0411 0.9969 0.0672
vn 0.0336 0.9968 0.0718
vn 0.0396 0.9966 0.0715
vn 0.0516 0.9965 0.0660
vn 0.0442 0.9975 0.0555
vn 0.0024 0.9992 0.0399
vn -0.0266 0.9995 0.0190
vn 0.0019 1.0000 -0.0043
vn 0.0301 0.9991 -0.0282
vn 0.0410 0.9981 -0.0450
vn 0.0559 0.9974 -0.0445
vn 0.0367 0.9987 -0.0346
vn -0.0157 0.9993 -0.0327
vn -0.0440 0.9982 -0.0409
vn -0.0396 0.9982 -0.0440
vn -0.0358 0.9988 -0.0321
vn -0.0132 0.9997 -0.0188
vn 0.0126 0.9998 -0.0168
vn 0.0139 0.9997 -0.0199
vn 0.0106 0.9997 -0.0194
vn -0.0014 0.9999 -0.0146
vn -0.0362 0.9993 -0.0069
vn -0.0602 0.9982 0.0029
vn -0.0579 0.9983 0.0074
vn -0.0555 0.9984 -0.0002
vn -0.0623 0.9980 -0.0108
vn -0.0716 0.9973 -0.0139
vn -0.0476 0.9988 -0.0123
vn 0.0107 0.9999 -0.0111
vn 0.0451 0.9989 -0.0115
vn 0.0599 0.9981 -0.0119
vn 0.1136 0.9935 -0.0079
vn 0.1325 0.9911 0.0074
vn 0.0630 0.9977 -0.0234
vn -0.0218 0.9993 -0.0304
vn -0.0745 0.9968 -0.0287
vn -0.1298 0.9912 -0.0233
vn -0.1693 0.9854 -0.0162
vn -0.1706 0.9852 -0.0162
vn -0.1719 0.9846 -0.0312
vn -0.1083 0.9930 -0.0458
vn -0.0184 0.9991 -0.0391
vn 0.0512 0.9985 -0.0156
vn 0.1516 0.9883 0.0112
vn 0.2096 0.9771 0.0373
vn 0.2217 0.9731 0.0621
vn 0.2318 0.9690 0.0849
vn 0.2260 0.9690 0.0993
vn 0.2194 0.9708 0.0965
vn 0.2029 0.9756 0.0839
vn 0.1753 0.9819 0.0714
vn 0.1669 0.9840 0.0625
vn 0.1788 0.9817 0.0659
vn 0.1868 0.9787 0.0853
vn 0.1432 0.9845 0.1008
vn 0.1000 0.9905 0.0938
vn 0.0866 0.9933 0.0757
vn 0.0678 0.9959 0.0591
vn 0.0612 0.9970 0.0461
vn 0.0569 0.9975 0.0415
vn 0.0533 0.9975 0.0461
vn 0.0454 0.9974 0.0550
vn 0.0387 0.9971 0.0656
vn 0.0359 0.9966 0.0746
vn 0.0326 0.9964 0.0782
vn 0.0414 0.9961 0.0775
vn 0.0571 0.9957 0.0733
vn 0.0531 0.9965 0.0651
vn 0.0173 0.9986 0.0499
vn -0.0074 0.9996 0.0265
vn 0.0219 0.9998 -0.0013
vn 0.0510 0.9982 -0.0310
vn 0.0488 0.9974 -0.0519
vn 0.0459 0.9977 -0.0496
vn 0.0276 0.9990 -0.0345
vn -0.0118 0.9995 -0.0297
vn -0.0351 0.9986 -0.0381
vn -0.0441 0.9982 -0.0408
vn -0.0517 0.9983 -0.0258
vn -0.0199 0.9997 -0.0096
vn 0.0163 0.9998 -0.0077
vn 0.0164 0.9998 -0.0127
vn 0.0088 0.9998 -0.0141
vn -0.0057 0.9999 -0.0108
vn -0.0430 0.9991 -0.0039
vn -0.0686 0.9976 0.0061
vn -0.0564 0.9983 0.0106
vn -0.0445 0.9990 0.0018
vn -0.0558 0.9984 -0.0107
vn -0.0712 0.9973 -0.0165
vn -0.0485 0.9987 -0.0175
vn 0.0107 0.9998 -0.0175
vn 0.0454 0.9988 -0.0173
vn 0.0589 0.9981 -0.0161
vn 0.1272 0.9918 -0.0083
vn 0.1416 0.9899 0.0065
vn 0.0726 0.9971 -0.0237
vn -0.0208 0.9993 -0.0309
vn -0.0776 0.9965 -0.0296
vn -0.1343 0.9906 -0.0246
vn -0.1748 0.9844 -0.0178
vn -0.1649 0.9861 -0.0181
vn -0.1549 0.9873 -0.0334
vn -0.1043 0.9934 -0.0478
vn -0.0334 0.9986 -0.0409
vn 0.0305 0.9994 -0.0174
vn 0.1315 0.9912 0.0098
vn 0.1901 0.9810 0.0370
vn 0.2040 0.9770 0.0625
vn 0.2157 0.9727 0.0855
vn 0.2213 0.9701 0.0996
vn 0.2281 0.9688 0.0968
vn 0.2129 0.9734 0.0847
vn 0.1841 0.9802 0.0726
vn 0.1712 0.9831 0.0640
vn 0.1693 0.9832 0.0674
vn 0.1675 0.9820 0.0866
vn 0.1405 0.9848 0.1017
vn 0.1138 0.9889 0.0953
vn 0.0996 0.9919 0.0784
vn 0.0796 0.9948 0.0628
vn 0.0686 0.9963 0.0507
vn 0.0558 0.9973 0.0470
vn 0.0471 0.9975 0.0520
vn 0.0378 0.9974 0.0611
vn 0.0299 0.9970 0.0716
vn 0.0310 0.9963 0.0804
vn 0.0322 0.9959 0.0837
vn 0.0432 0.9956 0.0826
vn 0.0617 0.9950 0.0783
vn 0.0611 0.9957 0.0699
vn 0.0327 0.9980 0.0546
vn 0.0132 0.9994 0.0309
vn 0.0440 0.9990 0.0029
vn 0.0743 0.9969 -0.0268
vn 0.0574 0.9972 -0.0478
vn 0.0342 0.9983 -0.0461
vn 0.0169 0.9993 -0.0319
vn -0.0080 0.9996 -0.0277
vn -0.0256 0.9990 -0.0367
vn -0.0492 0.9980 -0.0398
vn -0.0689 0.9973 -0.0255
vn -0.0271 0.9996 -0.0096
vn 0.0206 0.9998 -0.0078
vn 0.0196 0.9997 -0.0126
vn 0.0076 0.9998 -0.0139
vn -0.0096 0.9999 -0.0105
vn -0.0497 0.9987 -0.0036
vn -0.0770 0.9970 0.0063
vn -0.0547 0.9984 0.0107
vn -0.0329 0.9995 0.0022
vn -0.0484 0.9987 -0.0101
vn -0.0695 0.9974 -0.0162
vn -0.0483 0.9987 -0.0177
vn 0.0108 0.9998 -0.0181
vn 0.0452 0.9988 -0.0181
vn 0.0572 0.9982 -0.0168
vn 0.1387 0.9901 -0.0187
vn 0.1454 0.9893 -0.0132
vn 0.0823 0.9961 -0.0319
vn -0.0165 0.9989 -0.0434
vn -0.0765 0.9957 -0.0515
vn -0.1358 0.9892 -0.0555
vn -0.1778 0.9825 -0.0551
vn -0.1566 0.9857 -0.0612
vn -0.1353 0.9874 -0.0823
vn -0.0992 0.9900 -0.1002
vn -0.0492 0.9944 -0.0931
vn 0.0066 0.9979 -0.0648
vn 0.1032 0.9944 -0.0234
vn 0.1610 0.9866 0.0262
vn 0.1829 0.9807 0.0680
vn 0.2014 0.9752 0.0921
vn 0.2155 0.9709 0.1045
vn 0.2321 0.9666 0.1085
vn 0.2184 0.9699 0.1072
vn 0.1902 0.9763 0.1033
vn 0.1744 0.9797 0.0985
vn 0.1615 0.9818 0.1000
vn 0.1522 0.9821 0.1108
vn 0.1355 0.9832 0.1226
vn 0.1190 0.9845 0.1285
vn 0.1025 0.9857 0.1332
vn 0.0798 0.9865 0.1428
vn 0.0658 0.9856 0.1556
vn 0.0487 0.9843 0.1693
vn 0.0377 0.9823 0.1834
vn 0.0294 0.9803 0.1953
vn 0.0224 0.9787 0.2040
vn 0.0278 0.9777 0.2081
vn 0.0340 0.9781 0.2055
vn 0.0465 0.9789 0.1986
vn 0.0666 0.9795 0.1902
vn 0.0691 0.9813 0.1794
vn 0.0496 0.9857 0.1610
vn 0.0364 0.9905 0.1323
vn 0.0668 0.9927 0.1001
vn 0.0964 0.9929 0.0702
vn 0.0685 0.9965 0.0471
vn 0.0304 0.9989 0.0359
vn 0.0141 0.9994 0.0304
vn 0.0011 0.9998 0.0180
vn -0.0121 0.9999 -0.0026
vn -0.0490 0.9986 -0.0172
vn -0.0801 0.9966 -0.0170
vn -0.0319 0.9994 -0.0119
vn 0.0232 0.9997 -0.0109
vn 0.0209 0.9997 -0.0111
vn 0.0054 0.9999 -0.0087
vn -0.0138 0.9999 -0.0035
vn -0.0557 0.9984 0.0029
vn -0.0840 0.9964 0.0100
vn -0.0539 0.9984 0.0137
vn -0.0244 0.9996 0.0100
vn -0.0410 0.9991 0.0014
vn -0.0636 0.9979 -0.0100
vn -0.0436 0.9988 -0.0224
vn 0.0134 0.9994 -0.0316
vn 0.0461 0.9983 -0.0364
vn 0.0548 0.9978 -0.0357
vn 0.1465 0.9888 -0.0287
vn 0.1389 0.9897 -0.0324
vn 0.0924 0.9949 -0.0397
vn -0.0061 0.9984 -0.0554
vn -0.0673 0.9951 -0.0724
vn -0.1312 0.9877 -0.0849
vn -0.1766 0.9801 -0.0907
vn -0.1440 0.9842 -0.1025
vn -0.1111 0.9854 -0.1289
vn -0.0924 0.9842 -0.1507
vn -0.0666 0.9873 -0.1439
vn -0.0237 0.9936 -0.1105
vn 0.0598 0.9967 -0.0553
vn 0.1136 0.9934 0.0159
vn 0.1556 0.9851 0.0732
vn 0.1910 0.9766 0.0985
vn 0.2080 0.9720 0.1092
vn 0.2277 0.9663 0.1197
vn 0.2165 0.9677 0.1288
vn 0.1920 0.9724 0.1326
vn 0.1763 0.9755 0.1315
vn 0.1580 0.9787 0.1311
vn 0.1448 0.9803 0.1338
vn 0.1269 0.9816 0.1425
vn 0.1089 0.9810 0.1603
vn 0.0880 0.9786 0.1858
vn 0.0592 0.9740 0.2187
vn 0.0450 0.9660 0.2544
vn 0.0313 0.9583 0.2842
vn 0.0231 0.9517 0.3061
vn 0.0201 0.9470 0.3205
vn 0.0175 0.9448 0.3272
vn 0.0282 0.9446 0.3269
vn 0.0406 0.9469 0.3188
vn 0.0535 0.9503 0.3065
vn 0.0727 0.9528 0.2947
vn 0.0783 0.9561 0.2821
vn 0.0698 0.9627 0.2612
vn 0.0644 0.9716 0.2278
vn 0.0905 0.9772 0.1918
vn 0.1160 0.9799 0.1623
vn 0.0846 0.9868 0.1376
vn 0.0409 0.9926 0.1141
vn 0.0262 0.9956 0.0900
vn 0.0201 0.9979 0.0618
vn 0.0090 0.9995 0.0301
vn -0.0393 0.9992 0.0044
vn -0.0798 0.9968 -0.0089
vn -0.0321 0.9994 -0.0140
vn 0.0224 0.9996 -0.0138
vn 0.0188 0.9998 -0.0098
vn 0.0011 1.0000 -0.0038
vn -0.0188 0.9998 0.0031
vn -0.0603 0.9981 0.0092
vn -0.0882 0.9960 0.0137
vn -0.0545 0.9984 0.0165
vn -0.0215 0.9996 0.0175
vn -0.0335 0.9994 0.0126
vn -0.0497 0.9987 -0.0040
vn -0.0306 0.9991 -0.0269
vn 0.0209 0.9988 -0.0446
vn 0.0494 0.9973 -0.0539
vn 0.0510 0.9972 -0.0538
vn 0.1524 0.9879 -0.0287
vn 0.1275 0.9913 -0.0322
vn 0.1027 0.9939 -0.0397
vn 0.0072 0.9984 -0.0554
vn -0.0544 0.9959 -0.0725
vn -0.1242 0.9886 -0.0850
vn -0.1738 0.9806 -0.0908
vn -0.1298 0.9862 -0.1027
vn -0.0853 0.9879 -0.1292
vn -0.0850 0.9849 -0.1508
vn -0.0851 0.9859 -0.1437
vn -0.0573 0.9922 -0.1104
vn 0.0085 0.9984 -0.0553
vn 0.0564 0.9983 0.0160
vn 0.1248 0.9894 0.0735
vn 0.1827 0.9782 0.0986
vn 0.2000 0.9737 0.1091
vn 0.2196 0.9682 0.1194
vn 0.2113 0.9689 0.1288
vn 0.1924 0.9723 0.1326
vn 0.1783 0.9752 0.1314
vn 0.1572 0.9788 0.1311
vn 0.1420 0.9807 0.1338
vn 0.1169 0.9828 0.1427
vn 0.0917 0.9827 0.1606
vn 0.0658 0.9803 0.1861
vn 0.0298 0.9752 0.2190
vn 0.0168 0.9669 0.2546
vn 0.0104 0.9586 0.2843
vn 0.0074 0.9519 0.3061
vn 0.0114 0.9471 0.3205
vn 0.0147 0.9448 0.3272
vn 0.0314 0.9445 0.3268
vn 0.0507 0.9465 0.3187
vn 0.0638 0.9498 0.3063
vn 0.0816 0.9521 0.2945
vn 0.0900 0.9552 0.2819
vn 0.0931 0.9610 0.2605
vn 0.0955 0.9692 0.2268
vn 0.1157 0.9747 0.1911
vn 0.1358 0.9774 0.1619
vn 0.1036 0.9851 0.1373
vn 0.0587 0.9917 0.1140
vn 0.0457 0.9949 0.0899
vn 0.0440 0.9971 0.0617
vn 0.0337 0.9990 0.0300
vn -0.0248 0.9997 0.0044
vn -0.0740 0.9972 -0.0089
vn -0.0301 0.9994 -0.0140
vn 0.0201 0.9997 -0.0138
vn 0.0152 0.9998 -0.0100
vn -0.0041 1.0000 -0.0043
vn -0.0244 0.9997 0.0029
vn -0.0642 0.9979 0.0092
vn -0.0911 0.9957 0.0137
vn -0.0559 0.9983 0.0165
vn -0.0259 0.9996 0.0126
vn -0.0319 0.9995 -0.0040
vn -0.0134 0.9995 -0.0269
vn 0.0308 0.9985 -0.0446
vn 0.0537 0.9971 -0.0538
vn 0.0466 0.9974 -0.0538
vn 0.1558 0.9864 -0.0527
vn 0.1154 0.9915 -0.0605
vn 0.1108 0.9921 -0.0578
vn 0.0193 0.9974 -0.0692
vn -0.0421 0.9956 -0.0838
vn -0.1174 0.9885 -0.0950
vn -0.1708 0.9802 -0.1003
vn -0.1178 0.9870 -0.1091
vn -0.0642 0.9899 -0.1265
vn -0.0803 0.9871 -0.1382
vn -0.1034 0.9864 -0.1277
vn -0.0893 0.9913 -0.0967
vn -0.0396 0.9980 -0.0480
vn 0.0023 0.9999 0.0143
vn 0.0948 0.9933 0.0660
vn 0.1732 0.9806 0.0917
vn 0.1912 0.9759 0.1053
vn 0.2112 0.9703 0.1175
vn 0.2058 0.9702 0.1274
vn 0.1924 0.9724 0.1320
vn 0.1794 0.9748 0.1324
vn 0.1544 0.9786 0.1357
vn 0.1363 0.9801 0.1443
vn 0.1040 0.9816 0.1600
vn 0.0717 0.9802 0.1845
vn 0.0421 0.9759 0.2142
vn 0.0014 0.9691 0.2466
vn -0.0098 0.9603 0.2786
vn -0.0095 0.9522 0.3052
vn -0.0078 0.9456 0.3252
vn 0.0023 0.9407 0.3393
vn 0.0108 0.9377 0.3474
vn 0.0333 0.9364 0.3493
vn 0.0593 0.9373 0.3435
vn 0.0727 0.9400 0.3333
vn 0.0898 0.9424 0.3221
vn 0.1008 0.9456 0.3092
vn 0.1140 0.9504 0.2893
vn 0.1233 0.9577 0.2598
vn 0.1389 0.9637 0.2278
vn 0.1548 0.9677 0.1992
vn 0.1231 0.9772 0.1728
vn 0.0789 0.9863 0.1448
vn 0.0674 0.9911 0.1144
vn 0.0686 0.9943 0.0820
vn 0.0588 0.9971 0.0486
vn -0.0068 0.9998 0.0178
vn -0.0620 0.9980 -0.0084
vn -0.0250 0.9993 -0.0258
vn 0.0173 0.9994 -0.0292
vn 0.0109 0.9996 -0.0238
vn -0.0098 0.9998 -0.0165
vn -0.0303 0.9995 -0.0086
vn -0.0686 0.9976 -0.0015
vn -0.0945 0.9955 0.0042
vn -0.0582 0.9983 0.0089
vn -0.0226 0.9997 0.0123
vn -0.0190 0.9998 0.0096
vn -0.0140 0.9999 -0.0064
vn 0.0037 0.9995 -0.0293
vn 0.0397 0.9981 -0.0456
vn 0.0570 0.9970 -0.0523
vn 0.0427 0.9977 -0.0516
vn 0.1498 0.9817 -0.1173
vn 0.0998 0.9856 -0.1367
vn 0.1106 0.9881 -0.1067
vn 0.0269 0.9939 -0.1064
vn -0.0323 0.9929 -0.1142
vn -0.1114 0.9863 -0.1217
vn -0.1676 0.9778 -0.1257
vn -0.1144 0.9854 -0.1263
vn -0.0609 0.9911 -0.1186
vn -0.0859 0.9908 -0.1039
vn -0.1212 0.9890 -0.0844
vn -0.1150 0.9915 -0.0598
vn -0.0759 0.9967 -0.0283
vn -0.0381 0.9992 0.0097
vn 0.0683 0.9966 0.0453
vn 0.1590 0.9846 0.0726
vn 0.1789 0.9793 0.0944
vn 0.2017 0.9731 0.1111
vn 0.1995 0.9721 0.1231
vn 0.1907 0.9730 0.1301
vn 0.1775 0.9748 0.1351
vn 0.1446 0.9783 0.1481
vn 0.1208 0.9776 0.1722
vn 0.0810 0.9753 0.2054
vn 0.0413 0.9681 0.2470
vn 0.0145 0.9577 0.2872
vn -0.0226 0.9478 0.3179
vn -0.0307 0.9396 0.3409
vn -0.0258 0.9328 0.3594
vn -0.0211 0.9269 0.3747
vn -0.0079 0.9216 0.3880
vn 0.0033 0.9167 0.3995
vn 0.0309 0.9127 0.4073
vn 0.0628 0.9111 0.4073
vn 0.0779 0.9122 0.4023
vn 0.0966 0.9145 0.3929
vn 0.1099 0.9185 0.3798
vn 0.1281 0.9226 0.3638
vn 0.1411 0.9280 0.3449
vn 0.1564 0.9336 0.3224
vn 0.1718 0.9397 0.2958
vn 0.1452 0.9532 0.2653
vn 0.1078 0.9682 0.2257
vn 0.0972 0.9790 0.1790
vn 0.0958 0.9860 0.1361
vn 0.0853 0.9915 0.0986
vn 0.0244 0.9982 0.0538
vn -0.0269 0.9996 -0.0069
vn -0.0082 0.9983 -0.0574
vn 0.0131 0.9974 -0.0706
vn 0.0038 0.9981 -0.0614
vn -0.0168 0.9986 -0.0503
vn -0.0370 0.9985 -0.0402
vn -0.0746 0.9967 -0.0306
vn -0.0999 0.9948 -0.0212
vn -0.0634 0.9979 -0.0118
vn -0.0277 0.9996 -0.0017
vn -0.0141 0.9999 0.0014
vn 0.0043 0.9999 -0.0128
vn 0.0204 0.9991 -0.0357
vn 0.0453 0.9978 -0.0485
vn 0.0563 0.9972 -0.0481
vn 0.0410 0.9981 -0.0458
vn 0.1333 0.9784 -0.1578
vn 0.0806 0.9796 -0.1843
vn 0.1010 0.9854 -0.1372
vn 0.0289 0.9911 -0.1296
vn -0.0257 0.9907 -0.1332
vn -0.1068 0.9846 -0.1385
vn -0.1644 0.9761 -0.1417
vn -0.1217 0.9830 -0.1370
vn -0.0787 0.9904 -0.1135
vn -0.1033 0.9912 -0.0821
vn -0.1377 0.9888 -0.0569
vn -0.1328 0.9904 -0.0365
vn -0.0979 0.9951 -0.0158
vn -0.0623 0.9980 0.0068
vn 0.0461 0.9984 0.0322
vn 0.1387 0.9885 0.0606
vn 0.1627 0.9828 0.0872
vn 0.1906 0.9759 0.1064
vn 0.1917 0.9741 0.1201
vn 0.1870 0.9738 0.1290
vn 0.1720 0.9755 0.1369
vn 0.1266 0.9796 0.1561
vn 0.0938 0.9772 0.1902
vn 0.0468 0.9709 0.2346
vn 0.0000 0.9583 0.2857
vn -0.0174 0.9431 0.3320
vn -0.0419 0.9315 0.3612
vn -0.0455 0.9244 0.3786
vn -0.0384 0.9190 0.3923
vn -0.0324 0.9138 0.4048
vn -0.0194 0.9084 0.4175
vn -0.0084 0.9022 0.4312
vn 0.0244 0.8966 0.4420
vn 0.0623 0.8930 0.4457
vn 0.0810 0.8926 0.4435
vn 0.1046 0.8943 0.4351
vn 0.1202 0.8986 0.4220
vn 0.1383 0.9025 0.4079
vn 0.1516 0.9061 0.3949
vn 0.1713 0.9098 0.3781
vn 0.1910 0.9158 0.3532
vn 0.1734 0.9311 0.3210
vn 0.1481 0.9501 0.2745
vn 0.1372 0.9662 0.2185
vn 0.1264 0.9774 0.1695
vn 0.1137 0.9850 0.1297
vn 0.0715 0.9945 0.0764
vn 0.0357 0.9993 -0.0060
vn 0.0225 0.9967 -0.0774
vn 0.0073 0.9953 -0.0966
vn -0.0060 0.9963 -0.0854
vn -0.0255 0.9970 -0.0723
vn -0.0450 0.9971 -0.0604
vn -0.0825 0.9954 -0.0488
vn -0.1076 0.9935 -0.0373
vn -0.0722 0.9971 -0.0249
vn -0.0376 0.9992 -0.0106
vn -0.0119 0.9999 -0.0038
vn 0.0229 0.9996 -0.0169
vn 0.0367 0.9985 -0.0397
vn 0.0469 0.9976 -0.0502
vn 0.0509 0.9977 -0.0455
vn 0.0418 0.9982 -0.0417
vn 0.1135 0.9809 -0.1582
vn 0.0606 0.9809 -0.1845
vn 0.0883 0.9865 -0.1374
vn 0.0291 0.9911 -0.1296
vn -0.0203 0.9908 -0.1332
vn -0.1029 0.9850 -0.1385
vn -0.1616 0.9766 -0.1418
vn -0.1332 0.9816 -0.1368
vn -0.1045 0.9880 -0.1132
vn -0.1248 0.9888 -0.0822
vn -0.1536 0.9864 -0.0573
vn -0.1479 0.9883 -0.0367
vn -0.1144 0.9933 -0.0158
vn -0.0802 0.9967 0.0068
vn 0.0255 0.9991 0.0322
vn 0.1158 0.9914 0.0608
vn 0.1450 0.9855 0.0874
vn 0.1787 0.9781 0.1066
vn 0.1830 0.9757 0.1203
vn 0.1825 0.9747 0.1291
vn 0.1652 0.9767 0.1370
vn 0.1055 0.9820 0.1564
vn 0.0624 0.9796 0.1906
vn 0.0085 0.9720 0.2348
vn -0.0449 0.9573 0.2854
vn -0.0508 0.9420 0.3316
vn -0.0598 0.9307 0.3609
vn -0.0584 0.9238 0.3783
vn -0.0500 0.9185 0.3921
vn -0.0433 0.9134 0.4046
vn -0.0316 0.9082 0.4174
vn -0.0216 0.9020 0.4311
vn 0.0170 0.8968 0.4421
vn 0.0615 0.8931 0.4457
vn 0.0848 0.8923 0.4434
vn 0.1149 0.8932 0.4346
vn 0.1327 0.8971 0.4213
vn 0.1496 0.9010 0.4072
vn 0.1620 0.9046 0.3943
vn 0.1881 0.9069 0.3769
vn 0.2142 0.9113 0.3515
vn 0.2058 0.9251 0.3189
vn 0.1934 0.9425 0.2723
vn 0.1811 0.9592 0.2168
vn 0.1585 0.9728 0.1687
vn 0.1429 0.9813 0.1292
vn 0.1244 0.9893 0.0760
vn 0.1084 0.9941 -0.0060
vn 0.0584 0.9953 -0.0773
vn 0.0009 0.9953 -0.0966
vn -0.0169 0.9962 -0.0854
vn -0.0349 0.9968 -0.0722
vn -0.0538 0.9967 -0.0604
vn -0.0912 0.9946 -0.0488
vn -0.1162 0.9925 -0.0372
vn -0.0825 0.9963 -0.0249
vn -0.0493 0.9987 -0.0106
vn -0.0106 0.9999 -0.0038
vn 0.0418 0.9990 -0.0168
vn 0.0528 0.9978 -0.0397
vn 0.0436 0.9980 -0.0455
vn 0.0431 0.9982 -0.0415
vn 0.0920 0.9843 -0.1507
vn 0.0417 0.9832 -0.1775
vn 0.0729 0.9896 -0.1240
vn 0.0252 0.9939 -0.1073
vn -0.0193 0.9948 -0.1001
vn -0.1026 0.9901 -0.0957
vn -0.1622 0.9824 -0.0920
vn -0.1457 0.9858 -0.0831
vn -0.1288 0.9897 -0.0613
vn -0.1446 0.9889 -0.0351
vn -0.1675 0.9857 -0.0154
vn -0.1608 0.9870 -0.0005
vn -0.1281 0.9916 0.0137
vn -0.0949 0.9951 0.0287
vn 0.0080 0.9989 0.0459
vn 0.0963 0.9932 0.0655
vn 0.1299 0.9879 0.0837
vn 0.1690 0.9809 0.0966
vn 0.1745 0.9787 0.1075
vn 0.1747 0.9771 0.1210
vn 0.1536 0.9782 0.1398
vn 0.0797 0.9820 0.1709
vn 0.0268 0.9762 0.2152
vn -0.0298 0.9643 0.2631
vn -0.0858 0.9471 0.3092
vn -0.0822 0.9332 0.3498
vn -0.0781 0.9222 0.3787
vn -0.0721 0.9142 0.3988
vn -0.0616 0.9077 0.4149
vn -0.0536 0.9022 0.4280
vn -0.0406 0.8982 0.4377
vn -0.0296 0.8960 0.4431
vn 0.0122 0.8949 0.4461
vn 0.0605 0.8925 0.4469
vn 0.0877 0.8910 0.4454
vn 0.1237 0.8903 0.4382
vn 0.1439 0.8927 0.4270
vn 0.1610 0.8963 0.4131
vn 0.1738 0.9010 0.3974
vn 0.2053 0.9032 0.3769
vn 0.2364 0.9061 0.3507
vn 0.2347 0.9173 0.3216
vn 0.2313 0.9303 0.2847
vn 0.2189 0.9454 0.2415
vn 0.1907 0.9616 0.1974
vn 0.1748 0.9728 0.1519
vn 0.1732 0.9800 0.0976
vn 0.1715 0.9847 0.0301
vn 0.0929 0.9952 -0.0292
vn 0.0026 0.9983 -0.0583
vn -0.0208 0.9976 -0.0667
vn -0.0412 0.9969 -0.0665
vn -0.0614 0.9963 -0.0601
vn -0.0999 0.9937 -0.0498
vn -0.1258 0.9914 -0.0368
vn -0.0923 0.9954 -0.0236
vn -0.0595 0.9981 -0.0116
vn -0.0105 0.9999 -0.0053
vn 0.0559 0.9984 -0.0109
vn 0.0653 0.9976 -0.0229
vn 0.0477 0.9984 -0.0296
vn 0.0390 0.9988 -0.0293
vn 0.0451 0.9985 -0.0299
vn 0.0666 0.9879 -0.1397
vn 0.0256 0.9856 -0.1672
vn 0.0508 0.9932 -0.1047
vn 0.0116 0.9971 -0.0751
vn -0.0287 0.9982 -0.0522
vn -0.1103 0.9933 -0.0341
vn -0.1685 0.9855 -0.0200
vn -0.1582 0.9874 -0.0055
vn -0.1478 0.9889 0.0135
vn -0.1595 0.9867 0.0322
vn -0.1763 0.9833 0.0444
vn -0.1676 0.9845 0.0511
vn -0.1350 0.9893 0.0560
vn -0.1020 0.9930 0.0602
vn -0.0013 0.9978 0.0654
vn 0.0852 0.9937 0.0721
vn 0.1219 0.9894 0.0784
vn 0.1643 0.9830 0.0819
vn 0.1660 0.9821 0.0891
vn 0.1586 0.9813 0.1093
vn 0.1303 0.9810 0.1437
vn 0.0435 0.9805 0.1915
vn -0.0184 0.9681 0.2496
vn -0.0687 0.9503 0.3036
vn -0.1183 0.9319 0.3430
vn -0.1097 0.9203 0.3755
vn -0.0987 0.9095 0.4038
vn -0.0890 0.8996 0.4276
vn -0.0746 0.8915 0.4469
vn -0.0632 0.8853 0.4606
vn -0.0427 0.8838 0.4659
vn -0.0254 0.8875 0.4600
vn 0.0140 0.8921 0.4516
vn 0.0592 0.8917 0.4487
vn 0.0889 0.8895 0.4483
vn 0.1294 0.8867 0.4437
vn 0.1526 0.8871 0.4354
vn 0.1737 0.8899 0.4216
vn 0.1897 0.8958 0.4019
vn 0.2237 0.8987 0.3772
vn 0.2572 0.9006 0.3504
vn 0.2568 0.9097 0.3263
vn 0.2552 0.9181 0.3032
vn 0.2462 0.9287 0.2772
vn 0.2255 0.9446 0.2383
vn 0.2146 0.9592 0.1840
vn 0.2144 0.9683 0.1285
vn 0.2137 0.9734 0.0817
vn 0.1258 0.9912 0.0396
vn 0.0240 0.9997 -0.0031
vn -0.0079 0.9992 -0.0396
vn -0.0399 0.9975 -0.0582
vn -0.0662 0.9960 -0.0598
vn -0.1090 0.9927 -0.0513
vn -0.1378 0.9898 -0.0362
vn -0.1015 0.9946 -0.0216
vn -0.0659 0.9977 -0.0131
vn -0.0130 0.9999 -0.0076
vn 0.0587 0.9983 -0.0023
vn 0.0689 0.9976 0.0013
vn 0.0501 0.9987 0.0001
vn 0.0411 0.9991 -0.0060
vn 0.0491 0.9987 -0.0132
vn 0.0379 0.9899 -0.1364
vn 0.0116 0.9864 -0.1641
vn 0.0233 0.9948 -0.0988
vn -0.0096 0.9978 -0.0652
vn -0.0461 0.9982 -0.0376
vn -0.1236 0.9922 -0.0152
vn -0.1787 0.9839 0.0021
vn -0.1708 0.9851 0.0182
vn -0.1627 0.9860 0.0361
vn -0.1705 0.9839 0.0522
vn -0.1814 0.9814 0.0618
vn -0.1704 0.9831 0.0664
vn -0.1368 0.9882 0.0688
vn -0.1035 0.9922 0.0697
vn -0.0044 0.9974 0.0713
vn 0.0808 0.9940 0.0741
vn 0.1190 0.9899 0.0767
vn 0.1632 0.9835 0.0775
vn 0.1572 0.9840 0.0836
vn 0.1357 0.9850 0.1060
vn 0.0978 0.9845 0.1452
vn -0.0007 0.9803 0.1977
vn -0.0705 0.9633 0.2591
vn -0.1084 0.9431 0.3142
vn -0.1457 0.9247 0.3517
vn -0.1354 0.9141 0.3822
vn -0.1218 0.9037 0.4104
vn -0.1091 0.8936 0.4354
vn -0.0898 0.8856 0.4557
vn -0.0734 0.8796 0.4700
vn -0.0401 0.8792 0.4747
vn -0.0121 0.8850 0.4653
vn 0.0206 0.8911 0.4532
vn 0.0578 0.8915 0.4493
vn 0.0888 0.8890 0.4491
vn 0.1333 0.8854 0.4452
vn 0.1601 0.8848 0.4376
vn 0.1881 0.8862 0.4234
vn 0.2089 0.8914 0.4021
vn 0.2432 0.8941 0.3759
vn 0.2769 0.8953 0.3488
vn 0.2747 0.9044 0.3265
vn 0.2703 0.9122 0.3078
vn 0.2676 0.9199 0.2865
vn 0.2633 0.9321 0.2486
vn 0.2605 0.9462 0.1919
vn 0.2503 0.9584 0.1367
vn 0.2410 0.9657 0.0967
vn 0.1578 0.9856 0.0603
vn 0.0605 0.9980 0.0137
vn 0.0180 0.9993 -0.0314
vn -0.0329 0.9979 -0.0557
vn -0.0689 0.9958 -0.0596
vn -0.1183 0.9916 -0.0517
vn -0.1514 0.9878 -0.0359
vn -0.1101 0.9937 -0.0210
vn -0.0695 0.9975 -0.0136
vn -0.0176 0.9998 -0.0083
vn 0.0527 0.9986 0.0002
vn 0.0657 0.9978 0.0086
vn 0.0537 0.9985 0.0092
vn 0.0482 0.9988 0.0011
vn 0.0543 0.9985 -0.0078
vn 0.0084 0.9907 -0.1357
vn -0.0019 0.9866 -0.1631
vn -0.0054 0.9951 -0.0982
vn -0.0327 0.9974 -0.0646
vn -0.0653 0.9972 -0.0369
vn -0.1380 0.9903 -0.0145
vn -0.1897 0.9818 0.0026
vn -0.1833 0.9829 0.0185
vn -0.1768 0.9836 0.0363
vn -0.1805 0.9821 0.0524
vn -0.1859 0.9806 0.0621
vn -0.1726 0.9827 0.0667
vn -0.1376 0.9880 0.0691
vn -0.1037 0.9921 0.0700
vn -0.0060 0.9974 0.0716
vn 0.0779 0.9942 0.0742
vn 0.1174 0.9901 0.0768
vn 0.1631 0.9836 0.0773
vn 0.1483 0.9854 0.0835
vn 0.1110 0.9881 0.1062
vn 0.0629 0.9873 0.1456
vn -0.0467 0.9792 0.1974
vn -0.1234 0.9583 0.2577
vn -0.1479 0.9384 0.3124
vn -0.1721 0.9208 0.3500
vn -0.1606 0.9107 0.3805
vn -0.1455 0.9009 0.4088
vn -0.1300 0.8916 0.4338
vn -0.1054 0.8846 0.4541
vn -0.0841 0.8794 0.4685
vn -0.0366 0.8800 0.4734
vn 0.0036 0.8858 0.4640
vn 0.0282 0.8917 0.4518
vn 0.0564 0.8922 0.4480
vn 0.0884 0.8896 0.4480
vn 0.1368 0.8855 0.4440
vn 0.1674 0.8841 0.4363
vn 0.2027 0.8838 0.4216
vn 0.2287 0.8875 0.4000
vn 0.2627 0.8894 0.3739
vn 0.2961 0.8899 0.3469
vn 0.2915 0.8997 0.3250
vn 0.2837 0.9085 0.3066
vn 0.2878 0.9144 0.2847
vn 0.3011 0.9213 0.2459
vn 0.3064 0.9328 0.1896
vn 0.2843 0.9490 0.1361
vn 0.2648 0.9594 0.0969
vn 0.1890 0.9801 0.0606
vn 0.1002 0.9948 0.0144
vn 0.0468 0.9984 -0.0305
vn -0.0244 0.9982 -0.0551
vn -0.0710 0.9957 -0.0594
vn -0.1274 0.9905 -0.0519
vn -0.1652 0.9856 -0.0366
vn -0.1184 0.9927 -0.0221
vn -0.0724 0.9973 -0.0148
vn -0.0227 0.9997 -0.0096
vn 0.0446 0.9990 -0.0009
vn 0.0608 0.9981 0.0076
vn 0.0576 0.9983 0.0085
vn 0.0563 0.9984 0.0008
vn 0.0594 0.9982 -0.0075
vn -0.0172 0.9950 -0.0986
vn -0.0149 0.9926 -0.1205
vn -0.0316 0.9971 -0.0691
vn -0.0565 0.9977 -0.0376
vn -0.0858 0.9963 -0.0072
vn -0.1508 0.9884 0.0147
vn -0.1971 0.9800 0.0249
vn -0.1939 0.9804 0.0337
vn -0.1906 0.9804 0.0491
vn -0.1906 0.9795 0.0655
vn -0.1906 0.9787 0.0763
vn -0.1750 0.9811 0.0823
vn -0.1380 0.9868 0.0850
vn -0.1029 0.9911 0.0845
vn -0.0060 0.9965 0.0830
vn 0.0772 0.9937 0.0807
vn 0.1180 0.9900 0.0775
vn 0.1652 0.9836 0.0725
vn 0.1399 0.9873 0.0753
vn 0.0837 0.9914 0.1006
vn 0.0251 0.9889 0.1464
vn -0.0913 0.9757 0.1991
vn -0.1720 0.9521 0.2528
vn -0.1862 0.9348 0.3023
vn -0.2000 0.9188 0.3404
vn -0.1852 0.9097 0.3716
vn -0.1658 0.9037 0.3948
vn -0.1460 0.9008 0.4088
vn -0.1137 0.9038 0.4124
vn -0.0875 0.9099 0.4054
vn -0.0324 0.9178 0.3956
vn 0.0145 0.9205 0.3904
vn 0.0333 0.9213 0.3874
vn 0.0550 0.9192 0.3899
vn 0.0877 0.9147 0.3945
vn 0.1387 0.9064 0.3988
vn 0.1722 0.8992 0.4021
vn 0.2143 0.8919 0.3982
vn 0.2445 0.8888 0.3875
vn 0.2788 0.8859 0.3707
vn 0.3125 0.8832 0.3496
vn 0.3075 0.8925 0.3298
vn 0.2997 0.9030 0.3077
vn 0.3088 0.9088 0.2805
vn 0.3324 0.9104 0.2462
vn 0.3419 0.9167 0.2065
vn 0.3133 0.9347 0.1676
vn 0.2889 0.9484 0.1305
vn 0.2190 0.9713 0.0926
vn 0.1373 0.9893 0.0498
vn 0.0762 0.9970 0.0067
vn -0.0098 0.9996 -0.0265
vn -0.0649 0.9967 -0.0492
vn -0.1284 0.9897 -0.0626
vn -0.1709 0.9829 -0.0678
vn -0.1220 0.9901 -0.0693
vn -0.0743 0.9948 -0.0689
vn -0.0283 0.9975 -0.0639
vn 0.0340 0.9981 -0.0514
vn 0.0519 0.9980 -0.0346
vn 0.0551 0.9983 -0.0206
vn 0.0576 0.9983 -0.0115
vn 0.0614 0.9981 -0.0074
vn -0.0352 0.9974 -0.0621
vn -0.0268 0.9965 -0.0787
vn -0.0529 0.9978 -0.0406
vn -0.0817 0.9966 -0.0113
vn -0.1090 0.9938 0.0219
vn -0.1608 0.9860 0.0433
vn -0.1976 0.9792 0.0467
vn -0.2009 0.9784 0.0485
vn -0.2042 0.9770 0.0615
vn -0.2010 0.9764 0.0782
vn -0.1966 0.9763 0.0901
vn -0.1782 0.9792 0.0975
vn -0.1376 0.9854 0.1004
vn -0.1005 0.9900 0.0986
vn -0.0029 0.9955 0.0941
vn 0.0809 0.9929 0.0870
vn 0.1228 0.9893 0.0783
vn 0.1714 0.9828 0.0677
vn 0.1324 0.9889 0.0672
vn 0.0515 0.9941 0.0950
vn -0.0179 0.9890 0.1469
vn -0.1335 0.9705 0.2005
vn -0.2129 0.9452 0.2476
vn -0.2217 0.9304 0.2918
vn -0.2299 0.9152 0.3310
vn -0.2074 0.9082 0.3635
vn -0.1777 0.9071 0.3815
vn -0.1491 0.9110 0.3844
vn -0.1030 0.9228 0.3713
vn -0.0703 0.9369 0.3423
vn -0.0245 0.9474 0.3192
vn 0.0147 0.9486 0.3161
vn 0.0311 0.9458 0.3232
vn 0.0499 0.9421 0.3316
vn 0.0818 0.9362 0.3417
vn 0.1316 0.9258 0.3544
vn 0.1667 0.9145 0.3684
vn 0.2160 0.9012 0.3756
vn 0.2506 0.8923 0.3754
vn 0.2882 0.8842 0.3677
vn 0.3253 0.8775 0.3522
vn 0.3236 0.8851 0.3345
vn 0.3209 0.8954 0.3085
vn 0.3314 0.9022 0.2762
vn 0.3538 0.9023 0.2463
vn 0.3625 0.9049 0.2229
vn 0.3371 0.9203 0.1983
vn 0.3157 0.9347 0.1631
vn 0.2490 0.9605 0.1238
vn 0.1700 0.9818 0.0843
vn 0.1071 0.9933 0.0431
vn 0.0166 0.9998 0.0013
vn -0.0428 0.9983 -0.0393
vn -0.1137 0.9908 -0.0731
vn -0.1613 0.9820 -0.0983
vn -0.1176 0.9863 -0.1155
vn -0.0747 0.9898 -0.1215
vn -0.0352 0.9925 -0.1169
vn 0.0186 0.9948 -0.1006
vn 0.0352 0.9965 -0.0758
vn 0.0406 0.9980 -0.0491
vn 0.0456 0.9987 -0.0236
vn 0.0576 0.9983 -0.0070
vn -0.0494 0.9968 -0.0621
vn -0.0381 0.9962 -0.0787
vn -0.0714 0.9966 -0.0408
vn -0.1075 0.9941 -0.0117
vn -0.1334 0.9908 0.0215
vn -0.1692 0.9846 0.0432
vn -0.1948 0.9797 0.0467
vn -0.2064 0.9773 0.0484
vn -0.2178 0.9740 0.0613
vn -0.2118 0.9742 0.0780
vn -0.2033 0.9750 0.0900
vn -0.1819 0.9785 0.0974
vn -0.1372 0.9854 0.1004
vn -0.0974 0.9903 0.0986
vn 0.0016 0.9955 0.0941
vn 0.0866 0.9924 0.0870
vn 0.1297 0.9884 0.0783
vn 0.1796 0.9814 0.0676
vn 0.1252 0.9898 0.0673
vn 0.0168 0.9953 0.0951
vn -0.0633 0.9872 0.1465
vn -0.1741 0.9644 0.1991
vn -0.2495 0.9368 0.2454
vn -0.2551 0.9226 0.2894
vn -0.2602 0.9079 0.3286
vn -0.2278 0.9038 0.3623
vn -0.1840 0.9059 0.3813
vn -0.1443 0.9117 0.3847
vn -0.0804 0.9247 0.3721
vn -0.0403 0.9385 0.3429
vn -0.0136 0.9476 0.3193
vn 0.0092 0.9487 0.3161
vn 0.0244 0.9460 0.3233
vn 0.0418 0.9424 0.3317
vn 0.0712 0.9370 0.3420
vn 0.1172 0.9275 0.3550
vn 0.1533 0.9166 0.3692
vn 0.2106 0.9023 0.3760
vn 0.2507 0.8923 0.3754
vn 0.2941 0.8825 0.3670
vn 0.3368 0.8738 0.3507
vn 0.3403 0.8796 0.3324
vn 0.3446 0.8875 0.3058
vn 0.3544 0.8941 0.2737
vn 0.3707 0.8959 0.2446
vn 0.3773 0.8992 0.2215
vn 0.3596 0.9121 0.1966
vn 0.3449 0.9246 0.1613
vn 0.2790 0.9524 0.1227
vn 0.2008 0.9760 0.0837
vn 0.1385 0.9894 0.0429
vn 0.0487 0.9988 0.0013
vn -0.0129 0.9991 -0.0393
vn -0.0915 0.9931 -0.0732
vn -0.1446 0.9846 -0.0985
vn -0.1093 0.9872 -0.1156
vn -0.0427 0.9922 -0.1169
vn 0.0008 0.9949 -0.1006
vn 0.0147 0.9970 -0.0758
vn 0.0201 0.9986 -0.0491
vn 0.0271 0.9993 -0.0236
vn 0.0508 0.9987 -0.0070
vn -0.0631 0.9967 -0.0511
vn -0.0493 0.9965 -0.0670
vn -0.0886 0.9955 -0.0317
vn -0.1306 0.9914 -0.0074
vn -0.1554 0.9876 0.0193
vn -0.1778 0.9833 0.0380
vn -0.1940 0.9800 0.0444
vn -0.2121 0.9760 0.0492
vn -0.2302 0.9712 0.0609
vn -0.2216 0.9723 0.0747
vn -0.2094 0.9741 0.0846
vn -0.1851 0.9785 0.0904
vn -0.1357 0.9865 0.0909
vn -0.0930 0.9920 0.0856
vn 0.0067 0.9969 0.0784
vn 0.0923 0.9932 0.0710
vn 0.1359 0.9886 0.0637
vn 0.1865 0.9808 0.0560
vn 0.1175 0.9913 0.0585
vn -0.0172 0.9961 0.0859
vn -0.1072 0.9851 0.1341
vn -0.2137 0.9596 0.1831
vn -0.2853 0.9312 0.2266
vn -0.2879 0.9194 0.2680
vn -0.2901 0.9078 0.3029
vn -0.2474 0.9105 0.3313
vn -0.1890 0.9200 0.3432
vn -0.1368 0.9320 0.3355
vn -0.0526 0.9500 0.3076
vn -0.0037 0.9654 0.2608
vn 0.0015 0.9752 0.2215
vn 0.0060 0.9777 0.2098
vn 0.0165 0.9761 0.2165
vn 0.0286 0.9714 0.2356
vn 0.0549 0.9632 0.2631
vn 0.0970 0.9502 0.2962
vn 0.1352 0.9344 0.3294
vn 0.2048 0.9150 0.3476
vn 0.2535 0.9018 0.3501
vn 0.3023 0.8899 0.3414
vn 0.3506 0.8780 0.3258
vn 0.3583 0.8810 0.3088
vn 0.3685 0.8850 0.2844
vn 0.3772 0.8901 0.2558
vn 0.3880 0.8925 0.2297
vn 0.3926 0.8958 0.2081
vn 0.3810 0.9059 0.1851
vn 0.3714 0.9155 0.1544
vn 0.3069 0.9440 0.1212
vn 0.2302 0.9694 0.0856
vn 0.1687 0.9845 0.0471
vn 0.0794 0.9968 0.0085
vn 0.0160 0.9995 -0.0290
vn -0.0686 0.9957 -0.0623
vn -0.1263 0.9879 -0.0904
vn -0.0999 0.9888 -0.1108
vn -0.0739 0.9901 -0.1190
vn -0.0499 0.9920 -0.1157
vn -0.0172 0.9949 -0.0994
vn -0.0058 0.9972 -0.0740
vn 0.0004 0.9988 -0.0482
vn 0.0097 0.9996 -0.0252
vn 0.0442 0.9990 -0.0104
vn -0.0751 0.9970 -0.0196
vn -0.0602 0.9976 -0.0336
vn -0.1014 0.9948 -0.0063
vn -0.1441 0.9895 0.0042
vn -0.1681 0.9857 0.0126
vn -0.1871 0.9821 0.0231
vn -0.2007 0.9789 0.0379
vn -0.2193 0.9743 0.0515
vn -0.2380 0.9694 0.0600
vn -0.2278 0.9715 0.0656
vn -0.2135 0.9745 0.0696
vn -0.1858 0.9800 0.0704
vn -0.1296 0.9895 0.0634
vn -0.0834 0.9953 0.0482
vn 0.0137 0.9993 0.0336
vn 0.0970 0.9949 0.0254
vn 0.1392 0.9900 0.0222
vn 0.1882 0.9818 0.0231
vn 0.1074 0.9937 0.0331
vn -0.0478 0.9971 0.0595
vn -0.1455 0.9843 0.0993
vn -0.2493 0.9583 0.1396
vn -0.3189 0.9312 0.1766
vn -0.3169 0.9249 0.2101
vn -0.3150 0.9201 0.2327
vn -0.2591 0.9348 0.2427
vn -0.1809 0.9569 0.2271
vn -0.1111 0.9771 0.1812
vn 0.0000 0.9944 0.1059
vn 0.0596 0.9982 0.0074
vn 0.0334 0.9967 -0.0733
vn 0.0113 0.9941 -0.1080
vn 0.0024 0.9946 -0.1034
vn -0.0081 0.9983 -0.0572
vn 0.0111 0.9997 0.0196
vn 0.0465 0.9926 0.1118
vn 0.0915 0.9746 0.2043
vn 0.1913 0.9463 0.2605
vn 0.2603 0.9259 0.2737
vn 0.3139 0.9113 0.2665
vn 0.3671 0.8947 0.2546
vn 0.3768 0.8939 0.2427
vn 0.3900 0.8924 0.2268
vn 0.3975 0.8936 0.2087
vn 0.4050 0.8943 0.1901
vn 0.4080 0.8966 0.1721
vn 0.3983 0.9040 0.1552
vn 0.3901 0.9104 0.1380
vn 0.3290 0.9368 0.1192
vn 0.2567 0.9621 0.0920
vn 0.1955 0.9789 0.0590
vn 0.1048 0.9941 0.0286
vn 0.0406 0.9991 0.0004
vn -0.0440 0.9985 -0.0306
vn -0.1022 0.9925 -0.0665
vn -0.0859 0.9915 -0.0970
vn -0.0703 0.9911 -0.1124
vn -0.0562 0.9920 -0.1127
vn -0.0367 0.9947 -0.0960
vn -0.0268 0.9973 -0.0689
vn -0.0162 0.9988 -0.0457
vn -0.0034 0.9995 -0.0298
vn 0.0385 0.9991 -0.0201
vn -0.0849 0.9964 0.0009
vn -0.0708 0.9974 -0.0118
vn -0.1084 0.9940 0.0097
vn -0.1461 0.9892 0.0110
vn -0.1700 0.9854 0.0078
vn -0.1971 0.9803 0.0134
vn -0.2163 0.9757 0.0335
vn -0.2282 0.9721 0.0530
vn -0.2402 0.9689 0.0594
vn -0.2296 0.9714 0.0596
vn -0.2147 0.9748 0.0598
vn -0.1831 0.9814 0.0574
vn -0.1177 0.9920 0.0456
vn -0.0670 0.9975 0.0238
vn 0.0232 0.9997 0.0044
vn 0.1004 0.9949 -0.0043
vn 0.1388 0.9903 -0.0049
vn 0.1832 0.9831 0.0016
vn 0.0940 0.9954 0.0165
vn -0.0741 0.9963 0.0421
vn -0.1765 0.9813 0.0763
vn -0.2780 0.9542 0.1105
vn -0.3464 0.9271 0.1433
vn -0.3365 0.9259 0.1715
vn -0.3269 0.9266 0.1858
vn -0.2535 0.9497 0.1838
vn -0.1478 0.9778 0.1486
vn -0.0561 0.9955 0.0760
vn 0.0837 0.9960 -0.0315
vn 0.1508 0.9752 -0.1616
vn 0.0834 0.9606 -0.2650
vn 0.0263 0.9496 -0.3124
vn -0.0194 0.9506 -0.3098
vn -0.0727 0.9658 -0.2490
vn -0.0678 0.9873 -0.1437
vn -0.0454 0.9988 -0.0139
vn 0.0106 0.9928 0.1191
vn 0.1612 0.9658 0.2027
vn 0.2639 0.9386 0.2221
vn 0.3213 0.9219 0.2164
vn 0.3770 0.9029 0.2067
vn 0.3877 0.9001 0.1985
vn 0.4022 0.8959 0.1886
vn 0.4098 0.8947 0.1775
vn 0.4177 0.8937 0.1638
vn 0.4205 0.8951 0.1482
vn 0.4088 0.9025 0.1355
vn 0.3988 0.9082 0.1273
vn 0.3442 0.9315 0.1177
vn 0.2800 0.9552 0.0959
vn 0.2183 0.9736 0.0670
vn 0.1239 0.9914 0.0424
vn 0.0601 0.9980 0.0199
vn -0.0170 0.9998 -0.0099
vn -0.0707 0.9962 -0.0510
vn -0.0665 0.9939 -0.0877
vn -0.0631 0.9922 -0.1073
vn -0.0611 0.9920 -0.1103
vn -0.0577 0.9939 -0.0936
vn -0.0481 0.9967 -0.0657
vn -0.0292 0.9986 -0.0444
vn -0.0113 0.9994 -0.0331
vn 0.0339 0.9991 -0.0264
vn -0.0938 0.9956 0.0009
vn -0.0812 0.9966 -0.0118
vn -0.1130 0.9935 0.0097
vn -0.1435 0.9896 0.0110
vn -0.1679 0.9857 0.0078
vn -0.2074 0.9781 0.0134
vn -0.2353 0.9713 0.0334
vn -0.2377 0.9699 0.0529
vn -0.1788 0.9822 0.0574
vn -0.1033 0.9936 0.0457
vn -0.0478 0.9986 0.0238
vn 0.0336 0.9994 0.0044
vn 0.1033 0.9946 -0.0043
vn 0.1368 0.9906 -0.0049
vn 0.1756 0.9844 0.0016
vn 0.0795 0.9967 0.0165
vn -0.0985 0.9942 0.0420
vn -0.2041 0.9760 0.0759
vn -0.3034 0.9465 0.1096
vn -0.3699 0.9181 0.1419
vn -0.3507 0.9208 0.1706
vn -0.3318 0.9249 0.1855
vn -0.2381 0.9536 0.1845
vn -0.1022 0.9835 0.1495
vn 0.0118 0.9970 0.0763
vn 0.1776 0.9836 -0.0305
vn 0.2501 0.9551 -0.1585
vn 0.1402 0.9544 -0.2636
vn 0.0458 0.9489 -0.3121
vn -0.0434 0.9499 -0.3096
vn -0.1469 0.9578 -0.2470
vn -0.1585 0.9771 -0.1422
vn -0.1517 0.9883 -0.0138
vn -0.0855 0.9892 0.1191
vn 0.1220 0.9714 0.2038
vn 0.2640 0.9386 0.2221
vn 0.3237 0.9211 0.2162
vn 0.3815 0.9010 0.2063
vn 0.3930 0.8979 0.1980
vn 0.4085 0.8932 0.1880
vn 0.4173 0.8914 0.1769
vn 0.4272 0.8893 0.1630
vn 0.4307 0.8903 0.1474
vn 0.4159 0.8993 0.1350
vn 0.4032 0.9062 0.1270
vn 0.3566 0.9268 0.1171
vn 0.3020 0.9485 0.0952
vn 0.2391 0.9687 0.0668
vn 0.1404 0.9891 0.0427
vn 0.0780 0.9967 0.0201
vn 0.0110 0.9999 -0.0100
vn -0.0360 0.9980 -0.0511
vn -0.0451 0.9951 -0.0876
vn -0.0544 0.9928 -0.1069
vn -0.0651 0.9918 -0.1101
vn -0.0790 0.9924 -0.0937
vn -0.0695 0.9954 -0.0659
vn -0.0408 0.9982 -0.0442
vn -0.0171 0.9993 -0.0328
vn 0.0298 0.9992 -0.0264
vn -0.1027 0.9945 0.0214
vn -0.0921 0.9957 0.0078
vn -0.1186 0.9924 0.0317
vn -0.1438 0.9888 0.0384
vn -0.1683 0.9848 0.0426
vn -0.2158 0.9752 0.0495
vn -0.2497 0.9663 0.0617
vn -0.2433 0.9673 0.0707
vn -0.2369 0.9691 0.0680
vn -0.2258 0.9724 0.0584
vn -0.2100 0.9766 0.0467
vn -0.1700 0.9849 0.0312
vn -0.0852 0.9963 0.0079
vn -0.0258 0.9994 -0.0225
vn 0.0449 0.9979 -0.0465
vn 0.1056 0.9928 -0.0557
vn 0.1327 0.9897 -0.0529
vn 0.1643 0.9856 -0.0390
vn 0.0626 0.9979 -0.0164
vn -0.1232 0.9923 0.0127
vn -0.2305 0.9720 0.0451
vn -0.3269 0.9422 0.0735
vn -0.3911 0.9152 0.0966
vn -0.3644 0.9241 0.1153
vn -0.3383 0.9329 0.1238
vn -0.2235 0.9675 0.1180
vn -0.0591 0.9947 0.0844
vn 0.0737 0.9970 0.0210
vn 0.2565 0.9645 -0.0629
vn 0.3319 0.9295 -0.1606
vn 0.1885 0.9510 -0.2450
vn 0.0635 0.9565 -0.2846
vn -0.0650 0.9575 -0.2810
vn -0.2126 0.9501 -0.2281
vn -0.2377 0.9607 -0.1430
vn -0.2451 0.9687 -0.0379
vn -0.1724 0.9823 0.0736
vn 0.0837 0.9851 0.1498
vn 0.2631 0.9488 0.1750
vn 0.3278 0.9284 0.1746
vn 0.3915 0.9057 0.1623
vn 0.4018 0.9033 0.1503
vn 0.4155 0.8982 0.1436
vn 0.4240 0.8946 0.1408
vn 0.4349 0.8900 0.1371
vn 0.4385 0.8890 0.1320
vn 0.4220 0.8976 0.1271
vn 0.4079 0.9049 0.1214
vn 0.3695 0.9226 0.1106
vn 0.3244 0.9419 0.0868
vn 0.2593 0.9640 0.0578
vn 0.1541 0.9873 0.0379
vn 0.0921 0.9955 0.0242
vn 0.0360 0.9993 0.0031
vn -0.0035 0.9995 -0.0309
vn -0.0246 0.9977 -0.0632
vn -0.0452 0.9955 -0.0824
vn -0.0670 0.9938 -0.0887
vn -0.0961 0.9921 -0.0802
vn -0.0875 0.9942 -0.0624
vn -0.0514 0.9976 -0.0468
vn -0.0231 0.9991 -0.0365
vn 0.0245 0.9993 -0.0282
vn -0.1117 0.9924 0.0516
vn -0.1044 0.9938 0.0370
vn -0.1268 0.9898 0.0642
vn -0.1513 0.9853 0.0786
vn -0.1749 0.9801 0.0938
vn -0.2207 0.9699 0.1027
vn -0.2533 0.9618 0.1035
vn -0.2395 0.9660 0.0970
vn -0.2257 0.9709 0.0806
vn -0.2123 0.9755 0.0568
vn -0.1932 0.9807 0.0273
vn -0.1494 0.9887 -0.0078
vn -0.0581 0.9971 -0.0479
vn 0.0028 0.9959 -0.0906
vn 0.0584 0.9909 -0.1213
vn 0.1060 0.9857 -0.1310
vn 0.1233 0.9846 -0.1235
vn 0.1436 0.9847 -0.0988
vn 0.0391 0.9971 -0.0650
vn -0.1475 0.9886 -0.0306
vn -0.2525 0.9676 -0.0002
vn -0.3419 0.9395 0.0202
vn -0.4021 0.9151 0.0296
vn -0.3709 0.9281 0.0331
vn -0.3399 0.9399 0.0313
vn -0.2099 0.9775 0.0190
vn -0.0222 0.9997 -0.0128
vn 0.1213 0.9908 -0.0605
vn 0.3094 0.9443 -0.1115
vn 0.3838 0.9085 -0.1650
vn 0.2205 0.9506 -0.2183
vn 0.0757 0.9670 -0.2433
vn -0.0813 0.9675 -0.2395
vn -0.2596 0.9445 -0.2010
vn -0.2942 0.9447 -0.1447
vn -0.3132 0.9468 -0.0732
vn -0.2400 0.9707 0.0066
vn 0.0482 0.9963 0.0702
vn 0.2536 0.9617 0.1039
vn 0.3316 0.9366 0.1127
vn 0.4073 0.9081 0.0967
vn 0.4116 0.9079 0.0790
vn 0.4170 0.9056 0.0772
vn 0.4234 0.9018 0.0871
vn 0.4345 0.8952 0.0987
vn 0.4383 0.8921 0.1094
vn 0.4244 0.8980 0.1157
vn 0.4127 0.9037 0.1133
vn 0.3830 0.9181 0.1013
vn 0.3483 0.9344 0.0746
vn 0.2781 0.9595 0.0448
vn 0.1606 0.9865 0.0315
vn 0.0968 0.9948 0.0306
vn 0.0536 0.9983 0.0226
vn 0.0228 0.9997 -0.0009
vn -0.0063 0.9996 -0.0269
vn -0.0349 0.9984 -0.0453
vn -0.0638 0.9963 -0.0567
vn -0.1029 0.9928 -0.0604
vn -0.0964 0.9936 -0.0580
vn -0.0592 0.9969 -0.0520
vn -0.0305 0.9986 -0.0425
vn 0.0167 0.9994 -0.0308
vn -0.1211 0.9908 0.0611
vn -0.1177 0.9920 0.0458
vn -0.1371 0.9877 0.0746
vn -0.1648 0.9821 0.0914
vn -0.1870 0.9762 0.1100
vn -0.2235 0.9673 0.1198
vn -0.2496 0.9612 0.1169
vn -0.2289 0.9677 0.1056
vn -0.2081 0.9744 0.0849
vn -0.1910 0.9799 0.0564
vn -0.1665 0.9858 0.0211
vn -0.1191 0.9926 -0.0204
vn -0.0237 0.9975 -0.0660
vn 0.0367 0.9930 -0.1124
vn 0.0740 0.9866 -0.1451
vn 0.1059 0.9822 -0.1550
vn 0.1105 0.9830 -0.1462
vn 0.1159 0.9861 -0.1184
vn 0.0109 0.9967 -0.0807
vn -0.1716 0.9842 -0.0445
vn -0.2712 0.9624 -0.0148
vn -0.3503 0.9366 0.0030
vn -0.4041 0.9147 0.0080
vn -0.3702 0.9289 0.0063
vn -0.3359 0.9419 0.0010
vn -0.1948 0.9807 -0.0136
vn 0.0100 0.9989 -0.0445
vn 0.1581 0.9836 -0.0866
vn 0.3442 0.9304 -0.1258
vn 0.4151 0.8947 -0.1648
vn 0.2400 0.9480 -0.2091
vn 0.0827 0.9698 -0.2296
vn -0.0933 0.9697 -0.2258
vn -0.2914 0.9373 -0.1911
vn -0.3339 0.9315 -0.1440
vn -0.3630 0.9280 -0.0833
vn -0.2926 0.9561 -0.0148
vn 0.0131 0.9989 0.0441
vn 0.2348 0.9687 0.0808
vn 0.3318 0.9388 0.0924
vn 0.4245 0.9023 0.0747
vn 0.4194 0.9061 0.0555
vn 0.4116 0.9096 0.0557
vn 0.4145 0.9073 0.0698
vn 0.4259 0.9006 0.0866
vn 0.4308 0.8966 0.1025
vn 0.4233 0.8990 0.1120
vn 0.4172 0.9020 0.1106
vn 0.3966 0.9127 0.0979
vn 0.3728 0.9252 0.0702
vn 0.2954 0.9545 0.0405
vn 0.1614 0.9864 0.0294
vn 0.0943 0.9950 0.0327
vn 0.0653 0.9974 0.0288
vn 0.0444 0.9990 0.0088
vn 0.0101 0.9998 -0.0150
vn -0.0234 0.9991 -0.0332
vn -0.0565 0.9973 -0.0463
vn -0.1011 0.9934 -0.0543
vn -0.0979 0.9935 -0.0572
vn -0.0650 0.9964 -0.0538
vn -0.0392 0.9982 -0.0444
vn 0.0067 0.9995 -0.0316
vn -0.1305 0.9895 0.0614
vn -0.1312 0.9903 0.0463
vn -0.1480 0.9861 0.0745
vn -0.1797 0.9795 0.0912
vn -0.2004 0.9735 0.1097
vn -0.2259 0.9668 0.1196
vn -0.2443 0.9626 0.1169
vn -0.2167 0.9705 0.1057
vn -0.1888 0.9783 0.0850
vn -0.1675 0.9843 0.0563
vn -0.1370 0.9903 0.0208
vn -0.0862 0.9960 -0.0208
vn 0.0125 0.9977 -0.0663
vn 0.0717 0.9911 -0.1124
vn 0.0901 0.9853 -0.1451
vn 0.1059 0.9822 -0.1551
vn 0.0970 0.9844 -0.1465
vn 0.0866 0.9891 -0.1188
vn -0.0184 0.9966 -0.0809
vn -0.1955 0.9797 -0.0445
vn -0.2889 0.9572 -0.0149
vn -0.3574 0.9339 0.0027
vn -0.4041 0.9147 0.0078
vn -0.3677 0.9299 0.0060
vn -0.3310 0.9436 0.0007
vn -0.1790 0.9837 -0.0139
vn 0.0408 0.9982 -0.0446
vn 0.1919 0.9776 -0.0859
vn 0.3739 0.9191 -0.1239
vn 0.4409 0.8828 -0.1621
vn 0.2559 0.9441 -0.2076
vn 0.0884 0.9695 -0.2287
vn -0.1038 0.9688 -0.2248
vn -0.3189 0.9288 -0.1886
vn -0.3686 0.9188 -0.1414
vn -0.4068 0.9098 -0.0814
vn -0.3396 0.9404 -0.0142
vn -0.0218 0.9988 0.0442
vn 0.2135 0.9736 0.0810
vn 0.3306 0.9392 0.0922
vn 0.4416 0.8941 0.0738
vn 0.4263 0.9029 0.0551
vn 0.4044 0.9129 0.0557
vn 0.4034 0.9123 0.0700
vn 0.4151 0.9056 0.0868
vn 0.4212 0.9011 0.1027
vn 0.4213 0.9000 0.1119
vn 0.4216 0.9001 0.1100
vn 0.4101 0.9069 0.0971
vn 0.3968 0.9153 0.0693
vn 0.3122 0.9492 0.0401
vn 0.1609 0.9865 0.0294
vn 0.0901 0.9954 0.0326
vn 0.0756 0.9967 0.0287
vn 0.0647 0.9979 0.0087
vn 0.0261 0.9995 -0.0151
vn -0.0117 0.9994 -0.0332
vn -0.0480 0.9977 -0.0463
vn -0.0971 0.9938 -0.0543
vn -0.0977 0.9936 -0.0572
vn -0.0706 0.9960 -0.0538
vn -0.0483 0.9978 -0.0444
vn -0.0038 0.9995 -0.0317
vn -0.1364 0.9870 0.0853
vn -0.1415 0.9868 0.0780
vn -0.1542 0.9840 0.0884
vn -0.1874 0.9781 0.0897
vn -0.2062 0.9745 0.0880
vn -0.2224 0.9718 0.0781
vn -0.2341 0.9705 0.0578
vn -0.1995 0.9794 0.0298
vn -0.1650 0.9863 -0.0056
vn -0.1404 0.9890 -0.0454
vn -0.1061 0.9906 -0.0859
vn -0.0552 0.9907 -0.1243
vn 0.0397 0.9872 -0.1547
vn 0.0947 0.9798 -0.1758
vn 0.0992 0.9774 -0.1866
vn 0.1032 0.9771 -0.1863
vn 0.0833 0.9809 -0.1757
vn 0.0601 0.9864 -0.1530
vn -0.0438 0.9912 -0.1246
vn -0.2149 0.9717 -0.0974
vn -0.3023 0.9501 -0.0769
vn -0.3622 0.9297 -0.0660
vn -0.4021 0.9133 -0.0646
vn -0.3615 0.9295 -0.0725
vn -0.3218 0.9428 -0.0866
vn -0.1686 0.9808 -0.0979
vn 0.0482 0.9947 -0.0909
vn 0.1991 0.9778 -0.0658
vn 0.3838 0.9228 -0.0335
vn 0.4494 0.8933 -0.0018
vn 0.2561 0.9664 0.0207
vn 0.0905 0.9953 0.0333
vn -0.1109 0.9930 0.0402
vn -0.3409 0.9387 0.0507
vn -0.3889 0.9193 0.0600
vn -0.4245 0.9035 0.0582
vn -0.3575 0.9327 0.0463
vn -0.0333 0.9989 0.0328
vn 0.2075 0.9780 0.0195
vn 0.3309 0.9436 0.0099
vn 0.4523 0.8918 0.0042
vn 0.4317 0.9020 0.0011
vn 0.4022 0.9155 -0.0013
vn 0.3987 0.9171 -0.0023
vn 0.4096 0.9123 -0.0001
vn 0.4163 0.9092 0.0056
vn 0.4198 0.9075 0.0136
vn 0.4229 0.9059 0.0233
vn 0.4180 0.9079 0.0296
vn 0.4123 0.9107 0.0261
vn 0.3245 0.9457 0.0170
vn 0.1645 0.9863 0.0074
vn 0.0914 0.9958 -0.0017
vn 0.0830 0.9965 -0.0090
vn 0.0763 0.9970 -0.0139
vn 0.0378 0.9991 -0.0207
vn 0.0000 0.9994 -0.0332
vn -0.0390 0.9981 -0.0470
vn -0.0918 0.9941 -0.0574
vn -0.0962 0.9933 -0.0634
vn -0.0757 0.9952 -0.0620
vn -0.0572 0.9969 -0.0532
vn -0.0138 0.9991 -0.0411
vn -0.1365 0.9846 0.1086
vn -0.1460 0.9833 0.1085
vn -0.1517 0.9831 0.1024
vn -0.1809 0.9795 0.0883
vn -0.1961 0.9783 0.0663
vn -0.2046 0.9781 0.0365
vn -0.2106 0.9775 -0.0014
vn -0.1705 0.9843 -0.0459
vn -0.1296 0.9869 -0.0960
vn -0.1058 0.9835 -0.1465
vn -0.0727 0.9788 -0.1915
vn -0.0291 0.9735 -0.2268
vn 0.0504 0.9688 -0.2426
vn 0.0956 0.9665 -0.2383
vn 0.0959 0.9690 -0.2278
vn 0.0961 0.9714 -0.2171
vn 0.0702 0.9763 -0.2046
vn 0.0399 0.9816 -0.1867
vn -0.0610 0.9840 -0.1671
vn -0.2246 0.9629 -0.1494
vn -0.3071 0.9416 -0.1382
vn -0.3598 0.9233 -0.1341
vn -0.3958 0.9081 -0.1364
vn -0.3503 0.9245 -0.1505
vn -0.3038 0.9369 -0.1731
vn -0.1755 0.9674 -0.1825
vn 0.0096 0.9905 -0.1369
vn 0.1512 0.9874 -0.0454
vn 0.3357 0.9402 0.0574
vn 0.4049 0.9005 0.1586
vn 0.2307 0.9406 0.2489
vn 0.0753 0.9532 0.2926
vn -0.1159 0.9455 0.3041
vn -0.3292 0.8997 0.2866
vn -0.3664 0.8938 0.2586
vn -0.3864 0.9012 0.1962
vn -0.3138 0.9435 0.1064
vn -0.0003 0.9998 0.0217
vn 0.2303 0.9722 -0.0419
vn 0.3411 0.9372 -0.0721
vn 0.4461 0.8926 -0.0652
vn 0.4299 0.9013 -0.0527
vn 0.4069 0.9116 -0.0581
vn 0.4031 0.9121 -0.0743
vn 0.4094 0.9082 -0.0867
vn 0.4126 0.9063 -0.0912
vn 0.4111 0.9077 -0.0844
vn 0.4100 0.9098 -0.0633
vn 0.4100 0.9113 -0.0377
vn 0.4095 0.9121 -0.0170
vn 0.3266 0.9451 -0.0060
vn 0.1755 0.9843 -0.0143
vn 0.1033 0.9940 -0.0360
vn 0.0844 0.9953 -0.0466
vn 0.0706 0.9968 -0.0363
vn 0.0409 0.9988 -0.0263
vn 0.0117 0.9994 -0.0332
vn -0.0289 0.9984 -0.0478
vn -0.0839 0.9946 -0.0605
vn -0.0926 0.9933 -0.0695
vn -0.0800 0.9943 -0.0701
vn -0.0660 0.9959 -0.0619
vn -0.0230 0.9984 -0.0506
vn -0.1343 0.9850 0.1086
vn -0.1480 0.9830 0.1085
vn -0.1449 0.9841 0.1025
vn -0.1672 0.9819 0.0885
vn -0.1774 0.9819 0.0666
vn -0.1791 0.9831 0.0367
vn -0.1802 0.9836 -0.0014
vn -0.1352 0.9897 -0.0461
vn -0.0895 0.9913 -0.0964
vn -0.0687 0.9867 -0.1470
vn -0.0399 0.9806 -0.1919
vn -0.0061 0.9739 -0.2269
vn 0.0533 0.9687 -0.2425
vn 0.0872 0.9672 -0.2385
vn 0.0874 0.9697 -0.2279
vn 0.0876 0.9721 -0.2173
vn 0.0580 0.9771 -0.2047
vn 0.0233 0.9821 -0.1868
vn -0.0749 0.9831 -0.1670
vn -0.2323 0.9611 -0.1491
vn -0.3106 0.9404 -0.1381
vn -0.3585 0.9238 -0.1341
vn -0.3912 0.9101 -0.1367
vn -0.3393 0.9284 -0.1512
vn -0.2862 0.9422 -0.1741
vn -0.1902 0.9647 -0.1820
vn -0.0524 0.9892 -0.1367
vn 0.0741 0.9962 -0.0455
vn 0.2615 0.9633 0.0592
vn 0.3376 0.9270 0.1633
vn 0.1889 0.9493 0.2513
vn 0.0587 0.9542 0.2932
vn -0.1209 0.9450 0.3040
vn -0.3213 0.9022 0.2875
vn -0.3388 0.9038 0.2614
vn -0.3271 0.9234 0.2008
vn -0.2412 0.9643 0.1092
vn 0.0554 0.9982 0.0221
vn 0.2672 0.9627 -0.0415
vn 0.3522 0.9332 -0.0718
vn 0.4333 0.8988 -0.0657
vn 0.4265 0.9029 -0.0528
vn 0.4166 0.9072 -0.0578
vn 0.4140 0.9073 -0.0739
vn 0.4147 0.9058 -0.0865
vn 0.4133 0.9060 -0.0911
vn 0.4017 0.9118 -0.0848
vn 0.3921 0.9177 -0.0638
vn 0.3949 0.9179 -0.0380
vn 0.3978 0.9173 -0.0171
vn 0.3243 0.9459 -0.0060
vn 0.1907 0.9815 -0.0145
vn 0.1206 0.9920 -0.0364
vn 0.0827 0.9955 -0.0468
vn 0.0563 0.9977 -0.0364
vn 0.0397 0.9988 -0.0263
vn 0.0235 0.9991 -0.0332
vn -0.0183 0.9987 -0.0478
vn -0.0748 0.9953 -0.0605
vn -0.0878 0.9937 -0.0696
vn -0.0840 0.9940 -0.0701
vn -0.0747 0.9953 -0.0619
vn -0.0318 0.9982 -0.0505
vn -0.1311 0.9864 0.0990
vn -0.1488 0.9836 0.1021
vn -0.1369 0.9865 0.0896
vn -0.1519 0.9858 0.0715
vn -0.1571 0.9865 0.0449
vn -0.1520 0.9883 0.0107
vn -0.1483 0.9885 -0.0305
vn -0.0996 0.9921 -0.0760
vn -0.0506 0.9910 -0.1235
vn -0.0334 0.9851 -0.1687
vn -0.0097 0.9783 -0.2071
vn 0.0146 0.9717 -0.2358
vn 0.0558 0.9670 -0.2484
vn 0.0793 0.9662 -0.2450
vn 0.0795 0.9684 -0.2363
vn 0.0797 0.9705 -0.2275
vn 0.0462 0.9751 -0.2167
vn 0.0071 0.9797 -0.2001
vn -0.0878 0.9794 -0.1819
vn -0.2381 0.9569 -0.1663
vn -0.3123 0.9367 -0.1582
vn -0.3560 0.9214 -0.1560
vn -0.3854 0.9090 -0.1588
vn -0.3278 0.9289 -0.1724
vn -0.2696 0.9437 -0.1915
vn -0.2039 0.9593 -0.1951
vn -0.1107 0.9819 -0.1537
vn -0.0016 0.9975 -0.0708
vn 0.1820 0.9827 0.0325
vn 0.2636 0.9539 0.1433
vn 0.1435 0.9612 0.2356
vn 0.0397 0.9584 0.2825
vn -0.1255 0.9471 0.2954
vn -0.3105 0.9105 0.2732
vn -0.3084 0.9213 0.2367
vn -0.2636 0.9498 0.1682
vn -0.1650 0.9837 0.0711
vn 0.1083 0.9940 -0.0139
vn 0.2991 0.9518 -0.0675
vn 0.3605 0.9283 -0.0905
vn 0.4204 0.9035 -0.0835
vn 0.4218 0.9039 -0.0700
vn 0.4236 0.9031 -0.0700
vn 0.4221 0.9031 -0.0785
vn 0.4183 0.9044 -0.0846
vn 0.4133 0.9066 -0.0854
vn 0.3932 0.9160 -0.0796
vn 0.3763 0.9242 -0.0644
vn 0.3808 0.9236 -0.0446
vn 0.3857 0.9223 -0.0252
vn 0.3208 0.9471 -0.0123
vn 0.2031 0.9790 -0.0154
vn 0.1351 0.9904 -0.0299
vn 0.0804 0.9961 -0.0361
vn 0.0428 0.9987 -0.0259
vn 0.0391 0.9991 -0.0173
vn 0.0354 0.9991 -0.0251
vn -0.0069 0.9991 -0.0411
vn -0.0643 0.9963 -0.0569
vn -0.0815 0.9942 -0.0698
vn -0.0867 0.9935 -0.0738
vn -0.0825 0.9942 -0.0681
vn -0.0406 0.9975 -0.0579
vn -0.1231 0.9899 0.0696
vn -0.1446 0.9860 0.0829
vn -0.1234 0.9911 0.0498
vn -0.1296 0.9914 0.0191
vn -0.1294 0.9913 -0.0216
vn -0.1191 0.9905 -0.0680
vn -0.1115 0.9868 -0.1176
vn -0.0649 0.9843 -0.1643
vn -0.0182 0.9790 -0.2028
vn -0.0065 0.9726 -0.2322
vn 0.0096 0.9677 -0.2518
vn 0.0269 0.9646 -0.2624
vn 0.0569 0.9622 -0.2661
vn 0.0740 0.9616 -0.2644
vn 0.0740 0.9625 -0.2609
vn 0.0741 0.9634 -0.2574
vn 0.0367 0.9671 -0.2518
vn -0.0070 0.9708 -0.2396
vn -0.0970 0.9692 -0.2263
vn -0.2376 0.9468 -0.2170
vn -0.3070 0.9267 -0.2167
vn -0.3486 0.9111 -0.2200
vn -0.3760 0.8992 -0.2238
vn -0.3176 0.9189 -0.2338
vn -0.2593 0.9352 -0.2410
vn -0.2161 0.9476 -0.2351
vn -0.1551 0.9662 -0.2056
vn -0.0666 0.9870 -0.1464
vn 0.0976 0.9938 -0.0519
vn 0.1764 0.9816 0.0726
vn 0.0868 0.9792 0.1834
vn 0.0100 0.9684 0.2493
vn -0.1274 0.9548 0.2684
vn -0.2830 0.9320 0.2261
vn -0.2634 0.9526 0.1518
vn -0.1916 0.9798 0.0564
vn -0.0876 0.9949 -0.0491
vn 0.1502 0.9812 -0.1214
vn 0.3137 0.9382 -0.1462
vn 0.3609 0.9209 -0.1470
vn 0.4075 0.9030 -0.1361
vn 0.4127 0.9026 -0.1219
vn 0.4198 0.9013 -0.1068
vn 0.4198 0.9030 -0.0916
vn 0.4156 0.9062 -0.0783
vn 0.4104 0.9094 -0.0679
vn 0.3892 0.9190 -0.0630
vn 0.3712 0.9263 -0.0649
vn 0.3717 0.9261 -0.0637
vn 0.3724 0.9267 -0.0498
vn 0.3124 0.9494 -0.0314
vn 0.2045 0.9787 -0.0187
vn 0.1387 0.9902 -0.0113
vn 0.0756 0.9971 -0.0040
vn 0.0320 0.9995 0.0060
vn 0.0403 0.9991 0.0098
vn 0.0484 0.9988 -0.0009
vn 0.0076 0.9997 -0.0208
vn -0.0476 0.9978 -0.0457
vn -0.0692 0.9951 -0.0707
vn -0.0848 0.9927 -0.0851
vn -0.0870 0.9924 -0.0872
vn -0.0493 0.9955 -0.0802
vn -0.1090 0.9928 0.0499
vn -0.1336 0.9886 0.0699
vn -0.1026 0.9944 0.0231
vn -0.0978 0.9951 -0.0161
vn -0.0921 0.9935 -0.0663
vn -0.0791 0.9895 -0.1207
vn -0.0695 0.9820 -0.1755
vn -0.0320 0.9743 -0.2229
vn 0.0054 0.9670 -0.2547
vn 0.0096 0.9617 -0.2739
vn 0.0153 0.9595 -0.2813
vn 0.0288 0.9595 -0.2801
vn 0.0565 0.9589 -0.2779
vn 0.0725 0.9580 -0.2774
vn 0.0723 0.9579 -0.2776
vn 0.0721 0.9580 -0.2774
vn 0.0304 0.9610 -0.2748
vn -0.0185 0.9639 -0.2656
vn -0.1024 0.9615 -0.2550
vn -0.2318 0.9400 -0.2501
vn -0.2970 0.9201 -0.2551
vn -0.3389 0.9036 -0.2619
vn -0.3674 0.8910 -0.2666
vn -0.3141 0.9088 -0.2745
vn -0.2604 0.9260 -0.2734
vn -0.2289 0.9377 -0.2614
vn -0.1843 0.9533 -0.2392
vn -0.1185 0.9734 -0.1962
vn 0.0081 0.9940 -0.1088
vn 0.0719 0.9971 0.0240
vn 0.0151 0.9890 0.1470
vn -0.0331 0.9734 0.2265
vn -0.1236 0.9604 0.2496
vn -0.2277 0.9540 0.1948
vn -0.1938 0.9765 0.0943
vn -0.1067 0.9941 -0.0201
vn -0.0096 0.9914 -0.1303
vn 0.1815 0.9642 -0.1932
vn 0.3105 0.9297 -0.1980
vn 0.3547 0.9165 -0.1848
vn 0.3976 0.9014 -0.1712
vn 0.4000 0.9030 -0.1567
vn 0.4035 0.9055 -0.1315
vn 0.4049 0.9088 -0.1005
vn 0.4049 0.9113 -0.0743
vn 0.4031 0.9134 -0.0563
vn 0.3906 0.9191 -0.0518
vn 0.3797 0.9228 -0.0651
vn 0.3693 0.9261 -0.0765
vn 0.3578 0.9314 -0.0664
vn 0.2975 0.9537 -0.0442
vn 0.1926 0.9810 -0.0213
vn 0.1288 0.9916 0.0004
vn 0.0674 0.9976 0.0172
vn 0.0249 0.9993 0.0274
vn 0.0439 0.9986 0.0280
vn 0.0625 0.9979 0.0154
vn 0.0261 0.9996 -0.0073
vn -0.0233 0.9990 -0.0382
vn -0.0490 0.9962 -0.0712
vn -0.0770 0.9927 -0.0927
vn -0.0874 0.9911 -0.1000
vn -0.0583 0.9937 -0.0951
vn -0.0921 0.9945 0.0500
vn -0.1197 0.9903 0.0701
vn -0.0787 0.9966 0.0231
vn -0.0622 0.9979 -0.0161
vn -0.0510 0.9965 -0.0665
vn -0.0367 0.9920 -0.1209
vn -0.0263 0.9840 -0.1759
vn -0.0005 0.9748 -0.2230
vn 0.0253 0.9667 -0.2546
vn 0.0213 0.9615 -0.2739
vn 0.0157 0.9595 -0.2812
vn 0.0266 0.9596 -0.2801
vn 0.0556 0.9590 -0.2780
vn 0.0726 0.9580 -0.2772
vn 0.0723 0.9581 -0.2772
vn 0.0719 0.9581 -0.2772
vn 0.0256 0.9611 -0.2749
vn -0.0290 0.9637 -0.2655
vn -0.1072 0.9610 -0.2549
vn -0.2261 0.9413 -0.2506
vn -0.2878 0.9227 -0.2563
vn -0.3323 0.9058 -0.2628
vn -0.3629 0.8927 -0.2671
vn -0.3155 0.9084 -0.2743
vn -0.2680 0.9240 -0.2728
vn -0.2434 0.9343 -0.2605
vn -0.2085 0.9486 -0.2380
vn -0.1649 0.9668 -0.1949
vn -0.0834 0.9906 -0.1081
vn -0.0398 0.9989 0.0240
vn -0.0627 0.9872 0.1466
vn -0.0814 0.9707 0.2259
vn -0.1162 0.9613 0.2498
vn -0.1573 0.9676 0.1975
vn -0.1099 0.9893 0.0957
vn -0.0155 0.9997 -0.0201
vn 0.0680 0.9892 -0.1298
vn 0.2081 0.9590 -0.1923
vn 0.3030 0.9320 -0.1985
vn 0.3476 0.9191 -0.1853
vn 0.3909 0.9043 -0.1718
vn 0.3876 0.9083 -0.1576
vn 0.3829 0.9142 -0.1330
vn 0.3847 0.9174 -0.1019
vn 0.3906 0.9175 -0.0750
vn 0.3938 0.9174 -0.0566
vn 0.3938 0.9177 -0.0517
vn 0.3935 0.9171 -0.0647
vn 0.3699 0.9259 -0.0765
vn 0.3429 0.9370 -0.0668
vn 0.2803 0.9588 -0.0445
vn 0.1753 0.9843 -0.0214
vn 0.1134 0.9935 0.0004
vn 0.0576 0.9982 0.0172
vn 0.0193 0.9994 0.0274
vn 0.0485 0.9984 0.0280
vn 0.0771 0.9969 0.0154
vn 0.0463 0.9989 -0.0075
vn 0.0040 0.9992 -0.0387
vn -0.0259 0.9971 -0.0715
vn -0.0670 0.9934 -0.0928
vn -0.0862 0.9912 -0.1000
vn -0.0673 0.9932 -0.0951
vn -0.0756 0.9970 -0.0176
vn -0.1061 0.9943 0.0019
vn -0.0561 0.9975 -0.0419
vn -0.0299 0.9968 -0.0743
vn -0.0140 0.9933 -0.1143
vn 0.0017 0.9875 -0.1574
vn 0.0130 0.9793 -0.2018
vn 0.0269 0.9708 -0.2385
vn 0.0409 0.9648 -0.2599
vn 0.0309 0.9619 -0.2714
vn 0.0168 0.9607 -0.2769
vn 0.0251 0.9604 -0.2775
vn 0.0543 0.9597 -0.2756
vn 0.0713 0.9595 -0.2724
vn 0.0721 0.9601 -0.2702
vn 0.0727 0.9599 -0.2705
vn 0.0220 0.9624 -0.2705
vn -0.0373 0.9634 -0.2654
vn -0.1104 0.9595 -0.2592
vn -0.2198 0.9410 -0.2573
vn -0.2785 0.9238 -0.2628
vn -0.3256 0.9066 -0.2684
vn -0.3578 0.8932 -0.2723
vn -0.3155 0.9066 -0.2802
vn -0.2731 0.9198 -0.2816
vn -0.2541 0.9274 -0.2744
vn -0.2274 0.9385 -0.2597
vn -0.2012 0.9519 -0.2311
vn -0.1563 0.9720 -0.1752
vn -0.1306 0.9872 -0.0907
vn -0.1271 0.9918 -0.0114
vn -0.1237 0.9915 0.0400
vn -0.1108 0.9924 0.0533
vn -0.0965 0.9952 0.0132
vn -0.0378 0.9975 -0.0591
vn 0.0586 0.9891 -0.1349
vn 0.1284 0.9709 -0.2021
vn 0.2255 0.9450 -0.2367
vn 0.2927 0.9267 -0.2356
vn 0.3365 0.9156 -0.2197
vn 0.3797 0.9030 -0.2011
vn 0.3726 0.9097 -0.1832
vn 0.3621 0.9181 -0.1607
vn 0.3650 0.9210 -0.1357
vn 0.3769 0.9189 -0.1158
vn 0.3849 0.9171 -0.1039
vn 0.3931 0.9142 -0.0982
vn 0.4000 0.9112 -0.0981
vn 0.3655 0.9259 -0.0951
vn 0.3252 0.9426 -0.0761
vn 0.2614 0.9640 -0.0481
vn 0.1574 0.9873 -0.0221
vn 0.0981 0.9951 0.0000
vn 0.0490 0.9987 0.0148
vn 0.0155 0.9996 0.0208
vn 0.0538 0.9984 0.0181
vn 0.0911 0.9958 0.0052
vn 0.0638 0.9979 -0.0134
vn 0.0259 0.9991 -0.0338
vn -0.0078 0.9985 -0.0533
vn -0.0588 0.9961 -0.0660
vn -0.0851 0.9938 -0.0710
vn -0.0598 0.9910 -0.1199
vn -0.0925 0.9905 -0.1017
vn -0.0372 0.9894 -0.1399
vn -0.0063 0.9868 -0.1618
vn 0.0122 0.9825 -0.1858
vn 0.0298 0.9768 -0.2120
vn 0.0424 0.9697 -0.2404
vn 0.0442 0.9640 -0.2619
vn 0.0460 0.9623 -0.2680
vn 0.0349 0.9628 -0.2678
vn 0.0193 0.9626 -0.2703
vn 0.0258 0.9615 -0.2734
vn 0.0515 0.9609 -0.2720
vn 0.0669 0.9618 -0.2656
vn 0.0711 0.9628 -0.2606
vn 0.0747 0.9624 -0.2610
vn 0.0217 0.9643 -0.2640
vn -0.0401 0.9634 -0.2651
vn -0.1096 0.9578 -0.2658
vn -0.2128 0.9398 -0.2671
vn -0.2697 0.9236 -0.2723
vn -0.3188 0.9065 -0.2767
vn -0.3525 0.8929 -0.2801
vn -0.3131 0.9046 -0.2893
vn -0.2736 0.9154 -0.2953
vn -0.2579 0.9197 -0.2960
vn -0.2360 0.9265 -0.2931
vn -0.2172 0.9333 -0.2858
vn -0.1873 0.9431 -0.2748
vn -0.1679 0.9510 -0.2595
vn -0.1511 0.9574 -0.2459
vn -0.1367 0.9614 -0.2387
vn -0.0995 0.9652 -0.2417
vn -0.0566 0.9636 -0.2614
vn 0.0013 0.9583 -0.2859
vn 0.0899 0.9489 -0.3024
vn 0.1497 0.9392 -0.3089
vn 0.2259 0.9255 -0.3038
vn 0.2794 0.9151 -0.2907
vn 0.3206 0.9075 -0.2714
vn 0.3612 0.8997 -0.2451
vn 0.3546 0.9084 -0.2214
vn 0.3440 0.9170 -0.2018
vn 0.3496 0.9182 -0.1859
vn 0.3677 0.9130 -0.1768
vn 0.3785 0.9089 -0.1748
vn 0.3845 0.9076 -0.1683
vn 0.3901 0.9085 -0.1493
vn 0.3494 0.9288 -0.1234
vn 0.3011 0.9493 -0.0900
vn 0.2382 0.9697 -0.0535
vn 0.1382 0.9901 -0.0232
vn 0.0836 0.9965 -0.0005
vn 0.0435 0.9990 0.0111
vn 0.0166 0.9998 0.0109
vn 0.0608 0.9981 0.0030
vn 0.1039 0.9945 -0.0103
vn 0.0744 0.9969 -0.0226
vn 0.0339 0.9991 -0.0266
vn -0.0017 0.9997 -0.0256
vn -0.0559 0.9981 -0.0245
vn -0.0842 0.9961 -0.0249
vn -0.0754 0.9968 -0.0272
vn -0.0450 0.9869 -0.1546
vn -0.0793 0.9874 -0.1370
vn -0.0218 0.9846 -0.1730
vn 0.0100 0.9815 -0.1913
vn 0.0295 0.9773 -0.2098
vn 0.0497 0.9719 -0.2301
vn 0.0641 0.9653 -0.2532
vn 0.0533 0.9614 -0.2698
vn 0.0425 0.9617 -0.2708
vn 0.0344 0.9632 -0.2665
vn 0.0232 0.9630 -0.2683
vn 0.0280 0.9617 -0.2725
vn 0.0472 0.9614 -0.2710
vn 0.0599 0.9629 -0.2633
vn 0.0693 0.9638 -0.2572
vn 0.0773 0.9632 -0.2575
vn 0.0239 0.9648 -0.2617
vn -0.0384 0.9635 -0.2650
vn -0.1060 0.9575 -0.2681
vn -0.2059 0.9404 -0.2707
vn -0.2621 0.9247 -0.2759
vn -0.3128 0.9076 -0.2798
vn -0.3476 0.8939 -0.2831
vn -0.3097 0.9047 -0.2926
vn -0.2716 0.9144 -0.3001
vn -0.2578 0.9173 -0.3033
vn -0.2388 0.9222 -0.3041
vn -0.2204 0.9269 -0.3038
vn -0.1898 0.9325 -0.3071
vn -0.1692 0.9344 -0.3134
vn -0.1491 0.9353 -0.3209
vn -0.1321 0.9354 -0.3280
vn -0.0889 0.9371 -0.3374
vn -0.0389 0.9362 -0.3492
vn 0.0128 0.9336 -0.3581
vn 0.0901 0.9302 -0.3557
vn 0.1443 0.9279 -0.3435
vn 0.2170 0.9199 -0.3265
vn 0.2680 0.9123 -0.3097
vn 0.3043 0.9074 -0.2897
vn 0.3402 0.9033 -0.2613
vn 0.3369 0.9116 -0.2354
vn 0.3309 0.9185 -0.2163
vn 0.3409 0.9178 -0.2033
vn 0.3657 0.9095 -0.1974
vn 0.3781 0.9042 -0.1986
vn 0.3729 0.9077 -0.1925
vn 0.3693 0.9140 -0.1676
vn 0.3247 0.9363 -0.1339
vn 0.2717 0.9576 -0.0954
vn 0.2115 0.9758 -0.0557
vn 0.1179 0.9927 -0.0236
vn 0.0697 0.9976 -0.0010
vn 0.0406 0.9991 0.0094
vn 0.0214 0.9997 0.0072
vn 0.0692 0.9976 -0.0022
vn 0.1157 0.9932 -0.0156
vn 0.0797 0.9965 -0.0260
vn 0.0307 0.9992 -0.0248
vn -0.0058 0.9998 -0.0164
vn -0.0575 0.9983 -0.0101
vn -0.0836 0.9965 -0.0085
vn -0.0714 0.9973 -0.0124
vn -0.0308 0.9875 -0.1547
vn -0.0666 0.9883 -0.1372
vn -0.0074 0.9849 -0.1731
vn 0.0246 0.9812 -0.1915
vn 0.0446 0.9767 -0.2101
vn 0.0673 0.9708 -0.2301
vn 0.0837 0.9639 -0.2528
vn 0.0603 0.9611 -0.2697
vn 0.0369 0.9619 -0.2709
vn 0.0328 0.9633 -0.2665
vn 0.0274 0.9630 -0.2680
vn 0.0306 0.9618 -0.2720
vn 0.0426 0.9617 -0.2708
vn 0.0523 0.9633 -0.2634
vn 0.0673 0.9640 -0.2572
vn 0.0801 0.9630 -0.2575
vn 0.0267 0.9648 -0.2617
vn -0.0356 0.9636 -0.2650
vn -0.1016 0.9580 -0.2682
vn -0.1991 0.9417 -0.2711
vn -0.2548 0.9266 -0.2764
vn -0.3071 0.9094 -0.2804
vn -0.3430 0.8955 -0.2836
vn -0.3061 0.9058 -0.2930
vn -0.2691 0.9151 -0.3003
vn -0.2571 0.9175 -0.3034
vn -0.2407 0.9218 -0.3040
vn -0.2213 0.9267 -0.3038
vn -0.1867 0.9331 -0.3073
vn -0.1638 0.9353 -0.3137
vn -0.1438 0.9360 -0.3211
vn -0.1267 0.9360 -0.3283
vn -0.0811 0.9377 -0.3377
vn -0.0283 0.9366 -0.3493
vn 0.0174 0.9335 -0.3581
vn 0.0838 0.9308 -0.3559
vn 0.1336 0.9293 -0.3441
vn 0.2067 0.9220 -0.3272
vn 0.2579 0.9149 -0.3106
vn 0.2885 0.9121 -0.2912
vn 0.3188 0.9105 -0.2634
vn 0.3197 0.9174 -0.2369
vn 0.3197 0.9223 -0.2173
vn 0.3345 0.9201 -0.2038
vn 0.3664 0.9093 -0.1973
vn 0.3805 0.9032 -0.1984
vn 0.3613 0.9121 -0.1934
vn 0.3458 0.9229 -0.1692
vn 0.2976 0.9451 -0.1351
vn 0.2404 0.9659 -0.0962
vn 0.1834 0.9814 -0.0560
vn 0.0971 0.9950 -0.0236
vn 0.0559 0.9984 -0.0008
vn 0.0383 0.9992 0.0098
vn 0.0271 0.9996 0.0074
vn 0.0779 0.9969 -0.0022
vn 0.1271 0.9918 -0.0155
vn 0.0837 0.9961 -0.0260
vn 0.0246 0.9994 -0.0248
vn -0.0126 0.9998 -0.0164
vn -0.0600 0.9981 -0.0103
vn -0.0830 0.9965 -0.0092
vn -0.0661 0.9977 -0.0131
vn -0.0203 0.9807 -0.1941
vn -0.0548 0.9815 -0.1834
vn 0.0020 0.9796 -0.2010
vn 0.0326 0.9783 -0.2047
vn 0.0531 0.9769 -0.2067
vn 0.0801 0.9739 -0.2121
vn 0.1000 0.9695 -0.2235
vn 0.0683 0.9694 -0.2357
vn 0.0365 0.9691 -0.2437
vn 0.0340 0.9680 -0.2486
vn 0.0309 0.9671 -0.2526
vn 0.0329 0.9663 -0.2552
vn 0.0401 0.9659 -0.2556
vn 0.0470 0.9663 -0.2531
vn 0.0643 0.9665 -0.2483
vn 0.0791 0.9670 -0.2419
vn 0.0297 0.9702 -0.2406
vn -0.0279 0.9677 -0.2503
vn -0.0927 0.9597 -0.2654
vn -0.1893 0.9419 -0.2775
vn -0.2444 0.9256 -0.2890
vn -0.2963 0.9067 -0.3001
vn -0.3313 0.8902 -0.3127
vn -0.2976 0.8965 -0.3281
vn -0.2645 0.9041 -0.3356
vn -0.2534 0.9068 -0.3370
vn -0.2380 0.9100 -0.3393
vn -0.2180 0.9140 -0.3421
vn -0.1819 0.9204 -0.3461
vn -0.1580 0.9234 -0.3497
vn -0.1362 0.9247 -0.3554
vn -0.1176 0.9235 -0.3652
vn -0.0716 0.9236 -0.3765
vn -0.0186 0.9218 -0.3873
vn 0.0202 0.9195 -0.3926
vn 0.0747 0.9190 -0.3871
vn 0.1198 0.9205 -0.3719
vn 0.1931 0.9160 -0.3516
vn 0.2447 0.9109 -0.3322
vn 0.2716 0.9099 -0.3133
vn 0.2982 0.9086 -0.2924
vn 0.3012 0.9135 -0.2733
vn 0.3045 0.9178 -0.2547
vn 0.3228 0.9165 -0.2360
vn 0.3605 0.9069 -0.2182
vn 0.3769 0.9035 -0.2040
vn 0.3483 0.9181 -0.1893
vn 0.3243 0.9311 -0.1667
vn 0.2719 0.9522 -0.1390
vn 0.2102 0.9719 -0.1058
vn 0.1573 0.9849 -0.0716
vn 0.0794 0.9957 -0.0468
vn 0.0439 0.9985 -0.0307
vn 0.0331 0.9993 -0.0186
vn 0.0267 0.9996 -0.0089
vn 0.0792 0.9969 -0.0003
vn 0.1302 0.9915 0.0074
vn 0.0844 0.9963 0.0127
vn 0.0223 0.9996 0.0132
vn -0.0136 0.9998 0.0091
vn -0.0567 0.9984 0.0001
vn -0.0773 0.9969 -0.0129
vn -0.0603 0.9979 -0.0243
vn -0.0176 0.9721 -0.2339
vn -0.0458 0.9720 -0.2302
vn 0.0012 0.9733 -0.2294
vn 0.0273 0.9755 -0.2182
vn 0.0482 0.9779 -0.2033
vn 0.0828 0.9775 -0.1937
vn 0.1079 0.9752 -0.1934
vn 0.0769 0.9765 -0.2012
vn 0.0458 0.9753 -0.2158
vn 0.0405 0.9723 -0.2303
vn 0.0334 0.9709 -0.2373
vn 0.0342 0.9704 -0.2389
vn 0.0408 0.9698 -0.2405
vn 0.0464 0.9690 -0.2426
vn 0.0589 0.9692 -0.2391
vn 0.0697 0.9716 -0.2260
vn 0.0327 0.9751 -0.2194
vn -0.0104 0.9718 -0.2353
vn -0.0747 0.9620 -0.2625
vn -0.1740 0.9429 -0.2839
vn -0.2293 0.9254 -0.3017
vn -0.2785 0.9056 -0.3200
vn -0.3113 0.8866 -0.3420
vn -0.2862 0.8863 -0.3639
vn -0.2619 0.8910 -0.3708
vn -0.2494 0.8945 -0.3710
vn -0.2321 0.8974 -0.3752
vn -0.2125 0.8998 -0.3810
vn -0.1786 0.9054 -0.3852
vn -0.1553 0.9094 -0.3858
vn -0.1280 0.9118 -0.3901
vn -0.1045 0.9096 -0.4021
vn -0.0611 0.9072 -0.4162
vn -0.0112 0.9049 -0.4254
vn 0.0198 0.9037 -0.4276
vn 0.0619 0.9060 -0.4188
vn 0.1021 0.9107 -0.4001
vn 0.1765 0.9094 -0.3766
vn 0.2290 0.9067 -0.3541
vn 0.2570 0.9062 -0.3357
vn 0.2843 0.9032 -0.3215
vn 0.2853 0.9070 -0.3097
vn 0.2865 0.9123 -0.2924
vn 0.3053 0.9136 -0.2686
vn 0.3446 0.9077 -0.2394
vn 0.3622 0.9082 -0.2097
vn 0.3326 0.9247 -0.1852
vn 0.3071 0.9374 -0.1640
vn 0.2503 0.9576 -0.1428
vn 0.1836 0.9762 -0.1154
vn 0.1358 0.9869 -0.0873
vn 0.0682 0.9952 -0.0703
vn 0.0359 0.9974 -0.0616
vn 0.0218 0.9986 -0.0486
vn 0.0132 0.9996 -0.0259
vn 0.0653 0.9979 0.0015
vn 0.1160 0.9928 0.0307
vn 0.0787 0.9955 0.0520
vn 0.0279 0.9982 0.0519
vn -0.0030 0.9994 0.0350
vn -0.0417 0.9991 0.0106
vn -0.0615 0.9980 -0.0167
vn -0.0530 0.9979 -0.0357
vn -0.0191 0.9719 -0.2346
vn -0.0388 0.9721 -0.2311
vn -0.0048 0.9732 -0.2299
vn 0.0154 0.9756 -0.2187
vn 0.0364 0.9783 -0.2038
vn 0.0797 0.9778 -0.1937
vn 0.1108 0.9749 -0.1928
vn 0.0855 0.9760 -0.2005
vn 0.0600 0.9747 -0.2152
vn 0.0497 0.9719 -0.2299
vn 0.0355 0.9709 -0.2370
vn 0.0348 0.9705 -0.2386
vn 0.0428 0.9698 -0.2402
vn 0.0480 0.9690 -0.2423
vn 0.0520 0.9696 -0.2391
vn 0.0555 0.9725 -0.2259
vn 0.0356 0.9750 -0.2190
vn 0.0123 0.9719 -0.2351
vn -0.0519 0.9634 -0.2628
vn -0.1561 0.9458 -0.2848
vn -0.2127 0.9289 -0.3031
vn -0.2589 0.9106 -0.3221
vn -0.2900 0.8927 -0.3449
vn -0.2767 0.8887 -0.3655
vn -0.2643 0.8902 -0.3711
vn -0.2490 0.8945 -0.3713
vn -0.2281 0.8982 -0.3758
vn -0.2093 0.9002 -0.3817
vn -0.1789 0.9051 -0.3858
vn -0.1567 0.9090 -0.3862
vn -0.1215 0.9123 -0.3910
vn -0.0913 0.9105 -0.4032
vn -0.0513 0.9074 -0.4170
vn -0.0053 0.9047 -0.4260
vn 0.0182 0.9035 -0.4282
vn 0.0483 0.9064 -0.4196
vn 0.0840 0.9121 -0.4013
vn 0.1601 0.9118 -0.3781
vn 0.2138 0.9098 -0.3557
vn 0.2458 0.9088 -0.3371
vn 0.2769 0.9051 -0.3227
vn 0.2743 0.9098 -0.3113
vn 0.2705 0.9166 -0.2944
vn 0.2870 0.9189 -0.2707
vn 0.3247 0.9144 -0.2416
vn 0.3417 0.9156 -0.2116
vn 0.3150 0.9306 -0.1863
vn 0.2920 0.9421 -0.1648
vn 0.2308 0.9623 -0.1435
vn 0.1590 0.9804 -0.1161
vn 0.1169 0.9892 -0.0878
vn 0.0605 0.9956 -0.0707
vn 0.0302 0.9976 -0.0621
vn 0.0074 0.9987 -0.0491
vn -0.0073 0.9996 -0.0262
vn 0.0435 0.9990 0.0016
vn 0.0931 0.9951 0.0312
vn 0.0695 0.9962 0.0527
vn 0.0375 0.9979 0.0526
vn 0.0135 0.9993 0.0354
vn -0.0208 0.9997 0.0108
vn -0.0404 0.9990 -0.0168
vn -0.0450 0.9983 -0.0359
vn -0.0197 0.9714 -0.2363
vn -0.0306 0.9727 -0.2302
vn -0.0104 0.9723 -0.2333
vn 0.0033 0.9749 -0.2224
vn 0.0237 0.9782 -0.2062
vn 0.0752 0.9782 -0.1935
vn 0.1121 0.9755 -0.1891
vn 0.0929 0.9767 -0.1932
vn 0.0735 0.9760 -0.2051
vn 0.0586 0.9741 -0.2184
vn 0.0379 0.9735 -0.2254
vn 0.0360 0.9730 -0.2280
vn 0.0454 0.9720 -0.2306
vn 0.0502 0.9709 -0.2340
vn 0.0464 0.9714 -0.2329
vn 0.0431 0.9737 -0.2235
vn 0.0384 0.9751 -0.2185
vn 0.0328 0.9723 -0.2315
vn -0.0308 0.9665 -0.2546
vn -0.1385 0.9513 -0.2753
vn -0.1960 0.9352 -0.2948
vn -0.2397 0.9182 -0.3154
vn -0.2692 0.9015 -0.3389
vn -0.2668 0.8941 -0.3596
vn -0.2650 0.8913 -0.3680
vn -0.2477 0.8945 -0.3721
vn -0.2239 0.8982 -0.3782
vn -0.2056 0.9000 -0.3843
vn -0.1789 0.9039 -0.3885
vn -0.1575 0.9074 -0.3895
vn -0.1153 0.9116 -0.3944
vn -0.0790 0.9108 -0.4052
vn -0.0420 0.9079 -0.4171
vn 0.0006 0.9049 -0.4255
vn 0.0172 0.9033 -0.4285
vn 0.0362 0.9056 -0.4225
vn 0.0671 0.9106 -0.4078
vn 0.1436 0.9105 -0.3876
vn 0.1977 0.9091 -0.3665
vn 0.2333 0.9082 -0.3475
vn 0.2681 0.9044 -0.3319
vn 0.2626 0.9102 -0.3203
vn 0.2546 0.9176 -0.3053
vn 0.2684 0.9203 -0.2845
vn 0.3029 0.9177 -0.2568
vn 0.3189 0.9205 -0.2257
vn 0.2945 0.9352 -0.1962
vn 0.2737 0.9471 -0.1675
vn 0.2094 0.9678 -0.1395
vn 0.1343 0.9849 -0.1093
vn 0.0982 0.9919 -0.0811
vn 0.0527 0.9966 -0.0639
vn 0.0245 0.9982 -0.0550
vn -0.0059 0.9990 -0.0433
vn -0.0260 0.9994 -0.0243
vn 0.0229 0.9997 -0.0006
vn 0.0708 0.9971 0.0261
vn 0.0604 0.9971 0.0462
vn 0.0462 0.9978 0.0470
vn 0.0291 0.9990 0.0324
vn -0.0008 0.9999 0.0104
vn -0.0198 0.9997 -0.0150
vn -0.0362 0.9987 -0.0344
vn -0.0164 0.9701 -0.2421
vn -0.0170 0.9737 -0.2273
vn -0.0141 0.9695 -0.2446
vn -0.0102 0.9721 -0.2342
vn 0.0077 0.9769 -0.2136
vn 0.0656 0.9790 -0.1930
vn 0.1072 0.9783 -0.1771
vn 0.0954 0.9809 -0.1696
vn 0.0836 0.9814 -0.1729
vn 0.0661 0.9812 -0.1810
vn 0.0416 0.9814 -0.1876
vn 0.0392 0.9804 -0.1931
vn 0.0501 0.9786 -0.1994
vn 0.0550 0.9768 -0.2069
vn 0.0459 0.9760 -0.2129
vn 0.0383 0.9757 -0.2156
vn 0.0406 0.9752 -0.2174
vn 0.0433 0.9745 -0.2203
vn -0.0169 0.9737 -0.2273
vn -0.1215 0.9626 -0.2423
vn -0.1779 0.9476 -0.2651
vn -0.2210 0.9313 -0.2893
vn -0.2504 0.9159 -0.3138
vn -0.2540 0.9062 -0.3378
vn -0.2576 0.8974 -0.3582
vn -0.2409 0.8950 -0.3755
vn -0.2185 0.8959 -0.3867
vn -0.2016 0.8973 -0.3927
vn -0.1773 0.9004 -0.3971
vn -0.1567 0.9030 -0.4000
vn -0.1104 0.9077 -0.4046
vn -0.0709 0.9091 -0.4103
vn -0.0346 0.9084 -0.4167
vn 0.0071 0.9057 -0.4237
vn 0.0191 0.9028 -0.4295
vn 0.0302 0.9018 -0.4311
vn 0.0565 0.9022 -0.4274
vn 0.1287 0.9003 -0.4157
vn 0.1799 0.8996 -0.3979
vn 0.2178 0.8997 -0.3782
vn 0.2550 0.8976 -0.3595
vn 0.2496 0.9042 -0.3465
vn 0.2414 0.9102 -0.3366
vn 0.2511 0.9119 -0.3246
vn 0.2777 0.9122 -0.3012
vn 0.2896 0.9192 -0.2667
vn 0.2639 0.9378 -0.2254
vn 0.2419 0.9544 -0.1747
vn 0.1809 0.9755 -0.1249
vn 0.1093 0.9902 -0.0865
vn 0.0799 0.9951 -0.0579
vn 0.0444 0.9982 -0.0402
vn 0.0192 0.9993 -0.0313
vn -0.0145 0.9996 -0.0248
vn -0.0371 0.9991 -0.0180
vn 0.0080 0.9999 -0.0076
vn 0.0522 0.9986 0.0096
vn 0.0519 0.9983 0.0251
vn 0.0514 0.9982 0.0289
vn 0.0400 0.9989 0.0226
vn 0.0152 0.9998 0.0093
vn -0.0020 0.9999 -0.0093
vn -0.0238 0.9993 -0.0293
vn -0.0080 0.9692 -0.2461
vn 0.0036 0.9743 -0.2252
vn -0.0154 0.9675 -0.2523
vn -0.0255 0.9698 -0.2423
vn -0.0126 0.9757 -0.2188
vn 0.0491 0.9800 -0.1926
vn 0.0937 0.9812 -0.1689
vn 0.0913 0.9839 -0.1533
vn 0.0887 0.9846 -0.1505
vn 0.0712 0.9853 -0.1551
vn 0.0466 0.9858 -0.1612
vn 0.0447 0.9846 -0.1687
vn 0.0571 0.9824 -0.1776
vn 0.0626 0.9802 -0.1879
vn 0.0520 0.9786 -0.1989
vn 0.0432 0.9768 -0.2098
vn 0.0422 0.9755 -0.2159
vn 0.0411 0.9764 -0.2121
vn -0.0121 0.9779 -0.2084
vn -0.1043 0.9700 -0.2195
vn -0.1561 0.9570 -0.2446
vn -0.2007 0.9413 -0.2716
vn -0.2312 0.9266 -0.2965
vn -0.2349 0.9167 -0.3233
vn -0.2383 0.9051 -0.3522
vn -0.2269 0.8975 -0.3782
vn -0.2126 0.8948 -0.3925
vn -0.1984 0.8955 -0.3984
vn -0.1748 0.8983 -0.4031
vn -0.1544 0.9001 -0.4073
vn -0.1080 0.9048 -0.4118
vn -0.0685 0.9077 -0.4138
vn -0.0301 0.9086 -0.4165
vn 0.0143 0.9062 -0.4225
vn 0.0248 0.9023 -0.4302
vn 0.0326 0.8988 -0.4370
vn 0.0548 0.8959 -0.4408
vn 0.1179 0.8926 -0.4351
vn 0.1628 0.8930 -0.4195
vn 0.2015 0.8943 -0.3996
vn 0.2395 0.8939 -0.3788
vn 0.2380 0.9002 -0.3645
vn 0.2349 0.9037 -0.3579
vn 0.2394 0.9048 -0.3519
vn 0.2521 0.9089 -0.3321
vn 0.2553 0.9206 -0.2955
vn 0.2213 0.9437 -0.2460
vn 0.1923 0.9646 -0.1802
vn 0.1426 0.9830 -0.1151
vn 0.0841 0.9939 -0.0707
vn 0.0615 0.9972 -0.0419
vn 0.0353 0.9991 -0.0236
vn 0.0146 0.9998 -0.0147
vn -0.0171 0.9998 -0.0119
vn -0.0384 0.9991 -0.0136
vn 0.0005 0.9999 -0.0125
vn 0.0385 0.9992 -0.0018
vn 0.0441 0.9990 0.0107
vn 0.0518 0.9985 0.0165
vn 0.0451 0.9988 0.0157
vn 0.0259 0.9996 0.0085
vn 0.0121 0.9999 -0.0054
vn -0.0071 0.9996 -0.0259
vn 0.0025 0.9692 -0.2461
vn 0.0270 0.9739 -0.2251
vn -0.0157 0.9675 -0.2523
vn -0.0414 0.9693 -0.2421
vn -0.0347 0.9752 -0.2186
vn 0.0298 0.9808 -0.1928
vn 0.0765 0.9826 -0.1691
vn 0.0840 0.9846 -0.1534
vn 0.0915 0.9843 -0.1505
vn 0.0751 0.9850 -0.1550
vn 0.0519 0.9855 -0.1612
vn 0.0511 0.9843 -0.1686
vn 0.0649 0.9820 -0.1775
vn 0.0712 0.9796 -0.1878
vn 0.0605 0.9781 -0.1988
vn 0.0516 0.9764 -0.2095
vn 0.0434 0.9755 -0.2155
vn 0.0339 0.9767 -0.2119
vn -0.0108 0.9780 -0.2084
vn -0.0862 0.9717 -0.2199
vn -0.1317 0.9604 -0.2455
vn -0.1784 0.9454 -0.2728
vn -0.2104 0.9311 -0.2980
vn -0.2119 0.9216 -0.3250
vn -0.2130 0.9105 -0.3543
vn -0.2099 0.9010 -0.3796
vn -0.2069 0.8959 -0.3930
vn -0.1959 0.8959 -0.3986
vn -0.1722 0.8987 -0.4033
vn -0.1520 0.9005 -0.4074
vn -0.1069 0.9049 -0.4118
vn -0.0266 0.9087 -0.4165
vn 0.0217 0.9061 -0.4224
vn 0.0319 0.9022 -0.4302
vn 0.0385 0.8986 -0.4370
vn 0.0569 0.8958 -0.4407
vn 0.1097 0.8935 -0.4355
vn 0.1474 0.8952 -0.4205
vn 0.1863 0.8970 -0.4008
vn 0.2246 0.8972 -0.3802
vn 0.2285 0.9023 -0.3654
vn 0.2328 0.9042 -0.3581
vn 0.2322 0.9065 -0.3526
vn 0.2284 0.9145 -0.3341
vn 0.2203 0.9287 -0.2981
vn 0.1739 0.9529 -0.2484
vn 0.1342 0.9741 -0.1820
vn 0.0994 0.9883 -0.1158
vn 0.0585 0.9958 -0.0708
vn 0.0432 0.9982 -0.0421
vn 0.0258 0.9994 -0.0241
vn 0.0103 0.9998 -0.0150
vn -0.0172 0.9998 -0.0119
vn -0.0356 0.9993 -0.0136
vn -0.0041 0.9999 -0.0125
vn 0.0268 0.9996 -0.0018
vn 0.0367 0.9993 0.0107
vn 0.0503 0.9986 0.0165
vn 0.0478 0.9987 0.0157
vn 0.0344 0.9994 0.0085
vn 0.0248 0.9997 -0.0054
vn 0.0114 0.9996 -0.0259
vn 0.0110 0.9767 -0.2141
vn 0.0467 0.9786 -0.2002
vn -0.0166 0.9760 -0.2170
vn -0.0561 0.9765 -0.2081
vn -0.0542 0.9802 -0.1903
vn 0.0145 0.9848 -0.1731
vn 0.0640 0.9850 -0.1602
vn 0.0791 0.9850 -0.1531
vn 0.0943 0.9837 -0.1531
vn 0.0786 0.9844 -0.1572
vn 0.0565 0.9852 -0.1620
vn 0.0562 0.9844 -0.1668
vn 0.0706 0.9827 -0.1712
vn 0.0772 0.9815 -0.1751
vn 0.0664 0.9816 -0.1788
vn 0.0571 0.9816 -0.1820
vn 0.0438 0.9821 -0.1828
vn 0.0284 0.9833 -0.1795
vn -0.0089 0.9839 -0.1784
vn -0.0698 0.9794 -0.1894
vn -0.1098 0.9711 -0.2117
vn -0.1583 0.9587 -0.2363
vn -0.1919 0.9460 -0.2611
vn -0.1905 0.9381 -0.2892
vn -0.1888 0.9279 -0.3213
vn -0.1924 0.9163 -0.3513
vn -0.1983 0.9062 -0.3733
vn -0.1899 0.9012 -0.3894
vn -0.1675 0.9004 -0.4016
vn -0.1482 0.9001 -0.4096
vn -0.1041 0.9030 -0.4168
vn -0.0665 0.9040 -0.4223
vn -0.0233 0.9043 -0.4262
vn 0.0264 0.9029 -0.4290
vn 0.0370 0.9013 -0.4316
vn 0.0437 0.8991 -0.4355
vn 0.0593 0.8965 -0.4389
vn 0.1025 0.8943 -0.4355
vn 0.1334 0.8958 -0.4239
vn 0.1708 0.8976 -0.4063
vn 0.2077 0.8995 -0.3843
vn 0.2159 0.9062 -0.3634
vn 0.2263 0.9110 -0.3447
vn 0.2214 0.9194 -0.3250
vn 0.2031 0.9338 -0.2945
vn 0.1851 0.9504 -0.2498
vn 0.1294 0.9716 -0.1978
vn 0.0820 0.9865 -0.1415
vn 0.0606 0.9941 -0.0896
vn 0.0359 0.9978 -0.0547
vn 0.0271 0.9991 -0.0327
vn 0.0173 0.9997 -0.0186
vn 0.0060 0.9999 -0.0110
vn -0.0178 0.9998 -0.0078
vn -0.0338 0.9994 -0.0077
vn -0.0086 0.9999 -0.0054
vn 0.0160 0.9998 0.0040
vn 0.0301 0.9994 0.0143
vn 0.0492 0.9986 0.0185
vn 0.0507 0.9986 0.0167
vn 0.0427 0.9990 0.0093
vn 0.0370 0.9993 -0.0035
vn 0.0290 0.9993 -0.0219
vn 0.0141 0.9865 -0.1630
vn 0.0562 0.9853 -0.1610
vn -0.0191 0.9868 -0.1608
vn -0.0665 0.9858 -0.1540
vn -0.0661 0.9872 -0.1451
vn 0.0091 0.9899 -0.1416
vn 0.0632 0.9873 -0.1459
vn 0.0801 0.9850 -0.1527
vn 0.0971 0.9828 -0.1573
vn 0.0813 0.9836 -0.1607
vn 0.0590 0.9848 -0.1633
vn 0.0579 0.9848 -0.1639
vn 0.0706 0.9844 -0.1612
vn 0.0761 0.9849 -0.1552
vn 0.0646 0.9870 -0.1473
vn 0.0547 0.9889 -0.1379
vn 0.0417 0.9906 -0.1301
vn 0.0264 0.9915 -0.1276
vn -0.0054 0.9914 -0.1307
vn -0.0570 0.9884 -0.1408
vn -0.0930 0.9832 -0.1573
vn -0.1411 0.9740 -0.1773
vn -0.1746 0.9640 -0.2007
vn -0.1686 0.9584 -0.2301
vn -0.1624 0.9501 -0.2664
vn -0.1688 0.9374 -0.3047
vn -0.1781 0.9229 -0.3414
vn -0.1729 0.9109 -0.3747
vn -0.1568 0.9035 -0.3988
vn -0.1411 0.8997 -0.4129
vn -0.0974 0.9000 -0.4248
vn -0.0601 0.8982 -0.4353
vn -0.0209 0.8970 -0.4415
vn 0.0243 0.8980 -0.4392
vn 0.0366 0.9002 -0.4339
vn 0.0474 0.9000 -0.4332
vn 0.0624 0.8977 -0.4361
vn 0.0980 0.8950 -0.4352
vn 0.1234 0.8950 -0.4285
vn 0.1549 0.8968 -0.4143
vn 0.1863 0.9017 -0.3900
vn 0.1946 0.9125 -0.3598
vn 0.2051 0.9239 -0.3231
vn 0.1965 0.9396 -0.2800
vn 0.1680 0.9588 -0.2289
vn 0.1440 0.9749 -0.1697
vn 0.0913 0.9890 -0.1158
vn 0.0464 0.9960 -0.0763
vn 0.0346 0.9982 -0.0478
vn 0.0211 0.9993 -0.0293
vn 0.0164 0.9997 -0.0179
vn 0.0113 0.9999 -0.0100
vn 0.0024 1.0000 -0.0049
vn -0.0195 0.9998 -0.0012
vn -0.0342 0.9994 0.0016
vn -0.0131 0.9999 0.0058
vn 0.0076 0.9999 0.0132
vn 0.0254 0.9995 0.0201
vn 0.0496 0.9985 0.0215
vn 0.0542 0.9984 0.0182
vn 0.0504 0.9987 0.0107
vn 0.0478 0.9988 -0.0006
vn 0.0440 0.9989 -0.0158
vn 0.0127 0.9895 -0.1441
vn 0.0572 0.9875 -0.1464
vn -0.0225 0.9899 -0.1400
vn -0.0728 0.9883 -0.1339
vn -0.0713 0.9891 -0.1285
vn 0.0121 0.9914 -0.1300
vn 0.0722 0.9874 -0.1406
vn 0.0860 0.9845 -0.1525
vn 0.0999 0.9822 -0.1587
vn 0.0833 0.9832 -0.1620
vn 0.0599 0.9847 -0.1637
vn 0.0569 0.9850 -0.1628
vn 0.0659 0.9852 -0.1578
vn 0.0690 0.9865 -0.1484
vn 0.0559 0.9891 -0.1360
vn 0.0451 0.9915 -0.1217
vn 0.0370 0.9931 -0.1107
vn 0.0275 0.9937 -0.1085
vn -0.0004 0.9936 -0.1132
vn -0.0466 0.9913 -0.1229
vn -0.0794 0.9873 -0.1372
vn -0.1244 0.9799 -0.1556
vn -0.1558 0.9715 -0.1784
vn -0.1435 0.9675 -0.2083
vn -0.1309 0.9603 -0.2463
vn -0.1369 0.9478 -0.2880
vn -0.1453 0.9325 -0.3307
vn -0.1449 0.9175 -0.3704
vn -0.1405 0.9064 -0.3984
vn -0.1314 0.9005 -0.4145
vn -0.0876 0.8995 -0.4279
vn -0.0504 0.8965 -0.4402
vn -0.0193 0.8943 -0.4470
vn 0.0166 0.8964 -0.4429
vn 0.0319 0.8999 -0.4348
vn 0.0497 0.9003 -0.4324
vn 0.0660 0.8980 -0.4350
vn 0.0958 0.8953 -0.4351
vn 0.1171 0.8950 -0.4304
vn 0.1392 0.8978 -0.4178
vn 0.1614 0.9051 -0.3932
vn 0.1650 0.9183 -0.3598
vn 0.1693 0.9333 -0.3166
vn 0.1560 0.9517 -0.2645
vn 0.1208 0.9713 -0.2051
vn 0.0950 0.9856 -0.1399
vn 0.0572 0.9947 -0.0851
vn 0.0250 0.9983 -0.0521
vn 0.0193 0.9993 -0.0325
vn 0.0128 0.9997 -0.0201
vn 0.0102 0.9998 -0.0125
vn 0.0072 0.9999 -0.0069
vn -0.0006 1.0000 -0.0027
vn -0.0222 0.9997 0.0012
vn -0.0367 0.9993 0.0050
vn -0.0175 0.9998 0.0099
vn 0.0012 0.9998 0.0166
vn 0.0223 0.9995 0.0221
vn 0.0511 0.9984 0.0227
vn 0.0583 0.9981 0.0187
vn 0.0577 0.9983 0.0112
vn 0.0573 0.9984 0.0005
vn 0.0567 0.9983 -0.0136
vn 0.0100 0.9895 -0.1441
vn 0.0561 0.9876 -0.1462
vn -0.0262 0.9898 -0.1400
vn -0.0779 0.9879 -0.1339
vn -0.0746 0.9889 -0.1284
vn 0.0174 0.9913 -0.1300
vn 0.0837 0.9865 -0.1404
vn 0.0932 0.9839 -0.1524
vn 0.1028 0.9819 -0.1587
vn 0.0852 0.9831 -0.1620
vn 0.0603 0.9846 -0.1637
vn 0.0550 0.9851 -0.1629
vn 0.0601 0.9856 -0.1579
vn 0.0601 0.9871 -0.1485
vn 0.0453 0.9897 -0.1361
vn 0.0334 0.9920 -0.1217
vn 0.0316 0.9933 -0.1108
vn 0.0294 0.9937 -0.1085
vn 0.0050 0.9935 -0.1132
vn -0.0369 0.9917 -0.1230
vn -0.0667 0.9883 -0.1373
vn -0.1076 0.9819 -0.1559
vn -0.1362 0.9744 -0.1789
vn -0.1169 0.9709 -0.2091
vn -0.0975 0.9640 -0.2473
vn -0.1020 0.9518 -0.2893
vn -0.1083 0.9369 -0.3323
vn -0.1135 0.9213 -0.3719
vn -0.1226 0.9085 -0.3993
vn -0.1210 0.9017 -0.4151
vn -0.0772 0.9003 -0.4283
vn -0.0399 0.8969 -0.4404
vn -0.0179 0.8943 -0.4470
vn 0.0075 0.8965 -0.4430
vn 0.0259 0.9001 -0.4349
vn 0.0516 0.9002 -0.4324
vn 0.0697 0.8978 -0.4349
vn 0.0943 0.8954 -0.4351
vn 0.1118 0.8955 -0.4306
vn 0.1235 0.8997 -0.4186
vn 0.1353 0.9087 -0.3948
vn 0.1328 0.9228 -0.3615
vn 0.1284 0.9391 -0.3185
vn 0.1102 0.9576 -0.2662
vn 0.0694 0.9760 -0.2061
vn 0.0433 0.9891 -0.1404
vn 0.0241 0.9960 -0.0855
vn 0.0074 0.9986 -0.0526
vn 0.0067 0.9994 -0.0327
vn 0.0062 0.9998 -0.0201
vn 0.0052 0.9999 -0.0125
vn 0.0037 1.0000 -0.0069
vn -0.0035 1.0000 -0.0027
vn -0.0251 0.9997 0.0012
vn -0.0396 0.9992 0.0050
vn -0.0220 0.9997 0.0099
vn -0.0047 0.9998 0.0166
vn 0.0197 0.9995 0.0221
vn 0.0528 0.9983 0.0227
vn 0.0626 0.9979 0.0187
vn 0.0649 0.9978 0.0112
vn 0.0666 0.9978 0.0005
vn 0.0689 0.9975 -0.0136
vn 0.0063 0.9891 -0.1471
vn 0.0519 0.9866 -0.1547
vn -0.0301 0.9895 -0.1415
vn -0.0821 0.9872 -0.1364
vn -0.0774 0.9881 -0.1329
vn 0.0202 0.9911 -0.1318
vn 0.0904 0.9870 -0.1325
vn 0.0982 0.9859 -0.1351
vn 0.1060 0.9847 -0.1383
vn 0.0861 0.9864 -0.1400
vn 0.0580 0.9890 -0.1363
vn 0.0511 0.9904 -0.1285
vn 0.0546 0.9911 -0.1208
vn 0.0535 0.9920 -0.1140
vn 0.0367 0.9936 -0.1068
vn 0.0233 0.9950 -0.0968
vn 0.0262 0.9958 -0.0874
vn 0.0295 0.9961 -0.0826
vn 0.0077 0.9966 -0.0814
vn -0.0310 0.9961 -0.0827
vn -0.0583 0.9945 -0.0870
vn -0.0950 0.9908 -0.0959
vn -0.1210 0.9865 -0.1104
vn -0.0930 0.9865 -0.1348
vn -0.0646 0.9829 -0.1721
vn -0.0700 0.9744 -0.2134
vn -0.0777 0.9651 -0.2499
vn -0.0873 0.9554 -0.2821
vn -0.1048 0.9442 -0.3121
vn -0.1078 0.9337 -0.3413
vn -0.0647 0.9276 -0.3678
vn -0.0280 0.9217 -0.3868
vn -0.0152 0.9172 -0.3981
vn -0.0003 0.9178 -0.3971
vn 0.0208 0.9203 -0.3906
vn 0.0536 0.9206 -0.3868
vn 0.0728 0.9199 -0.3853
vn 0.0917 0.9208 -0.3791
vn 0.1051 0.9252 -0.3647
vn 0.1081 0.9331 -0.3428
vn 0.1111 0.9437 -0.3117
vn 0.1034 0.9561 -0.2741
vn 0.0922 0.9682 -0.2326
vn 0.0701 0.9797 -0.1879
vn 0.0263 0.9893 -0.1433
vn 0.0011 0.9949 -0.1004
vn -0.0027 0.9978 -0.0662
vn -0.0066 0.9989 -0.0460
vn -0.0033 0.9994 -0.0344
vn 0.0011 0.9996 -0.0273
vn 0.0007 0.9997 -0.0225
vn -0.0007 0.9998 -0.0166
vn -0.0077 0.9999 -0.0097
vn -0.0285 0.9996 -0.0037
vn -0.0426 0.9991 0.0008
vn -0.0268 0.9996 0.0061
vn -0.0113 0.9998 0.0143
vn 0.0161 0.9996 0.0220
vn 0.0533 0.9982 0.0255
vn 0.0652 0.9975 0.0253
vn 0.0701 0.9973 0.0224
vn 0.0735 0.9971 0.0171
vn 0.0781 0.9969 0.0098
vn 0.0005 0.9886 -0.1502
vn 0.0411 0.9857 -0.1632
vn -0.0341 0.9891 -0.1430
vn -0.0844 0.9867 -0.1391
vn -0.0792 0.9873 -0.1375
vn 0.0176 0.9908 -0.1337
vn 0.0873 0.9884 -0.1244
vn 0.0982 0.9882 -0.1171
vn 0.1091 0.9871 -0.1171
vn 0.0844 0.9895 -0.1171
vn 0.0495 0.9929 -0.1077
vn 0.0425 0.9948 -0.0928
vn 0.0498 0.9953 -0.0825
vn 0.0510 0.9955 -0.0791
vn 0.0320 0.9965 -0.0768
vn 0.0159 0.9973 -0.0709
vn 0.0258 0.9981 -0.0557
vn 0.0049 0.9988 -0.0482
vn -0.0328 0.9986 -0.0409
vn -0.0580 0.9977 -0.0347
vn -0.0898 0.9954 -0.0334
vn -0.1121 0.9929 -0.0386
vn -0.0713 0.9958 -0.0563
vn -0.0306 0.9952 -0.0926
vn -0.0414 0.9902 -0.1331
vn -0.0564 0.9852 -0.1620
vn -0.0662 0.9803 -0.1860
vn -0.0792 0.9725 -0.2188
vn -0.0805 0.9617 -0.2619
vn -0.0432 0.9524 -0.3018
vn -0.0117 0.9440 -0.3296
vn -0.0089 0.9383 -0.3456
vn -0.0057 0.9374 -0.3482
vn 0.0161 0.9391 -0.3432
vn 0.0528 0.9396 -0.3381
vn 0.0711 0.9404 -0.3324
vn 0.0811 0.9443 -0.3189
vn 0.0884 0.9517 -0.2940
vn 0.0852 0.9615 -0.2613
vn 0.0821 0.9715 -0.2223
vn 0.0734 0.9808 -0.1806
vn 0.0609 0.9881 -0.1410
vn 0.0400 0.9936 -0.1052
vn 0.0004 0.9970 -0.0775
vn -0.0210 0.9980 -0.0586
vn -0.0167 0.9988 -0.0461
vn -0.0135 0.9991 -0.0391
vn -0.0077 0.9993 -0.0360
vn -0.0008 0.9994 -0.0349
vn -0.0025 0.9995 -0.0330
vn -0.0068 0.9996 -0.0267
vn -0.0143 0.9997 -0.0171
vn -0.0329 0.9994 -0.0087
vn -0.0456 0.9989 -0.0035
vn -0.0323 0.9995 0.0023
vn -0.0193 0.9997 0.0118
vn 0.0106 0.9997 0.0219
vn 0.0510 0.9983 0.0284
vn 0.0647 0.9974 0.0322
vn 0.0714 0.9969 0.0340
vn 0.0760 0.9965 0.0343
vn 0.0813 0.9961 0.0340
vn -0.0063 0.9886 -0.1503
vn 0.0272 0.9861 -0.1636
vn -0.0383 0.9890 -0.1431
vn -0.0856 0.9865 -0.1392
vn -0.0804 0.9872 -0.1377
vn 0.0121 0.9909 -0.1337
vn 0.0789 0.9891 -0.1241
vn 0.0954 0.9886 -0.1165
vn 0.1120 0.9869 -0.1162
vn 0.0812 0.9899 -0.1163
vn 0.0376 0.9936 -0.1067
vn 0.0311 0.9953 -0.0915
vn 0.0454 0.9956 -0.0813
vn 0.0505 0.9956 -0.0783
vn 0.0287 0.9967 -0.0759
vn 0.0100 0.9975 -0.0699
vn 0.0146 0.9979 -0.0623
vn 0.0200 0.9983 -0.0547
vn -0.0008 0.9989 -0.0470
vn -0.0385 0.9985 -0.0394
vn -0.0620 0.9975 -0.0328
vn -0.0880 0.9956 -0.0311
vn -0.1061 0.9937 -0.0360
vn -0.0508 0.9973 -0.0535
vn 0.0044 0.9959 -0.0897
vn -0.0137 0.9914 -0.1301
vn -0.0389 0.9865 -0.1588
vn -0.0462 0.9821 -0.1824
vn -0.0469 0.9753 -0.2156
vn -0.0428 0.9648 -0.2593
vn -0.0155 0.9540 -0.2994
vn 0.0075 0.9449 -0.3274
vn -0.0004 0.9391 -0.3436
vn -0.0096 0.9380 -0.3463
vn 0.0114 0.9398 -0.3413
vn 0.0496 0.9404 -0.3363
vn 0.0652 0.9415 -0.3305
vn 0.0641 0.9463 -0.3170
vn 0.0635 0.9543 -0.2918
vn 0.0558 0.9644 -0.2586
vn 0.0481 0.9745 -0.2192
vn 0.0411 0.9833 -0.1773
vn 0.0311 0.9900 -0.1377
vn 0.0146 0.9946 -0.1022
vn -0.0164 0.9970 -0.0750
vn -0.0323 0.9978 -0.0570
vn -0.0237 0.9987 -0.0456
vn -0.0165 0.9991 -0.0393
vn -0.0093 0.9993 -0.0363
vn -0.0010 0.9994 -0.0352
vn -0.0051 0.9994 -0.0333
vn -0.0137 0.9995 -0.0271
vn -0.0221 0.9996 -0.0173
vn -0.0379 0.9992 -0.0089
vn -0.0486 0.9988 -0.0037
vn -0.0382 0.9992 0.0021
vn -0.0280 0.9995 0.0117
vn 0.0040 0.9997 0.0219
vn 0.0474 0.9984 0.0286
vn 0.0625 0.9975 0.0324
vn 0.0707 0.9969 0.0344
vn 0.0761 0.9965 0.0349
vn 0.0814 0.9961 0.0349
vn -0.0129 0.9894 -0.1445
vn 0.0137 0.9875 -0.1568
vn -0.0420 0.9895 -0.1382
vn -0.0861 0.9869 -0.1360
vn -0.0808 0.9873 -0.1367
vn 0.0068 0.9909 -0.1343
vn 0.0700 0.9897 -0.1248
vn 0.0920 0.9890 -0.1161
vn 0.1140 0.9869 -0.1141
vn 0.0778 0.9905 -0.1130
vn 0.0265 0.9942 -0.1045
vn 0.0203 0.9956 -0.0914
vn 0.0407 0.9958 -0.0815
vn 0.0490 0.9958 -0.0763
vn 0.0253 0.9970 -0.0724
vn 0.0050 0.9977 -0.0674
vn 0.0095 0.9980 -0.0619
vn 0.0148 0.9983 -0.0561
vn -0.0060 0.9987 -0.0502
vn -0.0435 0.9980 -0.0445
vn -0.0653 0.9970 -0.0401
vn -0.0853 0.9955 -0.0409
vn -0.0992 0.9939 -0.0484
vn -0.0314 0.9973 -0.0657
vn 0.0361 0.9947 -0.0959
vn 0.0107 0.9917 -0.1279
vn -0.0245 0.9885 -0.1490
vn -0.0290 0.9857 -0.1658
vn -0.0169 0.9811 -0.1925
vn -0.0071 0.9731 -0.2304
vn 0.0114 0.9637 -0.2665
vn 0.0269 0.9557 -0.2930
vn 0.0088 0.9507 -0.3099
vn -0.0121 0.9489 -0.3151
vn 0.0078 0.9496 -0.3133
vn 0.0469 0.9497 -0.3096
vn 0.0596 0.9509 -0.3038
vn 0.0475 0.9558 -0.2900
vn 0.0391 0.9633 -0.2653
vn 0.0276 0.9719 -0.2339
vn 0.0162 0.9799 -0.1986
vn 0.0107 0.9868 -0.1618
vn 0.0029 0.9919 -0.1267
vn -0.0091 0.9954 -0.0951
vn -0.0313 0.9969 -0.0720
vn -0.0418 0.9974 -0.0582
vn -0.0298 0.9983 -0.0495
vn -0.0197 0.9988 -0.0438
vn -0.0112 0.9991 -0.0401
vn -0.0016 0.9993 -0.0380
vn -0.0079 0.9993 -0.0353
vn -0.0206 0.9994 -0.0288
vn -0.0298 0.9994 -0.0195
vn -0.0426 0.9990 -0.0116
vn -0.0514 0.9986 -0.0070
vn -0.0437 0.9990 -0.0020
vn -0.0362 0.9993 0.0062
vn -0.0023 0.9999 0.0150
vn 0.0436 0.9988 0.0215
vn 0.0601 0.9978 0.0257
vn 0.0700 0.9971 0.0277
vn 0.0763 0.9967 0.0279
vn 0.0813 0.9963 0.0279
vn -0.0185 0.9920 -0.1245
vn 0.0027 0.9911 -0.1333
vn -0.0438 0.9916 -0.1213
vn -0.0827 0.9887 -0.1251
vn -0.0773 0.9880 -0.1335
vn 0.0026 0.9907 -0.1360
vn 0.0601 0.9901 -0.1267
vn 0.0863 0.9896 -0.1148
vn 0.1124 0.9879 -0.1066
vn 0.0741 0.9921 -0.1013
vn 0.0197 0.9951 -0.0967
vn 0.0128 0.9957 -0.0912
vn 0.0336 0.9960 -0.0820
vn 0.0425 0.9967 -0.0694
vn 0.0217 0.9980 -0.0601
vn 0.0038 0.9983 -0.0587
vn 0.0078 0.9981 -0.0604
vn 0.0127 0.9980 -0.0612
vn -0.0080 0.9980 -0.0616
vn -0.0451 0.9970 -0.0624
vn -0.0646 0.9958 -0.0653
vn -0.0782 0.9941 -0.0744
vn -0.0874 0.9920 -0.0909
vn -0.0173 0.9940 -0.1075
vn 0.0525 0.9917 -0.1172
vn 0.0210 0.9925 -0.1202
vn -0.0227 0.9931 -0.1148
vn -0.0239 0.9940 -0.1070
vn 0.0013 0.9939 -0.1099
vn 0.0180 0.9918 -0.1261
vn 0.0330 0.9886 -0.1470
vn 0.0457 0.9848 -0.1675
vn 0.0207 0.9823 -0.1861
vn -0.0083 0.9796 -0.2006
vn 0.0093 0.9776 -0.2100
vn 0.0457 0.9762 -0.2119
vn 0.0543 0.9771 -0.2058
vn 0.0319 0.9810 -0.1914
vn 0.0164 0.9857 -0.1675
vn 0.0057 0.9898 -0.1425
vn -0.0049 0.9923 -0.1238
vn -0.0103 0.9942 -0.1071
vn -0.0183 0.9959 -0.0883
vn -0.0261 0.9972 -0.0706
vn -0.0390 0.9973 -0.0616
vn -0.0444 0.9971 -0.0621
vn -0.0331 0.9974 -0.0630
vn -0.0237 0.9980 -0.0590
vn -0.0145 0.9985 -0.0530
vn -0.0040 0.9988 -0.0477
vn -0.0118 0.9990 -0.0421
vn -0.0272 0.9990 -0.0349
vn -0.0365 0.9990 -0.0269
vn -0.0464 0.9987 -0.0209
vn -0.0532 0.9984 -0.0183
vn -0.0473 0.9987 -0.0162
vn -0.0415 0.9991 -0.0128
vn -0.0071 0.9999 -0.0083
vn 0.0394 0.9992 -0.0028
vn 0.0573 0.9984 0.0023
vn 0.0698 0.9975 0.0044
vn 0.0772 0.9970 0.0035
vn 0.0804 0.9967 0.0035
vn -0.0225 0.9936 -0.1103
vn -0.0050 0.9931 -0.1167
vn -0.0429 0.9931 -0.1093
vn -0.0743 0.9903 -0.1174
vn -0.0687 0.9890 -0.1313
vn -0.0002 0.9905 -0.1372
vn 0.0490 0.9905 -0.1281
vn 0.0775 0.9904 -0.1139
vn 0.1059 0.9892 -0.1014
vn 0.0698 0.9932 -0.0931
vn 0.0186 0.9957 -0.0911
vn 0.0096 0.9958 -0.0910
vn 0.0232 0.9963 -0.0824
vn 0.0296 0.9974 -0.0647
vn 0.0176 0.9985 -0.0519
vn 0.0074 0.9986 -0.0527
vn 0.0105 0.9982 -0.0593
vn 0.0144 0.9978 -0.0644
vn -0.0060 0.9976 -0.0688
vn -0.0420 0.9963 -0.0746
vn -0.0587 0.9948 -0.0832
vn -0.0652 0.9930 -0.0981
vn -0.0693 0.9902 -0.1213
vn -0.0101 0.9904 -0.1376
vn 0.0489 0.9900 -0.1325
vn 0.0128 0.9933 -0.1147
vn -0.0375 0.9952 -0.0903
vn -0.0349 0.9973 -0.0647
vn 0.0035 0.9987 -0.0503
vn 0.0284 0.9984 -0.0498
vn 0.0463 0.9972 -0.0586
vn 0.0619 0.9953 -0.0746
vn 0.0355 0.9949 -0.0947
vn 0.0046 0.9932 -0.1159
vn 0.0174 0.9908 -0.1339
vn 0.0449 0.9891 -0.1403
vn 0.0472 0.9898 -0.1343
vn 0.0167 0.9927 -0.1192
vn -0.0048 0.9954 -0.0960
vn -0.0079 0.9971 -0.0761
vn -0.0109 0.9975 -0.0697
vn -0.0188 0.9975 -0.0678
vn -0.0297 0.9977 -0.0610
vn -0.0341 0.9980 -0.0536
vn -0.0372 0.9978 -0.0545
vn -0.0379 0.9972 -0.0649
vn -0.0331 0.9968 -0.0726
vn -0.0290 0.9971 -0.0698
vn -0.0196 0.9979 -0.0622
vn -0.0089 0.9984 -0.0546
vn -0.0171 0.9987 -0.0469
vn -0.0332 0.9987 -0.0392
vn -0.0420 0.9986 -0.0321
vn -0.0490 0.9984 -0.0276
vn -0.0537 0.9982 -0.0262
vn -0.0483 0.9985 -0.0262
vn -0.0431 0.9987 -0.0262
vn -0.0101 0.9996 -0.0249
vn 0.0345 0.9992 -0.0201
vn 0.0537 0.9984 -0.0142
vn 0.0700 0.9975 -0.0120
vn 0.0789 0.9968 -0.0138
vn 0.0786 0.9968 -0.0138
vn -0.0258 0.9936 -0.1103
vn -0.0115 0.9931 -0.1165
vn -0.0409 0.9931 -0.1093
vn -0.0636 0.9910 -0.1175
vn -0.0579 0.9896 -0.1314
vn -0.0024 0.9905 -0.1372
vn 0.0374 0.9910 -0.1282
vn 0.0673 0.9912 -0.1140
vn 0.0973 0.9901 -0.1015
vn 0.0653 0.9935 -0.0931
vn 0.0198 0.9956 -0.0911
vn 0.0081 0.9958 -0.0910
vn 0.0116 0.9965 -0.0825
vn 0.0140 0.9978 -0.0647
vn 0.0135 0.9985 -0.0519
vn 0.0129 0.9985 -0.0527
vn 0.0151 0.9981 -0.0593
vn 0.0173 0.9978 -0.0641
vn -0.0022 0.9977 -0.0684
vn -0.0366 0.9966 -0.0744
vn -0.0508 0.9952 -0.0832
vn -0.0501 0.9939 -0.0982
vn -0.0490 0.9914 -0.1212
vn -0.0058 0.9905 -0.1372
vn 0.0371 0.9905 -0.1323
vn -0.0030 0.9934 -0.1147
vn -0.0591 0.9941 -0.0902
vn -0.0525 0.9965 -0.0647
vn -0.0009 0.9987 -0.0503
vn 0.0320 0.9982 -0.0496
vn 0.0559 0.9967 -0.0581
vn 0.0766 0.9943 -0.0738
vn 0.0513 0.9943 -0.0937
vn 0.0219 0.9930 -0.1155
vn 0.0283 0.9906 -0.1337
vn 0.0440 0.9892 -0.1398
vn 0.0391 0.9902 -0.1341
vn 0.0014 0.9929 -0.1193
vn -0.0252 0.9950 -0.0962
vn -0.0179 0.9969 -0.0765
vn -0.0107 0.9975 -0.0699
vn -0.0220 0.9974 -0.0678
vn -0.0371 0.9974 -0.0608
vn -0.0384 0.9978 -0.0531
vn -0.0314 0.9980 -0.0543
vn -0.0276 0.9975 -0.0649
vn -0.0315 0.9969 -0.0726
vn -0.0349 0.9969 -0.0698
vn -0.0255 0.9977 -0.0622
vn -0.0147 0.9984 -0.0545
vn -0.0229 0.9986 -0.0469
vn -0.0391 0.9984 -0.0392
vn -0.0469 0.9984 -0.0321
vn -0.0510 0.9983 -0.0276
vn -0.0123 0.9996 -0.0249
vn 0.0295 0.9994 -0.0201
vn 0.0498 0.9986 -0.0142
vn 0.0706 0.9974 -0.0120
vn 0.0811 0.9966 -0.0138
vn 0.0764 0.9969 -0.0138
vn -0.0267 0.9954 -0.0923
vn -0.0157 0.9956 -0.0925
vn -0.0368 0.9945 -0.0977
vn -0.0516 0.9925 -0.1104
vn -0.0462 0.9908 -0.1272
vn -0.0038 0.9908 -0.1352
vn 0.0267 0.9913 -0.1286
vn 0.0568 0.9917 -0.1150
vn 0.0869 0.9912 -0.0996
vn 0.0599 0.9943 -0.0877
vn 0.0218 0.9961 -0.0855
vn 0.0077 0.9961 -0.0875
vn 0.0009 0.9966 -0.0817
vn -0.0007 0.9978 -0.0664
vn 0.0091 0.9985 -0.0543
vn 0.0174 0.9984 -0.0536
vn 0.0184 0.9982 -0.0571
vn 0.0190 0.9981 -0.0587
vn 0.0005 0.9982 -0.0599
vn -0.0319 0.9975 -0.0635
vn -0.0434 0.9966 -0.0706
vn -0.0357 0.9958 -0.0840
vn -0.0298 0.9940 -0.1047
vn -0.0015 0.9928 -0.1194
vn 0.0266 0.9929 -0.1159
vn -0.0164 0.9946 -0.1026
vn -0.0764 0.9933 -0.0868
vn -0.0674 0.9952 -0.0705
vn -0.0079 0.9984 -0.0565
vn 0.0305 0.9985 -0.0460
vn 0.0620 0.9971 -0.0433
vn 0.0888 0.9947 -0.0511
vn 0.0659 0.9956 -0.0662
vn 0.0397 0.9955 -0.0865
vn 0.0387 0.9938 -0.1043
vn 0.0423 0.9931 -0.1089
vn 0.0311 0.9943 -0.1019
vn -0.0119 0.9959 -0.0894
vn -0.0421 0.9964 -0.0735
vn -0.0268 0.9978 -0.0602
vn -0.0117 0.9984 -0.0541
vn -0.0248 0.9984 -0.0514
vn -0.0426 0.9980 -0.0475
vn -0.0410 0.9981 -0.0446
vn -0.0261 0.9985 -0.0469
vn -0.0193 0.9983 -0.0541
vn -0.0302 0.9978 -0.0590
vn -0.0394 0.9975 -0.0577
vn -0.0308 0.9981 -0.0526
vn -0.0210 0.9987 -0.0453
vn -0.0287 0.9989 -0.0373
vn -0.0440 0.9985 -0.0310
vn -0.0506 0.9984 -0.0269
vn -0.0519 0.9983 -0.0254
vn -0.0528 0.9982 -0.0266
vn -0.0469 0.9984 -0.0296
vn -0.0412 0.9986 -0.0338
vn -0.0128 0.9992 -0.0369
vn 0.0258 0.9990 -0.0361
vn 0.0467 0.9984 -0.0331
vn 0.0704 0.9970 -0.0310
vn 0.0820 0.9962 -0.0303
vn 0.0734 0.9969 -0.0276
vn -0.0207 0.9978 -0.0632
vn -0.0150 0.9984 -0.0542
vn -0.0269 0.9965 -0.0787
vn -0.0363 0.9944 -0.0988
vn -0.0321 0.9922 -0.1203
vn -0.0027 0.9912 -0.1320
vn 0.0183 0.9915 -0.1291
vn 0.0450 0.9922 -0.1165
vn 0.0718 0.9927 -0.0965
vn 0.0523 0.9955 -0.0790
vn 0.0251 0.9968 -0.0757
vn 0.0099 0.9967 -0.0808
vn -0.0065 0.9968 -0.0798
vn -0.0127 0.9975 -0.0698
vn 0.0042 0.9982 -0.0598
vn 0.0187 0.9983 -0.0558
vn 0.0181 0.9984 -0.0536
vn 0.0172 0.9986 -0.0494
vn 0.0002 0.9990 -0.0455
vn -0.0290 0.9985 -0.0454
vn -0.0374 0.9980 -0.0500
vn -0.0231 0.9979 -0.0609
vn -0.0129 0.9968 -0.0785
vn 0.0027 0.9958 -0.0916
vn 0.0184 0.9958 -0.0898
vn -0.0238 0.9962 -0.0830
vn -0.0822 0.9933 -0.0813
vn -0.0752 0.9940 -0.0799
vn -0.0214 0.9976 -0.0664
vn 0.0156 0.9991 -0.0398
vn 0.0587 0.9981 -0.0185
vn 0.0952 0.9953 -0.0142
vn 0.0773 0.9967 -0.0221
vn 0.0569 0.9976 -0.0390
vn 0.0484 0.9973 -0.0559
vn 0.0388 0.9975 -0.0589
vn 0.0226 0.9985 -0.0499
vn -0.0199 0.9990 -0.0407
vn -0.0495 0.9981 -0.0366
vn -0.0321 0.9989 -0.0335
vn -0.0150 0.9995 -0.0284
vn -0.0265 0.9993 -0.0246
vn -0.0424 0.9987 -0.0266
vn -0.0394 0.9987 -0.0319
vn -0.0231 0.9991 -0.0356
vn -0.0161 0.9992 -0.0365
vn -0.0293 0.9989 -0.0370
vn -0.0404 0.9984 -0.0382
vn -0.0346 0.9987 -0.0371
vn -0.0280 0.9991 -0.0302
vn -0.0343 0.9991 -0.0217
vn -0.0463 0.9987 -0.0177
vn -0.0509 0.9985 -0.0184
vn -0.0501 0.9985 -0.0219
vn -0.0495 0.9984 -0.0273
vn -0.0420 0.9985 -0.0351
vn -0.0347 0.9983 -0.0460
vn -0.0090 0.9984 -0.0564
vn 0.0258 0.9977 -0.0621
vn 0.0454 0.9969 -0.0635
vn 0.0687 0.9957 -0.0617
vn 0.0795 0.9952 -0.0570
vn 0.0684 0.9964 -0.0501
vn -0.0088 0.9986 -0.0520
vn -0.0103 0.9991 -0.0393
vn -0.0120 0.9973 -0.0714
vn -0.0179 0.9954 -0.0945
vn -0.0160 0.9929 -0.1176
vn 0.0003 0.9914 -0.1307
vn 0.0120 0.9915 -0.1293
vn 0.0322 0.9926 -0.1171
vn 0.0528 0.9940 -0.0956
vn 0.0428 0.9962 -0.0761
vn 0.0290 0.9969 -0.0721
vn 0.0143 0.9969 -0.0779
vn -0.0108 0.9968 -0.0790
vn -0.0219 0.9972 -0.0713
vn -0.0011 0.9980 -0.0623
vn 0.0168 0.9982 -0.0569
vn 0.0149 0.9985 -0.0525
vn 0.0124 0.9988 -0.0463
vn -0.0024 0.9992 -0.0404
vn -0.0276 0.9988 -0.0389
vn -0.0326 0.9986 -0.0424
vn -0.0122 0.9986 -0.0520
vn 0.0022 0.9977 -0.0684
vn 0.0071 0.9967 -0.0807
vn 0.0120 0.9967 -0.0797
vn -0.0258 0.9968 -0.0755
vn -0.0781 0.9937 -0.0795
vn -0.0770 0.9935 -0.0840
vn -0.0407 0.9967 -0.0704
vn -0.0110 0.9992 -0.0374
vn 0.0472 0.9988 -0.0089
vn 0.0966 0.9953 0.0000
vn 0.0857 0.9963 -0.0050
vn 0.0732 0.9971 -0.0204
vn 0.0576 0.9977 -0.0368
vn 0.0338 0.9986 -0.0394
vn 0.0132 0.9995 -0.0297
vn -0.0234 0.9995 -0.0220
vn -0.0489 0.9985 -0.0224
vn -0.0345 0.9991 -0.0233
vn -0.0202 0.9996 -0.0185
vn -0.0273 0.9995 -0.0143
vn -0.0370 0.9991 -0.0184
vn -0.0342 0.9990 -0.0269
vn -0.0220 0.9992 -0.0314
vn -0.0173 0.9994 -0.0302
vn -0.0289 0.9991 -0.0287
vn -0.0383 0.9988 -0.0307
vn -0.0372 0.9988 -0.0312
vn -0.0359 0.9991 -0.0245
vn -0.0397 0.9991 -0.0157
vn -0.0464 0.9988 -0.0126
vn -0.0483 0.9987 -0.0151
vn -0.0460 0.9987 -0.0205
vn -0.0441 0.9986 -0.0276
vn -0.0340 0.9987 -0.0372
vn -0.0241 0.9984 -0.0507
vn -0.0016 0.9980 -0.0638
vn 0.0289 0.9970 -0.0720
vn 0.0459 0.9961 -0.0752
vn 0.0656 0.9951 -0.0735
vn 0.0741 0.9950 -0.0672
vn 0.0616 0.9964 -0.0586
vn 0.1349 0.9891 -0.0584
vn 0.0968 0.9935 -0.0599
vn 0.1306 0.9896 -0.0595
vn 0.0513 0.9962 -0.0698
vn 0.0062 0.9963 -0.0851
vn -0.0623 0.9935 -0.0953
vn -0.1047 0.9893 -0.1011
vn -0.1492 0.9831 -0.1062
vn -0.1806 0.9771 -0.1124
vn -0.1605 0.9802 -0.1156
vn -0.1409 0.9839 -0.1094
vn -0.0668 0.9929 -0.0983
vn 0.0372 0.9957 -0.0849
vn 0.1078 0.9918 -0.0679
vn 0.1990 0.9789 -0.0464
vn 0.2568 0.9662 -0.0229
vn 0.3016 0.9534 -0.0068
vn 0.3390 0.9408 -0.0041
vn 0.3068 0.9518 -0.0039
vn 0.2687 0.9632 0.0049
vn 0.2367 0.9714 0.0171
vn 0.1901 0.9814 0.0242
vn 0.1652 0.9859 0.0254
vn 0.1492 0.9885 0.0229
vn 0.1374 0.9904 0.0176
vn 0.1035 0.9945 0.0130
vn 0.0703 0.9974 0.0130
vn 0.0496 0.9987 0.0123
vn 0.0204 0.9998 0.0021
vn 0.0266 0.9996 -0.0117
vn 0.0597 0.9981 -0.0147
vn 0.0798 0.9968 -0.0048
vn 0.0889 0.9960 0.0055
vn 0.0704 0.9975 0.0067
vn 0.0397 0.9992 -0.0002
vn 0.0171 0.9998 -0.0091
vn -0.0136 0.9998 -0.0132
vn -0.0268 0.9996 -0.0112
vn -0.0291 0.9995 -0.0058
vn -0.0302 0.9995 0.0011
vn 0.0093 0.9999 0.0063
vn 0.0476 0.9988 0.0058
vn 0.0209 0.9998 -0.0006
vn -0.0149 0.9998 -0.0120
vn -0.0267 0.9994 -0.0227
vn -0.0312 0.9993 -0.0217
vn -0.0349 0.9993 -0.0083
vn -0.0424 0.9991 0.0028
vn -0.0489 0.9988 0.0038
vn -0.0193 0.9998 0.0001
vn 0.0153 0.9998 -0.0063
vn 0.0281 0.9995 -0.0138
vn 0.0423 0.9989 -0.0189
vn 0.0382 0.9990 -0.0215
vn 0.0072 0.9998 -0.0196
vn -0.0143 0.9998 -0.0113
vn -0.0420 0.9991 -0.0018
vn -0.0691 0.9976 0.0039
vn -0.0454 0.9989 0.0077
vn -0.0127 0.9998 0.0121
vn -0.0001 0.9999 0.0155
vn 0.0095 0.9998 0.0152
vn 0.0166 0.9998 0.0124
vn 0.0224 0.9997 0.0090
vn 0.0268 0.9996 0.0071
vn 0.0283 0.9996 0.0071
vn 0.0317 0.9995 0.0069
vn 0.0382 0.9992 0.0069
vn 0.0486 0.9988 0.0073
vn 0.0603 0.9981 0.0072
vn 0.0693 0.9976 -0.0007
vn 0.0721 0.9973 -0.0118
vn 0.0702 0.9974 -0.0149
vn 0.0672 0.9976 -0.0157
vn 0.0619 0.9975 -0.0337
vn 0.0523 0.9973 -0.0510
vn 0.0406 0.9979 -0.0510
vn 0.0308 0.9983 -0.0495
vn 0.0284 0.9985 -0.0458
vn 0.0343 0.9985 -0.0427
vn 0.0427 0.9982 -0.0422
vn 0.0501 0.9982 -0.0317
vn 0.0558 0.9983 -0.0165
vn 0.0595 0.9981 -0.0113
vn 0.0620 0.9980 -0.0107
vn 0.0646 0.9979 -0.0068
vn 0.0675 0.9977 -0.0025
vn 0.0704 0.9975 -0.0025
vn 0.0728 0.9973 -0.0062
vn 0.0732 0.9972 -0.0168
vn 0.0713 0.9972 -0.0237
vn 0.0684 0.9974 -0.0237
vn 0.0640 0.9977 -0.0240
vn 0.0559 0.9981 -0.0246
vn 0.0449 0.9987 -0.0248
vn 0.0332 0.9991 -0.0248
vn 0.0222 0.9991 -0.0349
vn 0.0127 0.9989 -0.0448
vn 0.0039 0.9990 -0.0448
vn -0.0056 0.9986 -0.0522
vn -0.0180 0.9970 -0.0745
vn -0.0340 0.9954 -0.0894
vn -0.0515 0.9947 -0.0893
vn -0.0651 0.9957 -0.0659
vn -0.0679 0.9973 -0.0290
vn -0.0611 0.9980 -0.0160
vn -0.0520 0.9985 -0.0164
vn -0.0461 0.9985 -0.0286
vn -0.0460 0.9981 -0.0410
vn -0.0488 0.9980 -0.0412
vn -0.0497 0.9979 -0.0407
vn -0.0420 0.9983 -0.0391
vn -0.0231 0.9990 -0.0380
vn 0.0003 0.9993 -0.0380
vn 0.0224 0.9992 -0.0328
vn 0.0408 0.9988 -0.0245
vn 0.0562 0.9982 -0.0215
vn 0.0708 0.9973 -0.0215
vn 0.0819 0.9966 0.0056
vn 0.0857 0.9957 0.0339
vn 0.0858 0.9957 0.0349
vn 0.0855 0.9959 0.0280
vn 0.0832 0.9965 0.0044
vn 0.0784 0.9968 -0.0124
vn 0.0726 0.9973 -0.0124
vn 0.0663 0.9975 -0.0251
vn 0.0591 0.9972 -0.0461
vn 0.0513 0.9972 -0.0540
vn 0.0473 0.9974 -0.0535
vn 0.0580 0.9966 -0.0584
vn 0.0711 0.9952 -0.0672
vn 0.0639 0.9952 -0.0735
vn 0.0464 0.9961 -0.0752
vn 0.0310 0.9969 -0.0720
vn 0.0027 0.9980 -0.0638
vn -0.0182 0.9985 -0.0507
vn -0.0296 0.9988 -0.0372
vn -0.0412 0.9987 -0.0276
vn -0.0435 0.9988 -0.0205
vn -0.0467 0.9988 -0.0151
vn -0.0461 0.9988 -0.0126
vn -0.0424 0.9990 -0.0157
vn -0.0399 0.9989 -0.0245
vn -0.0383 0.9988 -0.0312
vn -0.0369 0.9988 -0.0307
vn -0.0288 0.9991 -0.0289
vn -0.0186 0.9993 -0.0307
vn -0.0217 0.9992 -0.0316
vn -0.0312 0.9991 -0.0269
vn -0.0336 0.9992 -0.0184
vn -0.0276 0.9995 -0.0143
vn -0.0232 0.9995 -0.0185
vn -0.0352 0.9991 -0.0233
vn -0.0475 0.9986 -0.0224
vn -0.0245 0.9995 -0.0220
vn 0.0084 0.9995 -0.0297
vn 0.0312 0.9987 -0.0396
vn 0.0621 0.9973 -0.0373
vn 0.0812 0.9965 -0.0207
vn 0.0894 0.9960 -0.0049
vn 0.0404 0.9991 -0.0089
vn -0.0259 0.9990 -0.0374
vn -0.0511 0.9962 -0.0707
vn -0.0771 0.9934 -0.0844
vn -0.0745 0.9940 -0.0797
vn -0.0261 0.9968 -0.0755
vn 0.0091 0.9968 -0.0797
vn 0.0093 0.9967 -0.0807
vn 0.0095 0.9976 -0.0684
vn -0.0070 0.9986 -0.0520
vn -0.0305 0.9986 -0.0426
vn -0.0270 0.9988 -0.0393
vn -0.0041 0.9991 -0.0409
vn 0.0096 0.9988 -0.0467
vn 0.0130 0.9985 -0.0527
vn 0.0153 0.9983 -0.0569
vn -0.0038 0.9980 -0.0623
vn -0.0261 0.9971 -0.0713
vn -0.0125 0.9968 -0.0792
vn 0.0168 0.9968 -0.0783
vn 0.0309 0.9969 -0.0725
vn 0.0378 0.9963 -0.0765
vn 0.0428 0.9945 -0.0958
vn 0.0257 0.9928 -0.1171
vn 0.0090 0.9915 -0.1293
vn 0.0021 0.9914 -0.1307
vn -0.0076 0.9930 -0.1176
vn -0.0084 0.9955 -0.0945
vn -0.0038 0.9974 -0.0714
vn -0.0020 0.9986 -0.0520
vn -0.0074 0.9992 -0.0391
vn -0.0118 0.9993 -0.0355
vn -0.0121 0.9993 -0.0350
vn -0.0103 0.9986 -0.0520
vn -0.0064 0.9955 -0.0938
vn 0.0007 0.9927 -0.1205
vn 0.0098 0.9926 -0.1210
vn 0.0208 0.9901 -0.1391
vn 0.0365 0.9856 -0.1651
vn 0.0558 0.9834 -0.1724
vn 0.0757 0.9822 -0.1717
vn 0.0905 0.9831 -0.1588
vn 0.0952 0.9846 -0.1463
vn 0.0948 0.9846 -0.1467
vn 0.0918 0.9830 -0.1589
vn 0.0768 0.9787 -0.1903
vn 0.0477 0.9764 -0.2104
vn 0.0134 0.9774 -0.2106
vn -0.0174 0.9762 -0.2162
vn -0.0397 0.9737 -0.2242
vn -0.0555 0.9724 -0.2265
vn -0.0697 0.9717 -0.2256
vn -0.0840 0.9805 -0.1773
vn -0.0968 0.9869 -0.1286
vn -0.1083 0.9858 -0.1284
vn -0.1202 0.9883 -0.0932
vn -0.1322 0.9911 0.0109
vn -0.1432 0.9865 0.0790
vn -0.1545 0.9848 0.0789
vn -0.1628 0.9827 0.0883
vn -0.1639 0.9811 0.1023
vn -0.1596 0.9814 0.1069
vn -0.1540 0.9822 0.1070
vn -0.1456 0.9867 0.0726
vn -0.1314 0.9906 0.0374
vn -0.1145 0.9927 0.0369
vn -0.0981 0.9948 0.0283
vn -0.0831 0.9965 0.0003
vn -0.0705 0.9973 -0.0187
vn -0.0588 0.9981 -0.0187
vn -0.0476 0.9980 -0.0406
vn -0.0375 0.9965 -0.0743
vn -0.0285 0.9959 -0.0860
vn -0.0197 0.9961 -0.0860
vn -0.0130 0.9916 -0.1285
vn -0.0107 0.9851 -0.1717
vn -0.0106 0.9849 -0.1727
vn -0.0091 0.9843 -0.1765
vn -0.0009 0.9820 -0.1889
vn 0.0157 0.9801 -0.1976
vn 0.0358 0.9796 -0.1975
vn 0.0574 0.9873 -0.1481
vn 0.0811 0.9943 -0.0688
vn 0.1063 0.9935 -0.0397
vn 0.1325 0.9904 -0.0401
vn 0.1511 0.9884 -0.0140
vn 0.1538 0.9880 0.0125
vn 0.1485 0.9888 0.0136
vn 0.1428 0.9897 0.0087
vn 0.1372 0.9905 -0.0087
vn 0.1310 0.9911 -0.0206
vn 0.1249 0.9919 -0.0211
vn 0.1214 0.9920 -0.0329
vn 0.1235 0.9910 -0.0521
usemtl rastMat.001
s 1
f 257/1/1 258/2/2 321/3/3 320/4/4
f 258/2/2 259/5/5 322/6/6 321/3/3
f 259/5/5 260/7/7 323/8/8 322/6/6
f 260/7/7 261/9/9 324/10/10 323/8/8
f 261/9/9 262/11/11 325/12/12 324/10/10
f 262/11/11 263/13/13 326/14/14 325/12/12
f 263/13/13 264/15/15 327/16/16 326/14/14
f 264/15/15 265/17/17 328/18/18 327/16/16
f 265/17/17 266/19/19 329/20/20 328/18/18
f 266/19/19 267/21/21 330/22/22 329/20/20
f 267/21/21 268/23/23 331/24/24 330/22/22
f 268/23/23 269/25/25 332/26/26 331/24/24
f 269/25/25 270/27/27 333/28/28 332/26/26
f 270/27/27 271/29/29 334/30/30 333/28/28
f 271/29/29 272/31/31 335/32/32 334/30/30
f 272/31/31 273/33/33 336/34/34 335/32/32
f 273/33/33 274/35/35 337/36/36 336/34/34
f 274/35/35 275/37/37 338/38/38 337/36/36
f 275/37/37 276/39/39 339/40/40 338/38/38
f 276/39/39 277/41/41 340/42/42 339/40/40
f 277/41/41 278/43/43 341/44/44 340/42/42
f 278/43/43 279/45/45 342/46/46 341/44/44
f 279/45/45 280/47/47 343/48/48 342/46/46
f 280/47/47 281/49/49 344/50/50 343/48/48
f 281/49/49 282/51/51 345/52/52 344/50/50
f 282/51/51 283/53/53 346/54/54 345/52/52
f 283/53/53 284/55/55 347/56/56 346/54/54
f 284/55/55 285/57/57 348/58/58 347/56/56
f 285/57/57 286/59/59 349/60/60 348/58/58
f 286/59/59 287/61/61 350/62/62 349/60/60
f 287/61/61 288/63/63 351/64/64 350/62/62
f 288/63/63 289/65/65 352/66/66 351/64/64
f 289/65/65 290/67/67 353/68/68 352/66/66
f 290/67/67 291/69/69 354/70/70 353/68/68
f 291/69/69 292/71/71 355/72/72 354/70/70
f 292/71/71 293/73/73 356/74/74 355/72/72
f 293/73/73 294/75/75 357/76/76 356/74/74
f 294/75/75 295/77/77 358/78/78 357/76/76
f 295/77/77 296/79/79 359/80/80 358/78/78
f 296/79/79 297/81/81 360/82/82 359/80/80
f 297/81/81 298/83/83 361/84/84 360/82/82
f 298/83/83 299/85/85 362/86/86 361/84/84
f 299/85/85 300/87/87 363/88/88 362/86/86
f 300/87/87 301/89/89 364/90/90 363/88/88
f 301/89/89 302/91/91 365/92/92 364/90/90
f 302/91/91 303/93/93 366/94/94 365/92/92
f 303/93/93 304/95/95 367/96/96 366/94/94
f 304/95/95 305/97/97 368/98/98 367/96/96
f 305/97/97 306/99/99 369/100/100 368/98/98
f 306/99/99 307/101/101 370/102/102 369/100/100
f 307/101/101 308/103/103 371/104/104 370/102/102
f 308/103/103 309/105/105 372/106/106 371/104/104
f 309/105/105 310/107/107 373/108/108 372/106/106
f 310/107/107 311/109/109 374/110/110 373/108/108
f 311/109/109 312/111/111 375/112/112 374/110/110
f 312/111/111 313/113/113 376/114/114 375/112/112
f 313/113/113 314/115/115 377/116/116 376/114/114
f 314/115/115 315/117/117 378/118/118 377/116/116
f 315/117/117 316/119/119 379/120/120 378/118/118
f 316/119/119 317/121/121 380/122/122 379/120/120
f 317/121/121 318/123/123 381/124/124 380/122/122
f 318/123/123 319/125/125 382/126/126 381/124/124
f 320/4/4 321/3/3 384/127/127 383/128/128
f 321/3/3 322/6/6 385/129/129 384/127/127
f 322/6/6 323/8/8 386/130/130 385/129/129
f 323/8/8 324/10/10 387/131/131 386/130/130
f 324/10/10 325/12/12 388/132/132 387/131/131
f 325/12/12 326/14/14 389/133/133 388/132/132
f 326/14/14 327/16/16 390/134/134 389/133/133
f 327/16/16 328/18/18 391/135/135 390/134/134
f 328/18/18 329/20/20 392/136/136 391/135/135
f 329/20/20 330/22/22 393/137/137 392/136/136
f 330/22/22 331/24/24 394/138/138 393/137/137
f 331/24/24 332/26/26 395/139/139 394/138/138
f 332/26/26 333/28/28 396/140/140 395/139/139
f 333/28/28 334/30/30 397/141/141 396/140/140
f 334/30/30 335/32/32 398/142/142 397/141/141
f 335/32/32 336/34/34 399/143/143 398/142/142
f 336/34/34 337/36/36 400/144/144 399/143/143
f 337/36/36 338/38/38 401/145/145 400/144/144
f 338/38/38 339/40/40 402/146/146 401/145/145
f 339/40/40 340/42/42 403/147/147 402/146/146
f 340/42/42 341/44/44 404/148/148 403/147/147
f 341/44/44 342/46/46 405/149/149 404/148/148
f 342/46/46 343/48/48 406/150/150 405/149/149
f 343/48/48 344/50/50 407/151/151 406/150/150
f 344/50/50 345/52/52 408/152/152 407/151/151
f 345/52/52 346/54/54 409/153/153 408/152/152
f 346/54/54 347/56/56 410/154/154 409/153/153
f 347/56/56 348/58/58 411/155/155 410/154/154
f 348/58/58 349/60/60 412/156/156 411/155/155
f 349/60/60 350/62/62 413/157/157 412/156/156
f 350/62/62 351/64/64 414/158/158 413/157/157
f 351/64/64 352/66/66 415/159/159 414/158/158
f 352/66/66 353/68/68 416/160/160 415/159/159
f 353/68/68 354/70/70 417/161/161 416/160/160
f 354/70/70 355/72/72 418/162/162 417/161/161
f 355/72/72 356/74/74 419/163/163 418/162/162
f 356/74/74 357/76/76 420/164/164 419/163/163
f 357/76/76 358/78/78 421/165/165 420/164/164
f 358/78/78 359/80/80 422/166/166 421/165/165
f 359/80/80 360/82/82 423/167/167 422/166/166
f 360/82/82 361/84/84 424/168/168 423/167/167
f 361/84/84 362/86/86 425/169/169 424/168/168
f 362/86/86 363/88/88 426/170/170 425/169/169
f 363/88/88 364/90/90 427/171/171 426/170/170
f 364/90/90 365/92/92 428/172/172 427/171/171
f 365/92/92 366/94/94 429/173/173 428/172/172
f 366/94/94 367/96/96 430/174/174 429/173/173
f 367/96/96 368/98/98 431/175/175 430/174/174
f 368/98/98 369/100/100 432/176/176 431/175/175
f 369/100/100 370/102/102 433/177/177 432/176/176
f 370/102/102 371/104/104 434/178/178 433/177/177
f 371/104/104 372/106/106 435/179/179 434/178/178
f 372/106/106 373/108/108 436/180/180 435/179/179
f 373/108/108 374/110/110 437/181/181 436/180/180
f 374/110/110 375/112/112 438/182/182 437/181/181
f 375/112/112 376/114/114 439/183/183 438/182/182
f 376/114/114 377/116/116 440/184/184 439/183/183
f 377/116/116 378/118/118 441/185/185 440/184/184
f 378/118/118 379/120/120 442/186/186 441/185/185
f 379/120/120 380/122/122 443/187/187 442/186/186
f 380/122/122 381/124/124 444/188/188 443/187/187
f 381/124/124 382/126/126 445/189/189 444/188/188
f 383/128/128 384/127/127 447/190/190 446/191/191
f 384/127/127 385/129/129 448/192/192 447/190/190
f 385/129/129 386/130/130 449/193/193 448/192/192
f 386/130/130 387/131/131 450/194/194 449/193/193
f 387/131/131 388/132/132 451/195/195 450/194/194
f 388/132/132 389/133/133 452/196/196 451/195/195
f 389/133/133 390/134/134 453/197/197 452/196/196
f 390/134/134 391/135/135 454/198/198 453/197/197
f 391/135/135 392/136/136 455/199/199 454/198/198
f 392/136/136 393/137/137 456/200/200 455/199/199
f 393/137/137 394/138/138 457/201/201 456/200/200
f 394/138/138 395/139/139 458/202/202 457/201/201
f 395/139/139 396/140/140 459/203/203 458/202/202
f 396/140/140 397/141/141 460/204/204 459/203/203
f 397/141/141 398/142/142 461/205/205 460/204/204
f 398/142/142 399/143/143 462/206/206 461/205/205
f 399/143/143 400/144/144 463/207/207 462/206/206
f 400/144/144 401/145/145 464/208/208 463/207/207
f 401/145/145 402/146/146 465/209/209 464/208/208
f 402/146/146 403/147/147 466/210/210 465/209/209
f 403/147/147 404/148/148 467/211/211 466/210/210
f 404/148/148 405/149/149 468/212/212 467/211/211
f 405/149/149 406/150/150 469/213/213 468/212/212
f 406/150/150 407/151/151 470/214/214 469/213/213
f 407/151/151 408/152/152 471/215/215 470/214/214
f 408/152/152 409/153/153 472/216/216 471/215/215
f 409/153/153 410/154/154 473/217/217 472/216/216
f 410/154/154 411/155/155 474/218/218 473/217/217
f 411/155/155 412/156/156 475/219/219 474/218/218
f 412/156/156 413/157/157 476/220/220 475/219/219
f 413/157/157 414/158/158 477/221/221 476/220/220
f 414/158/158 415/159/159 478/222/222 477/221/221
f 415/159/159 416/160/160 479/223/223 478/222/222
f 416/160/160 417/161/161 480/224/224 479/223/223
f 417/161/161 418/162/162 481/225/225 480/224/224
f 418/162/162 419/163/163 482/226/226 481/225/225
f 419/163/163 420/164/164 483/227/227 482/226/226
f 420/164/164 421/165/165 484/228/228 483/227/227
f 421/165/165 422/166/166 485/229/229 484/228/228
f 422/166/166 423/167/167 486/230/230 485/229/229
f 423/167/167 424/168/168 487/231/231 486/230/230
f 424/168/168 425/169/169 488/232/232 487/231/231
f 425/169/169 426/170/170 489/233/233 488/232/232
f 426/170/170 427/171/171 490/234/234 489/233/233
f 427/171/171 428/172/172 491/235/235 490/234/234
f 428/172/172 429/173/173 492/236/236 491/235/235
f 429/173/173 430/174/174 493/237/237 492/236/236
f 430/174/174 431/175/175 494/238/238 493/237/237
f 431/175/175 432/176/176 495/239/239 494/238/238
f 432/176/176 433/177/177 496/240/240 495/239/239
f 433/177/177 434/178/178 497/241/241 496/240/240
f 434/178/178 435/179/179 498/242/242 497/241/241
f 435/179/179 436/180/180 499/243/243 498/242/242
f 436/180/180 437/181/181 500/244/244 499/243/243
f 437/181/181 438/182/182 501/245/245 500/244/244
f 438/182/182 439/183/183 502/246/246 501/245/245
f 439/183/183 440/184/184 503/247/247 502/246/246
f 440/184/184 441/185/185 504/248/248 503/247/247
f 441/185/185 442/186/186 505/249/249 504/248/248
f 442/186/186 443/187/187 506/250/250 505/249/249
f 443/187/187 444/188/188 507/251/251 506/250/250
f 444/188/188 445/189/189 508/252/252 507/251/251
f 446/191/191 447/190/190 510/253/253 509/254/254
f 447/190/190 448/192/192 511/255/255 510/253/253
f 448/192/192 449/193/193 512/256/256 511/255/255
f 449/193/193 450/194/194 513/257/257 512/256/256
f 450/194/194 451/195/195 514/258/258 513/257/257
f 451/195/195 452/196/196 515/259/259 514/258/258
f 452/196/196 453/197/197 516/260/260 515/259/259
f 453/197/197 454/198/198 517/261/261 516/260/260
f 454/198/198 455/199/199 518/262/262 517/261/261
f 455/199/199 456/200/200 519/263/263 518/262/262
f 456/200/200 457/201/201 520/264/264 519/263/263
f 457/201/201 458/202/202 521/265/265 520/264/264
f 458/202/202 459/203/203 522/266/266 521/265/265
f 459/203/203 460/204/204 523/267/267 522/266/266
f 460/204/204 461/205/205 524/268/268 523/267/267
f 461/205/205 462/206/206 525/269/269 524/268/268
f 462/206/206 463/207/207 526/270/270 525/269/269
f 463/207/207 464/208/208 527/271/271 526/270/270
f 464/208/208 465/209/209 528/272/272 527/271/271
f 465/209/209 466/210/210 529/273/273 528/272/272
f 466/210/210 467/211/211 530/274/274 529/273/273
f 467/211/211 468/212/212 531/275/275 530/274/274
f 468/212/212 469/213/213 532/276/276 531/275/275
f 469/213/213 470/214/214 533/277/277 532/276/276
f 470/214/214 471/215/215 534/278/278 533/277/277
f 471/215/215 472/216/216 535/279/279 534/278/278
f 472/216/216 473/217/217 536/280/280 535/279/279
f 473/217/217 474/218/218 537/281/281 536/280/280
f 474/218/218 475/219/219 538/282/282 537/281/281
f 475/219/219 476/220/220 539/283/283 538/282/282
f 476/220/220 477/221/221 540/284/284 539/283/283
f 477/221/221 478/222/222 541/285/285 540/284/284
f 478/222/222 479/223/223 542/286/286 541/285/285
f 479/223/223 480/224/224 543/287/287 542/286/286
f 480/224/224 481/225/225 544/288/288 543/287/287
f 481/225/225 482/226/226 545/289/289 544/288/288
f 482/226/226 483/227/227 546/290/290 545/289/289
f 483/227/227 484/228/228 547/291/291 546/290/290
f 484/228/228 485/229/229 548/292/292 547/291/291
f 485/229/229 486/230/230 549/293/293 548/292/292
f 486/230/230 487/231/231 550/294/231 549/293/293
f 487/231/231 488/232/232 551/295/294 550/294/231
f 488/232/232 489/233/233 552/296/295 551/295/294
f 489/233/233 490/234/234 553/297/296 552/296/295
f 490/234/234 491/235/235 554/298/297 553/297/296
f 491/235/235 492/236/236 555/299/298 554/298/297
f 492/236/236 493/237/237 556/300/299 555/299/298
f 493/237/237 494/238/238 557/301/300 556/300/299
f 494/238/238 495/239/239 558/302/301 557/301/300
f 495/239/239 496/240/240 559/303/302 558/302/301
f 496/240/240 497/241/241 560/304/303 559/303/302
f 497/241/241 498/242/242 561/305/304 560/304/303
f 498/242/242 499/243/243 562/306/305 561/305/304
f 499/243/243 500/244/244 563/307/306 562/306/305
f 500/244/244 501/245/245 564/308/307 563/307/306
f 501/245/245 502/246/246 565/309/308 564/308/307
f 502/246/246 503/247/247 566/310/309 565/309/308
f 503/247/247 504/248/248 567/311/310 566/310/309
f 504/248/248 505/249/249 568/312/311 567/311/310
f 505/249/249 506/250/250 569/313/312 568/312/311
f 506/250/250 507/251/251 570/314/313 569/313/312
f 507/251/251 508/252/252 571/315/314 570/314/313
f 509/254/254 510/253/253 573/316/315 572/317/316
f 510/253/253 511/255/255 574/318/317 573/316/315
f 511/255/255 512/256/256 575/319/318 574/318/317
f 512/256/256 513/257/257 576/320/319 575/319/318
f 513/257/257 514/258/258 577/321/320 576/320/319
f 514/258/258 515/259/259 578/322/321 577/321/320
f 515/259/259 516/260/260 579/323/322 578/322/321
f 516/260/260 517/261/261 580/324/323 579/323/322
f 517/261/261 518/262/262 581/325/324 580/324/323
f 518/262/262 519/263/263 582/326/325 581/325/324
f 519/263/263 520/264/264 583/327/326 582/326/325
f 520/264/264 521/265/265 584/328/327 583/327/326
f 521/265/265 522/266/266 585/329/328 584/328/327
f 522/266/266 523/267/267 586/330/329 585/329/328
f 523/267/267 524/268/268 587/331/330 586/330/329
f 524/268/268 525/269/269 588/332/331 587/331/330
f 525/269/269 526/270/270 589/333/332 588/332/331
f 526/270/270 527/271/271 590/334/333 589/333/332
f 527/271/271 528/272/272 591/335/334 590/334/333
f 528/272/272 529/273/273 592/336/335 591/335/334
f 529/273/273 530/274/274 593/337/336 592/336/335
f 530/274/274 531/275/275 594/338/337 593/337/336
f 531/275/275 532/276/276 595/339/338 594/338/337
f 532/276/276 533/277/277 596/340/339 595/339/338
f 533/277/277 534/278/278 597/341/340 596/340/339
f 534/278/278 535/279/279 598/342/341 597/341/340
f 535/279/279 536/280/280 599/343/342 598/342/341
f 536/280/280 537/281/281 600/344/343 599/343/342
f 537/281/281 538/282/282 601/345/344 600/344/343
f 538/282/282 539/283/283 602/346/345 601/345/344
f 539/283/283 540/284/284 603/347/346 602/346/345
f 540/284/284 541/285/285 604/348/347 603/347/346
f 541/285/285 542/286/286 605/349/348 604/348/347
f 542/286/286 543/287/287 606/350/349 605/349/348
f 543/287/287 544/288/288 607/351/350 606/350/349
f 544/288/288 545/289/289 608/352/351 607/351/350
f 545/289/289 546/290/290 609/353/352 608/352/351
f 546/290/290 547/291/291 610/354/353 609/353/352
f 547/291/291 548/292/292 611/355/354 610/354/353
f 548/292/292 549/293/293 612/356/355 611/355/354
f 549/293/293 550/294/231 613/357/356 612/356/355
f 550/294/231 551/295/294 614/358/357 613/357/356
f 551/295/294 552/296/295 615/359/358 614/358/357
f 552/296/295 553/297/296 616/360/359 615/359/358
f 553/297/296 554/298/297 617/361/360 616/360/359
f 554/298/297 555/299/298 618/362/361 617/361/360
f 555/299/298 556/300/299 619/363/362 618/362/361
f 556/300/299 557/301/300 620/364/363 619/363/362
f 557/301/300 558/302/301 621/365/364 620/364/363
f 558/302/301 559/303/302 622/366/365 621/365/364
f 559/303/302 560/304/303 623/367/366 622/366/365
f 560/304/303 561/305/304 624/368/367 623/367/366
f 561/305/304 562/306/305 625/369/368 624/368/367
f 562/306/305 563/307/306 626/370/369 625/369/368
f 563/307/306 564/308/307 627/371/370 626/370/369
f 564/308/307 565/309/308 628/372/371 627/371/370
f 565/309/308 566/310/309 629/373/372 628/372/371
f 566/310/309 567/311/310 630/374/373 629/373/372
f 567/311/310 568/312/311 631/375/374 630/374/373
f 568/312/311 569/313/312 632/376/375 631/375/374
f 569/313/312 570/314/313 633/377/376 632/376/375
f 570/314/313 571/315/314 634/378/377 633/377/376
f 572/317/316 573/316/315 636/379/378 635/380/379
f 573/316/315 574/318/317 637/381/380 636/379/378
f 574/318/317 575/319/318 638/382/381 637/381/380
f 575/319/318 576/320/319 639/383/382 638/382/381
f 576/320/319 577/321/320 640/384/383 639/383/382
f 577/321/320 578/322/321 641/385/384 640/384/383
f 578/322/321 579/323/322 642/386/385 641/385/384
f 579/323/322 580/324/323 643/387/386 642/386/385
f 580/324/323 581/325/324 644/388/387 643/387/386
f 581/325/324 582/326/325 645/389/388 644/388/387
f 582/326/325 583/327/326 646/390/389 645/389/388
f 583/327/326 584/328/327 647/391/390 646/390/389
f 584/328/327 585/329/328 648/392/391 647/391/390
f 585/329/328 586/330/329 649/393/392 648/392/391
f 586/330/329 587/331/330 650/394/393 649/393/392
f 587/331/330 588/332/331 651/395/394 650/394/393
f 588/332/331 589/333/332 652/396/395 651/395/394
f 589/333/332 590/334/333 653/397/396 652/396/395
f 590/334/333 591/335/334 654/398/397 653/397/396
f 591/335/334 592/336/335 655/399/398 654/398/397
f 592/336/335 593/337/336 656/400/399 655/399/398
f 593/337/336 594/338/337 657/401/400 656/400/399
f 594/338/337 595/339/338 658/402/401 657/401/400
f 595/339/338 596/340/339 659/403/402 658/402/401
f 596/340/339 597/341/340 660/404/403 659/403/402
f 597/341/340 598/342/341 661/405/404 660/404/403
f 598/342/341 599/343/342 662/406/405 661/405/404
f 599/343/342 600/344/343 663/407/406 662/406/405
f 600/344/343 601/345/344 664/408/407 663/407/406
f 601/345/344 602/346/345 665/409/408 664/408/407
f 602/346/345 603/347/346 666/410/409 665/409/408
f 603/347/346 604/348/347 667/411/410 666/410/409
f 604/348/347 605/349/348 668/412/411 667/411/410
f 605/349/348 606/350/349 669/413/412 668/412/411
f 606/350/349 607/351/350 670/414/413 669/413/412
f 607/351/350 608/352/351 671/415/414 670/414/413
f 608/352/351 609/353/352 672/416/415 671/415/414
f 609/353/352 610/354/353 673/417/416 672/416/415
f 610/354/353 611/355/354 674/418/417 673/417/416
f 611/355/354 612/356/355 675/419/418 674/418/417
f 612/356/355 613/357/356 676/420/419 675/419/418
f 613/357/356 614/358/357 677/421/420 676/420/419
f 614/358/357 615/359/358 678/422/421 677/421/420
f 615/359/358 616/360/359 679/423/422 678/422/421
f 616/360/359 617/361/360 680/424/423 679/423/422
f 617/361/360 618/362/361 681/425/424 680/424/423
f 618/362/361 619/363/362 682/426/425 681/425/424
f 619/363/362 620/364/363 683/427/426 682/426/425
f 620/364/363 621/365/364 684/428/427 683/427/426
f 621/365/364 622/366/365 685/429/428 684/428/427
f 622/366/365 623/367/366 686/430/429 685/429/428
f 623/367/366 624/368/367 687/431/430 686/430/429
f 624/368/367 625/369/368 688/432/431 687/431/430
f 625/369/368 626/370/369 689/433/432 688/432/431
f 626/370/369 627/371/370 690/434/433 689/433/432
f 627/371/370 628/372/371 691/435/434 690/434/433
f 628/372/371 629/373/372 692/436/435 691/435/434
f 629/373/372 630/374/373 693/437/436 692/436/435
f 630/374/373 631/375/374 694/438/437 693/437/436
f 631/375/374 632/376/375 695/439/438 694/438/437
f 632/376/375 633/377/376 696/440/439 695/439/438
f 633/377/376 634/378/377 697/441/440 696/440/439
f 635/380/379 636/379/378 699/442/441 698/443/442
f 636/379/378 637/381/380 700/444/443 699/442/441
f 637/381/380 638/382/381 701/445/444 700/444/443
f 638/382/381 639/383/382 702/446/445 701/445/444
f 639/383/382 640/384/383 703/447/446 702/446/445
f 640/384/383 641/385/384 704/448/447 703/447/446
f 641/385/384 642/386/385 705/449/448 704/448/447
f 642/386/385 643/387/386 706/450/449 705/449/448
f 643/387/386 644/388/387 707/451/450 706/450/449
f 644/388/387 645/389/388 708/452/451 707/451/450
f 645/389/388 646/390/389 709/453/452 708/452/451
f 646/390/389 647/391/390 710/454/453 709/453/452
f 647/391/390 648/392/391 711/455/454 710/454/453
f 648/392/391 649/393/392 712/456/455 711/455/454
f 649/393/392 650/394/393 713/457/456 712/456/455
f 650/394/393 651/395/394 714/458/457 713/457/456
f 651/395/394 652/396/395 715/459/458 714/458/457
f 652/396/395 653/397/396 716/460/459 715/459/458
f 653/397/396 654/398/397 717/461/460 716/460/459
f 654/398/397 655/399/398 718/462/461 717/461/460
f 655/399/398 656/400/399 719/463/462 718/462/461
f 656/400/399 657/401/400 720/464/463 719/463/462
f 657/401/400 658/402/401 721/465/464 720/464/463
f 658/402/401 659/403/402 722/466/465 721/465/464
f 659/403/402 660/404/403 723/467/466 722/466/465
f 660/404/403 661/405/404 724/468/467 723/467/466
f 661/405/404 662/406/405 725/469/468 724/468/467
f 662/406/405 663/407/406 726/470/469 725/469/468
f 663/407/406 664/408/407 727/471/470 726/470/469
f 664/408/407 665/409/408 728/472/471 727/471/470
f 665/409/408 666/410/409 729/473/472 728/472/471
f 666/410/409 667/411/410 730/474/473 729/473/472
f 667/411/410 668/412/411 731/475/474 730/474/473
f 668/412/411 669/413/412 732/476/475 731/475/474
f 669/413/412 670/414/413 733/477/476 732/476/475
f 670/414/413 671/415/414 734/478/477 733/477/476
f 671/415/414 672/416/415 735/479/478 734/478/477
f 672/416/415 673/417/416 736/480/479 735/479/478
f 673/417/416 674/418/417 737/481/480 736/480/479
f 674/418/417 675/419/418 738/482/481 737/481/480
f 675/419/418 676/420/419 739/483/482 738/482/481
f 676/420/419 677/421/420 740/484/483 739/483/482
f 677/421/420 678/422/421 741/485/484 740/484/483
f 678/422/421 679/423/422 742/486/485 741/485/484
f 679/423/422 680/424/423 743/487/486 742/486/485
f 680/424/423 681/425/424 744/488/487 743/487/486
f 681/425/424 682/426/425 745/489/488 744/488/487
f 682/426/425 683/427/426 746/490/489 745/489/488
f 683/427/426 684/428/427 747/491/490 746/490/489
f 684/428/427 685/429/428 748/492/491 747/491/490
f 685/429/428 686/430/429 749/493/492 748/492/491
f 686/430/429 687/431/430 750/494/493 749/493/492
f 687/431/430 688/432/431 751/495/494 750/494/493
f 688/432/431 689/433/432 752/496/495 751/495/494
f 689/433/432 690/434/433 753/497/496 752/496/495
f 690/434/433 691/435/434 754/498/497 753/497/496
f 691/435/434 692/436/435 755/499/498 754/498/497
f 692/436/435 693/437/436 756/500/499 755/499/498
f 693/437/436 694/438/437 757/501/500 756/500/499
f 694/438/437 695/439/438 758/502/501 757/501/500
f 695/439/438 696/440/439 759/503/502 758/502/501
f 696/440/439 697/441/440 760/504/503 759/503/502
f 698/443/442 699/442/441 762/505/504 761/506/505
f 699/442/441 700/444/443 763/507/506 762/505/504
f 700/444/443 701/445/444 764/508/507 763/507/506
f 701/445/444 702/446/445 765/509/508 764/508/507
f 702/446/445 703/447/446 766/510/509 765/509/508
f 703/447/446 704/448/447 767/511/510 766/510/509
f 704/448/447 705/449/448 768/512/511 767/511/510
f 705/449/448 706/450/449 769/513/512 768/512/511
f 706/450/449 707/451/450 770/514/513 769/513/512
f 707/451/450 708/452/451 771/515/514 770/514/513
f 708/452/451 709/453/452 772/516/515 771/515/514
f 709/453/452 710/454/453 773/517/516 772/516/515
f 710/454/453 711/455/454 774/518/517 773/517/516
f 711/455/454 712/456/455 775/519/518 774/518/517
f 712/456/455 713/457/456 776/520/519 775/519/518
f 713/457/456 714/458/457 777/521/520 776/520/519
f 714/458/457 715/459/458 778/522/521 777/521/520
f 715/459/458 716/460/459 779/523/522 778/522/521
f 716/460/459 717/461/460 780/524/523 779/523/522
f 717/461/460 718/462/461 781/525/524 780/524/523
f 718/462/461 719/463/462 782/526/525 781/525/524
f 719/463/462 720/464/463 783/527/526 782/526/525
f 720/464/463 721/465/464 784/528/527 783/527/526
f 721/465/464 722/466/465 785/529/528 784/528/527
f 722/466/465 723/467/466 786/530/529 785/529/528
f 723/467/466 724/468/467 787/531/530 786/530/529
f 724/468/467 725/469/468 788/532/531 787/531/530
f 725/469/468 726/470/469 789/533/532 788/532/531
f 726/470/469 727/471/470 790/534/533 789/533/532
f 727/471/470 728/472/471 791/535/534 790/534/533
f 728/472/471 729/473/472 792/536/535 791/535/534
f 729/473/472 730/474/473 793/537/536 792/536/535
f 730/474/473 731/475/474 794/538/537 793/537/536
f 731/475/474 732/476/475 795/539/538 794/538/537
f 732/476/475 733/477/476 796/540/539 795/539/538
f 733/477/476 734/478/477 797/541/540 796/540/539
f 734/478/477 735/479/478 798/542/541 797/541/540
f 735/479/478 736/480/479 799/543/542 798/542/541
f 736/480/479 737/481/480 800/544/543 799/543/542
f 737/481/480 738/482/481 801/545/544 800/544/543
f 738/482/481 739/483/482 802/546/545 801/545/544
f 739/483/482 740/484/483 803/547/546 802/546/545
f 740/484/483 741/485/484 804/548/547 803/547/546
f 741/485/484 742/486/485 805/549/548 804/548/547
f 742/486/485 743/487/486 806/550/549 805/549/548
f 743/487/486 744/488/487 807/551/550 806/550/549
f 744/488/487 745/489/488 808/552/551 807/551/550
f 745/489/488 746/490/489 809/553/552 808/552/551
f 746/490/489 747/491/490 810/554/553 809/553/552
f 747/491/490 748/492/491 811/555/554 810/554/553
f 748/492/491 749/493/492 812/556/555 811/555/554
f 749/493/492 750/494/493 813/557/556 812/556/555
f 750/494/493 751/495/494 814/558/557 813/557/556
f 751/495/494 752/496/495 815/559/558 814/558/557
f 752/496/495 753/497/496 816/560/559 815/559/558
f 753/497/496 754/498/497 817/561/560 816/560/559
f 754/498/497 755/499/498 818/562/561 817/561/560
f 755/499/498 756/500/499 819/563/562 818/562/561
f 756/500/499 757/501/500 820/564/563 819/563/562
f 757/501/500 758/502/501 821/565/564 820/564/563
f 758/502/501 759/503/502 822/566/565 821/565/564
f 759/503/502 760/504/503 823/567/566 822/566/565
f 761/506/505 762/505/504 825/568/567 824/569/568
f 762/505/504 763/507/506 826/570/569 825/568/567
f 763/507/506 764/508/507 827/571/570 826/570/569
f 764/508/507 765/509/508 828/572/571 827/571/570
f 765/509/508 766/510/509 829/573/572 828/572/571
f 766/510/509 767/511/510 830/574/573 829/573/572
f 767/511/510 768/512/511 831/575/574 830/574/573
f 768/512/511 769/513/512 832/576/575 831/575/574
f 769/513/512 770/514/513 833/577/576 832/576/575
f 770/514/513 771/515/514 834/578/577 833/577/576
f 771/515/514 772/516/515 835/579/578 834/578/577
f 772/516/515 773/517/516 836/580/579 835/579/578
f 773/517/516 774/518/517 837/581/580 836/580/579
f 774/518/517 775/519/518 838/582/581 837/581/580
f 775/519/518 776/520/519 839/583/582 838/582/581
f 776/520/519 777/521/520 840/584/583 839/583/582
f 777/521/520 778/522/521 841/585/584 840/584/583
f 778/522/521 779/523/522 842/586/585 841/585/584
f 779/523/522 780/524/523 843/587/586 842/586/585
f 780/524/523 781/525/524 844/588/587 843/587/586
f 781/525/524 782/526/525 845/589/588 844/588/587
f 782/526/525 783/527/526 846/590/589 845/589/588
f 783/527/526 784/528/527 847/591/590 846/590/589
f 784/528/527 785/529/528 848/592/591 847/591/590
f 785/529/528 786/530/529 849/593/592 848/592/591
f 786/530/529 787/531/530 850/594/593 849/593/592
f 787/531/530 788/532/531 851/595/594 850/594/593
f 788/532/531 789/533/532 852/596/595 851/595/594
f 789/533/532 790/534/533 853/597/596 852/596/595
f 790/534/533 791/535/534 854/598/597 853/597/596
f 791/535/534 792/536/535 855/599/598 854/598/597
f 792/536/535 793/537/536 856/600/599 855/599/598
f 793/537/536 794/538/537 857/601/600 856/600/599
f 794/538/537 795/539/538 858/602/601 857/601/600
f 795/539/538 796/540/539 859/603/602 858/602/601
f 796/540/539 797/541/540 860/604/603 859/603/602
f 797/541/540 798/542/541 861/605/604 860/604/603
f 798/542/541 799/543/542 862/606/605 861/605/604
f 799/543/542 800/544/543 863/607/606 862/606/605
f 800/544/543 801/545/544 864/608/607 863/607/606
f 801/545/544 802/546/545 865/609/608 864/608/607
f 802/546/545 803/547/546 866/610/609 865/609/608
f 803/547/546 804/548/547 867/611/610 866/610/609
f 804/548/547 805/549/548 868/612/611 867/611/610
f 805/549/548 806/550/549 869/613/612 868/612/611
f 806/550/549 807/551/550 870/614/613 869/613/612
f 807/551/550 808/552/551 871/615/614 870/614/613
f 808/552/551 809/553/552 872/616/615 871/615/614
f 809/553/552 810/554/553 873/617/616 872/616/615
f 810/554/553 811/555/554 874/618/617 873/617/616
f 811/555/554 812/556/555 875/619/618 874/618/617
f 812/556/555 813/557/556 876/620/619 875/619/618
f 813/557/556 814/558/557 877/621/620 876/620/619
f 814/558/557 815/559/558 878/622/621 877/621/620
f 815/559/558 816/560/559 879/623/622 878/622/621
f 816/560/559 817/561/560 880/624/623 879/623/622
f 817/561/560 818/562/561 881/625/624 880/624/623
f 818/562/561 819/563/562 882/626/625 881/625/624
f 819/563/562 820/564/563 883/627/626 882/626/625
f 820/564/563 821/565/564 884/628/627 883/627/626
f 821/565/564 822/566/565 885/629/628 884/628/627
f 822/566/565 823/567/566 886/630/629 885/629/628
f 824/569/568 825/568/567 888/631/630 887/632/631
f 825/568/567 826/570/569 889/633/632 888/631/630
f 826/570/569 827/571/570 890/634/633 889/633/632
f 827/571/570 828/572/571 891/635/634 890/634/633
f 828/572/571 829/573/572 892/636/635 891/635/634
f 829/573/572 830/574/573 893/637/636 892/636/635
f 830/574/573 831/575/574 894/638/637 893/637/636
f 831/575/574 832/576/575 895/639/638 894/638/637
f 832/576/575 833/577/576 896/640/639 895/639/638
f 833/577/576 834/578/577 897/641/640 896/640/639
f 834/578/577 835/579/578 898/642/641 897/641/640
f 835/579/578 836/580/579 899/643/642 898/642/641
f 836/580/579 837/581/580 900/644/643 899/643/642
f 837/581/580 838/582/581 901/645/644 900/644/643
f 838/582/581 839/583/582 902/646/645 901/645/644
f 839/583/582 840/584/583 903/647/646 902/646/645
f 840/584/583 841/585/584 904/648/647 903/647/646
f 841/585/584 842/586/585 905/649/648 904/648/647
f 842/586/585 843/587/586 906/650/649 905/649/648
f 843/587/586 844/588/587 907/651/650 906/650/649
f 844/588/587 845/589/588 908/652/651 907/651/650
f 845/589/588 846/590/589 909/653/652 908/652/651
f 846/590/589 847/591/590 910/654/653 909/653/652
f 847/591/590 848/592/591 911/655/654 910/654/653
f 848/592/591 849/593/592 912/656/655 911/655/654
f 849/593/592 850/594/593 913/657/656 912/656/655
f 850/594/593 851/595/594 914/658/657 913/657/656
f 851/595/594 852/596/595 915/659/658 914/658/657
f 852/596/595 853/597/596 916/660/659 915/659/658
f 853/597/596 854/598/597 917/661/660 916/660/659
f 854/598/597 855/599/598 918/662/661 917/661/660
f 855/599/598 856/600/599 919/663/662 918/662/661
f 856/600/599 857/601/600 920/664/663 919/663/662
f 857/601/600 858/602/601 921/665/664 920/664/663
f 858/602/601 859/603/602 922/666/665 921/665/664
f 859/603/602 860/604/603 923/667/666 922/666/665
f 860/604/603 861/605/604 924/668/667 923/667/666
f 861/605/604 862/606/605 925/669/668 924/668/667
f 862/606/605 863/607/606 926/670/669 925/669/668
f 863/607/606 864/608/607 927/671/670 926/670/669
f 864/608/607 865/609/608 928/672/671 927/671/670
f 865/609/608 866/610/609 929/673/672 928/672/671
f 866/610/609 867/611/610 930/674/673 929/673/672
f 867/611/610 868/612/611 931/675/674 930/674/673
f 868/612/611 869/613/612 932/676/675 931/675/674
f 869/613/612 870/614/613 933/677/676 932/676/675
f 870/614/613 871/615/614 934/678/677 933/677/676
f 871/615/614 872/616/615 935/679/678 934/678/677
f 872/616/615 873/617/616 936/680/679 935/679/678
f 873/617/616 874/618/617 937/681/680 936/680/679
f 874/618/617 875/619/618 938/682/681 937/681/680
f 875/619/618 876/620/619 939/683/682 938/682/681
f 876/620/619 877/621/620 940/684/683 939/683/682
f 877/621/620 878/622/621 941/685/684 940/684/683
f 878/622/621 879/623/622 942/686/685 941/685/684
f 879/623/622 880/624/623 943/687/686 942/686/685
f 880/624/623 881/625/624 944/688/687 943/687/686
f 881/625/624 882/626/625 945/689/688 944/688/687
f 882/626/625 883/627/626 946/690/689 945/689/688
f 883/627/626 884/628/627 947/691/690 946/690/689
f 884/628/627 885/629/628 948/692/691 947/691/690
f 885/629/628 886/630/629 949/693/692 948/692/691
f 887/632/631 888/631/630 951/694/693 950/695/694
f 888/631/630 889/633/632 952/696/695 951/694/693
f 889/633/632 890/634/633 953/697/696 952/696/695
f 890/634/633 891/635/634 954/698/697 953/697/696
f 891/635/634 892/636/635 955/699/698 954/698/697
f 892/636/635 893/637/636 956/700/699 955/699/698
f 893/637/636 894/638/637 957/701/700 956/700/699
f 894/638/637 895/639/638 958/702/701 957/701/700
f 895/639/638 896/640/639 959/703/702 958/702/701
f 896/640/639 897/641/640 960/704/703 959/703/702
f 897/641/640 898/642/641 961/705/704 960/704/703
f 898/642/641 899/643/642 962/706/705 961/705/704
f 899/643/642 900/644/643 963/707/706 962/706/705
f 900/644/643 901/645/644 964/708/707 963/707/706
f 901/645/644 902/646/645 965/709/708 964/708/707
f 902/646/645 903/647/646 966/710/709 965/709/708
f 903/647/646 904/648/647 967/711/710 966/710/709
f 904/648/647 905/649/648 968/712/711 967/711/710
f 905/649/648 906/650/649 969/713/712 968/712/711
f 906/650/649 907/651/650 970/714/713 969/713/712
f 907/651/650 908/652/651 971/715/714 970/714/713
f 908/652/651 909/653/652 972/716/715 971/715/714
f 909/653/652 910/654/653 973/717/716 972/716/715
f 910/654/653 911/655/654 974/718/717 973/717/716
f 911/655/654 912/656/655 975/719/718 974/718/717
f 912/656/655 913/657/656 976/720/719 975/719/718
f 913/657/656 914/658/657 977/721/720 976/720/719
f 914/658/657 915/659/658 978/722/721 977/721/720
f 915/659/658 916/660/659 979/723/722 978/722/721
f 916/660/659 917/661/660 980/724/723 979/723/722
f 917/661/660 918/662/661 981/725/724 980/724/723
f 918/662/661 919/663/662 982/726/725 981/725/724
f 919/663/662 920/664/663 983/727/726 982/726/725
f 920/664/663 921/665/664 984/728/727 983/727/726
f 921/665/664 922/666/665 985/729/728 984/728/727
f 922/666/665 923/667/666 986/730/729 985/729/728
f 923/667/666 924/668/667 987/731/730 986/730/729
f 924/668/667 925/669/668 988/732/731 987/731/730
f 925/669/668 926/670/669 989/733/732 988/732/731
f 926/670/669 927/671/670 990/734/733 989/733/732
f 927/671/670 928/672/671 991/735/734 990/734/733
f 928/672/671 929/673/672 992/736/735 991/735/734
f 929/673/672 930/674/673 993/737/736 992/736/735
f 930/674/673 931/675/674 994/738/737 993/737/736
f 931/675/674 932/676/675 995/739/738 994/738/737
f 932/676/675 933/677/676 996/740/739 995/739/738
f 933/677/676 934/678/677 997/741/740 996/740/739
f 934/678/677 935/679/678 998/742/741 997/741/740
f 935/679/678 936/680/679 999/743/742 998/742/741
f 936/680/679 937/681/680 1000/744/743 999/743/742
f 937/681/680 938/682/681 1001/745/744 1000/744/743
f 938/682/681 939/683/682 1002/746/745 1001/745/744
f 939/683/682 940/684/683 1003/747/746 1002/746/745
f 940/684/683 941/685/684 1004/748/747 1003/747/746
f 941/685/684 942/686/685 1005/749/748 1004/748/747
f 942/686/685 943/687/686 1006/750/686 1005/749/748
f 943/687/686 944/688/687 1007/751/749 1006/750/686
f 944/688/687 945/689/688 1008/752/750 1007/751/749
f 945/689/688 946/690/689 1009/753/751 1008/752/750
f 946/690/689 947/691/690 1010/754/752 1009/753/751
f 947/691/690 948/692/691 1011/755/753 1010/754/752
f 948/692/691 949/693/692 1012/756/754 1011/755/753
f 950/695/694 951/694/693 1014/757/755 1013/758/756
f 951/694/693 952/696/695 1015/759/757 1014/757/755
f 952/696/695 953/697/696 1016/760/758 1015/759/757
f 953/697/696 954/698/697 1017/761/759 1016/760/758
f 954/698/697 955/699/698 1018/762/760 1017/761/759
f 955/699/698 956/700/699 1019/763/761 1018/762/760
f 956/700/699 957/701/700 1020/764/762 1019/763/761
f 957/701/700 958/702/701 1021/765/763 1020/764/762
f 958/702/701 959/703/702 1022/766/764 1021/765/763
f 959/703/702 960/704/703 1023/767/765 1022/766/764
f 960/704/703 961/705/704 1024/768/766 1023/767/765
f 961/705/704 962/706/705 1025/769/767 1024/768/766
f 962/706/705 963/707/706 1026/770/768 1025/769/767
f 963/707/706 964/708/707 1027/771/769 1026/770/768
f 964/708/707 965/709/708 1028/772/770 1027/771/769
f 965/709/708 966/710/709 1029/773/771 1028/772/770
f 966/710/709 967/711/710 1030/774/772 1029/773/771
f 967/711/710 968/712/711 1031/775/773 1030/774/772
f 968/712/711 969/713/712 1032/776/774 1031/775/773
f 969/713/712 970/714/713 1033/777/775 1032/776/774
f 970/714/713 971/715/714 1034/778/776 1033/777/775
f 971/715/714 972/716/715 1035/779/777 1034/778/776
f 972/716/715 973/717/716 1036/780/778 1035/779/777
f 973/717/716 974/718/717 1037/781/779 1036/780/778
f 974/718/717 975/719/718 1038/782/780 1037/781/779
f 975/719/718 976/720/719 1039/783/781 1038/782/780
f 976/720/719 977/721/720 1040/784/782 1039/783/781
f 977/721/720 978/722/721 1041/785/783 1040/784/782
f 978/722/721 979/723/722 1042/786/784 1041/785/783
f 979/723/722 980/724/723 1043/787/785 1042/786/784
f 980/724/723 981/725/724 1044/788/786 1043/787/785
f 981/725/724 982/726/725 1045/789/787 1044/788/786
f 982/726/725 983/727/726 1046/790/788 1045/789/787
f 983/727/726 984/728/727 1047/791/789 1046/790/788
f 984/728/727 985/729/728 1048/792/790 1047/791/789
f 985/729/728 986/730/729 1049/793/791 1048/792/790
f 986/730/729 987/731/730 1050/794/792 1049/793/791
f 987/731/730 988/732/731 1051/795/793 1050/794/792
f 988/732/731 989/733/732 1052/796/794 1051/795/793
f 989/733/732 990/734/733 1053/797/795 1052/796/794
f 990/734/733 991/735/734 1054/798/796 1053/797/795
f 991/735/734 992/736/735 1055/799/797 1054/798/796
f 992/736/735 993/737/736 1056/800/798 1055/799/797
f 993/737/736 994/738/737 1057/801/799 1056/800/798
f 994/738/737 995/739/738 1058/802/800 1057/801/799
f 995/739/738 996/740/739 1059/803/801 1058/802/800
f 996/740/739 997/741/740 1060/804/802 1059/803/801
f 997/741/740 998/742/741 1061/805/803 1060/804/802
f 998/742/741 999/743/742 1062/806/804 1061/805/803
f 999/743/742 1000/744/743 1063/807/805 1062/806/804
f 1000/744/743 1001/745/744 1064/808/806 1063/807/805
f 1001/745/744 1002/746/745 1065/809/807 1064/808/806
f 1002/746/745 1003/747/746 1066/810/808 1065/809/807
f 1003/747/746 1004/748/747 1067/811/809 1066/810/808
f 1004/748/747 1005/749/748 1068/812/810 1067/811/809
f 1005/749/748 1006/750/686 1069/813/811 1068/812/810
f 1006/750/686 1007/751/749 1070/814/812 1069/813/811
f 1007/751/749 1008/752/750 1071/815/813 1070/814/812
f 1008/752/750 1009/753/751 1072/816/814 1071/815/813
f 1009/753/751 1010/754/752 1073/817/815 1072/816/814
f 1010/754/752 1011/755/753 1074/818/816 1073/817/815
f 1011/755/753 1012/756/754 1075/819/817 1074/818/816
f 1013/758/756 1014/757/755 1077/820/818 1076/821/819
f 1014/757/755 1015/759/757 1078/822/820 1077/820/818
f 1015/759/757 1016/760/758 1079/823/821 1078/822/820
f 1016/760/758 1017/761/759 1080/824/822 1079/823/821
f 1017/761/759 1018/762/760 1081/825/823 1080/824/822
f 1018/762/760 1019/763/761 1082/826/824 1081/825/823
f 1019/763/761 1020/764/762 1083/827/825 1082/826/824
f 1020/764/762 1021/765/763 1084/828/826 1083/827/825
f 1021/765/763 1022/766/764 1085/829/827 1084/828/826
f 1022/766/764 1023/767/765 1086/830/828 1085/829/827
f 1023/767/765 1024/768/766 1087/831/829 1086/830/828
f 1024/768/766 1025/769/767 1088/832/830 1087/831/829
f 1025/769/767 1026/770/768 1089/833/831 1088/832/830
f 1026/770/768 1027/771/769 1090/834/832 1089/833/831
f 1027/771/769 1028/772/770 1091/835/833 1090/834/832
f 1028/772/770 1029/773/771 1092/836/834 1091/835/833
f 1029/773/771 1030/774/772 1093/837/835 1092/836/834
f 1030/774/772 1031/775/773 1094/838/836 1093/837/835
f 1031/775/773 1032/776/774 1095/839/837 1094/838/836
f 1032/776/774 1033/777/775 1096/840/838 1095/839/837
f 1033/777/775 1034/778/776 1097/841/839 1096/840/838
f 1034/778/776 1035/779/777 1098/842/840 1097/841/839
f 1035/779/777 1036/780/778 1099/843/841 1098/842/840
f 1036/780/778 1037/781/779 1100/844/842 1099/843/841
f 1037/781/779 1038/782/780 1101/845/843 1100/844/842
f 1038/782/780 1039/783/781 1102/846/844 1101/845/843
f 1039/783/781 1040/784/782 1103/847/845 1102/846/844
f 1040/784/782 1041/785/783 1104/848/846 1103/847/845
f 1041/785/783 1042/786/784 1105/849/847 1104/848/846
f 1042/786/784 1043/787/785 1106/850/848 1105/849/847
f 1043/787/785 1044/788/786 1107/851/849 1106/850/848
f 1044/788/786 1045/789/787 1108/852/850 1107/851/849
f 1045/789/787 1046/790/788 1109/853/851 1108/852/850
f 1046/790/788 1047/791/789 1110/854/852 1109/853/851
f 1047/791/789 1048/792/790 1111/855/853 1110/854/852
f 1048/792/790 1049/793/791 1112/856/854 1111/855/853
f 1049/793/791 1050/794/792 1113/857/855 1112/856/854
f 1050/794/792 1051/795/793 1114/858/856 1113/857/855
f 1051/795/793 1052/796/794 1115/859/857 1114/858/856
f 1052/796/794 1053/797/795 1116/860/858 1115/859/857
f 1053/797/795 1054/798/796 1117/861/859 1116/860/858
f 1054/798/796 1055/799/797 1118/862/860 1117/861/859
f 1055/799/797 1056/800/798 1119/863/861 1118/862/860
f 1056/800/798 1057/801/799 1120/864/862 1119/863/861
f 1057/801/799 1058/802/800 1121/865/863 1120/864/862
f 1058/802/800 1059/803/801 1122/866/864 1121/865/863
f 1059/803/801 1060/804/802 1123/867/865 1122/866/864
f 1060/804/802 1061/805/803 1124/868/866 1123/867/865
f 1061/805/803 1062/806/804 1125/869/867 1124/868/866
f 1062/806/804 1063/807/805 1126/870/868 1125/869/867
f 1063/807/805 1064/808/806 1127/871/869 1126/870/868
f 1064/808/806 1065/809/807 1128/872/870 1127/871/869
f 1065/809/807 1066/810/808 1129/873/871 1128/872/870
f 1066/810/808 1067/811/809 1130/874/872 1129/873/871
f 1067/811/809 1068/812/810 1131/875/873 1130/874/872
f 1068/812/810 1069/813/811 1132/876/874 1131/875/873
f 1069/813/811 1070/814/812 1133/877/875 1132/876/874
f 1070/814/812 1071/815/813 1134/878/876 1133/877/875
f 1071/815/813 1072/816/814 1135/879/877 1134/878/876
f 1072/816/814 1073/817/815 1136/880/878 1135/879/877
f 1073/817/815 1074/818/816 1137/881/879 1136/880/878
f 1074/818/816 1075/819/817 1138/882/880 1137/881/879
f 1076/821/819 1077/820/818 1140/883/881 1139/884/882
f 1077/820/818 1078/822/820 1141/885/883 1140/883/881
f 1078/822/820 1079/823/821 1142/886/884 1141/885/883
f 1079/823/821 1080/824/822 1143/887/885 1142/886/884
f 1080/824/822 1081/825/823 1144/888/886 1143/887/885
f 1081/825/823 1082/826/824 1145/889/887 1144/888/886
f 1082/826/824 1083/827/825 1146/890/888 1145/889/887
f 1083/827/825 1084/828/826 1147/891/889 1146/890/888
f 1084/828/826 1085/829/827 1148/892/890 1147/891/889
f 1085/829/827 1086/830/828 1149/893/891 1148/892/890
f 1086/830/828 1087/831/829 1150/894/892 1149/893/891
f 1087/831/829 1088/832/830 1151/895/893 1150/894/892
f 1088/832/830 1089/833/831 1152/896/894 1151/895/893
f 1089/833/831 1090/834/832 1153/897/895 1152/896/894
f 1090/834/832 1091/835/833 1154/898/896 1153/897/895
f 1091/835/833 1092/836/834 1155/899/897 1154/898/896
f 1092/836/834 1093/837/835 1156/900/898 1155/899/897
f 1093/837/835 1094/838/836 1157/901/899 1156/900/898
f 1094/838/836 1095/839/837 1158/902/900 1157/901/899
f 1095/839/837 1096/840/838 1159/903/901 1158/902/900
f 1096/840/838 1097/841/839 1160/904/902 1159/903/901
f 1097/841/839 1098/842/840 1161/905/903 1160/904/902
f 1098/842/840 1099/843/841 1162/906/904 1161/905/903
f 1099/843/841 1100/844/842 1163/907/905 1162/906/904
f 1100/844/842 1101/845/843 1164/908/906 1163/907/905
f 1101/845/843 1102/846/844 1165/909/907 1164/908/906
f 1102/846/844 1103/847/845 1166/910/908 1165/909/907
f 1103/847/845 1104/848/846 1167/911/909 1166/910/908
f 1104/848/846 1105/849/847 1168/912/910 1167/911/909
f 1105/849/847 1106/850/848 1169/913/911 1168/912/910
f 1106/850/848 1107/851/849 1170/914/912 1169/913/911
f 1107/851/849 1108/852/850 1171/915/913 1170/914/912
f 1108/852/850 1109/853/851 1172/916/914 1171/915/913
f 1109/853/851 1110/854/852 1173/917/915 1172/916/914
f 1110/854/852 1111/855/853 1174/918/916 1173/917/915
f 1111/855/853 1112/856/854 1175/919/917 1174/918/916
f 1112/856/854 1113/857/855 1176/920/918 1175/919/917
f 1113/857/855 1114/858/856 1177/921/919 1176/920/918
f 1114/858/856 1115/859/857 1178/922/920 1177/921/919
f 1115/859/857 1116/860/858 1179/923/921 1178/922/920
f 1116/860/858 1117/861/859 1180/924/922 1179/923/921
f 1117/861/859 1118/862/860 1181/925/923 1180/924/922
f 1118/862/860 1119/863/861 1182/926/924 1181/925/923
f 1119/863/861 1120/864/862 1183/927/925 1182/926/924
f 1120/864/862 1121/865/863 1184/928/926 1183/927/925
f 1121/865/863 1122/866/864 1185/929/927 1184/928/926
f 1122/866/864 1123/867/865 1186/930/928 1185/929/927
f 1123/867/865 1124/868/866 1187/931/929 1186/930/928
f 1124/868/866 1125/869/867 1188/932/930 1187/931/929
f 1125/869/867 1126/870/868 1189/933/931 1188/932/930
f 1126/870/868 1127/871/869 1190/934/932 1189/933/931
f 1127/871/869 1128/872/870 1191/935/933 1190/934/932
f 1128/872/870 1129/873/871 1192/936/934 1191/935/933
f 1129/873/871 1130/874/872 1193/937/935 1192/936/934
f 1130/874/872 1131/875/873 1194/938/936 1193/937/935
f 1131/875/873 1132/876/874 1195/939/937 1194/938/936
f 1132/876/874 1133/877/875 1196/940/938 1195/939/937
f 1133/877/875 1134/878/876 1197/941/939 1196/940/938
f 1134/878/876 1135/879/877 1198/942/940 1197/941/939
f 1135/879/877 1136/880/878 1199/943/941 1198/942/940
f 1136/880/878 1137/881/879 1200/944/942 1199/943/941
f 1137/881/879 1138/882/880 1201/945/943 1200/944/942
f 1139/884/882 1140/883/881 1203/946/944 1202/947/945
f 1140/883/881 1141/885/883 1204/948/946 1203/946/944
f 1141/885/883 1142/886/884 1205/949/947 1204/948/946
f 1142/886/884 1143/887/885 1206/950/948 1205/949/947
f 1143/887/885 1144/888/886 1207/951/949 1206/950/948
f 1144/888/886 1145/889/887 1208/952/950 1207/951/949
f 1145/889/887 1146/890/888 1209/953/951 1208/952/950
f 1146/890/888 1147/891/889 1210/954/952 1209/953/951
f 1147/891/889 1148/892/890 1211/955/953 1210/954/952
f 1148/892/890 1149/893/891 1212/956/954 1211/955/953
f 1149/893/891 1150/894/892 1213/957/955 1212/956/954
f 1150/894/892 1151/895/893 1214/958/956 1213/957/955
f 1151/895/893 1152/896/894 1215/959/957 1214/958/956
f 1152/896/894 1153/897/895 1216/960/958 1215/959/957
f 1153/897/895 1154/898/896 1217/961/959 1216/960/958
f 1154/898/896 1155/899/897 1218/962/960 1217/961/959
f 1155/899/897 1156/900/898 1219/963/961 1218/962/960
f 1156/900/898 1157/901/899 1220/964/962 1219/963/961
f 1157/901/899 1158/902/900 1221/965/963 1220/964/962
f 1158/902/900 1159/903/901 1222/966/964 1221/965/963
f 1159/903/901 1160/904/902 1223/967/965 1222/966/964
f 1160/904/902 1161/905/903 1224/968/966 1223/967/965
f 1161/905/903 1162/906/904 1225/969/967 1224/968/966
f 1162/906/904 1163/907/905 1226/970/968 1225/969/967
f 1163/907/905 1164/908/906 1227/971/969 1226/970/968
f 1164/908/906 1165/909/907 1228/972/970 1227/971/969
f 1165/909/907 1166/910/908 1229/973/971 1228/972/970
f 1166/910/908 1167/911/909 1230/974/972 1229/973/971
f 1167/911/909 1168/912/910 1231/975/973 1230/974/972
f 1168/912/910 1169/913/911 1232/976/974 1231/975/973
f 1169/913/911 1170/914/912 1233/977/975 1232/976/974
f 1170/914/912 1171/915/913 1234/978/976 1233/977/975
f 1171/915/913 1172/916/914 1235/979/977 1234/978/976
f 1172/916/914 1173/917/915 1236/980/978 1235/979/977
f 1173/917/915 1174/918/916 1237/981/979 1236/980/978
f 1174/918/916 1175/919/917 1238/982/980 1237/981/979
f 1175/919/917 1176/920/918 1239/983/981 1238/982/980
f 1176/920/918 1177/921/919 1240/984/982 1239/983/981
f 1177/921/919 1178/922/920 1241/985/983 1240/984/982
f 1178/922/920 1179/923/921 1242/986/984 1241/985/983
f 1179/923/921 1180/924/922 1243/987/985 1242/986/984
f 1180/924/922 1181/925/923 1244/988/986 1243/987/985
f 1181/925/923 1182/926/924 1245/989/987 1244/988/986
f 1182/926/924 1183/927/925 1246/990/988 1245/989/987
f 1183/927/925 1184/928/926 1247/991/989 1246/990/988
f 1184/928/926 1185/929/927 1248/992/990 1247/991/989
f 1185/929/927 1186/930/928 1249/993/991 1248/992/990
f 1186/930/928 1187/931/929 1250/994/992 1249/993/991
f 1187/931/929 1188/932/930 1251/995/993 1250/994/992
f 1188/932/930 1189/933/931 1252/996/994 1251/995/993
f 1189/933/931 1190/934/932 1253/997/995 1252/996/994
f 1190/934/932 1191/935/933 1254/998/996 1253/997/995
f 1191/935/933 1192/936/934 1255/999/997 1254/998/996
f 1192/936/934 1193/937/935 1256/1000/998 1255/999/997
f 1193/937/935 1194/938/936 1257/1001/999 1256/1000/998
f 1194/938/936 1195/939/937 1258/1002/1000 1257/1001/999
f 1195/939/937 1196/940/938 1259/1003/1001 1258/1002/1000
f 1196/940/938 1197/941/939 1260/1004/1002 1259/1003/1001
f 1197/941/939 1198/942/940 1261/1005/1003 1260/1004/1002
f 1198/942/940 1199/943/941 1262/1006/941 1261/1005/1003
f 1199/943/941 1200/944/942 1263/1007/1004 1262/1006/941
f 1200/944/942 1201/945/943 1264/1008/1005 1263/1007/1004
f 1202/947/945 1203/946/944 1266/1009/1006 1265/1010/1007
f 1203/946/944 1204/948/946 1267/1011/1008 1266/1009/1006
f 1204/948/946 1205/949/947 1268/1012/1009 1267/1011/1008
f 1205/949/947 1206/950/948 1269/1013/1010 1268/1012/1009
f 1206/950/948 1207/951/949 1270/1014/1011 1269/1013/1010
f 1207/951/949 1208/952/950 1271/1015/1012 1270/1014/1011
f 1208/952/950 1209/953/951 1272/1016/1013 1271/1015/1012
f 1209/953/951 1210/954/952 1273/1017/1014 1272/1016/1013
f 1210/954/952 1211/955/953 1274/1018/1015 1273/1017/1014
f 1211/955/953 1212/956/954 1275/1019/1016 1274/1018/1015
f 1212/956/954 1213/957/955 1276/1020/1017 1275/1019/1016
f 1213/957/955 1214/958/956 1277/1021/1018 1276/1020/1017
f 1214/958/956 1215/959/957 1278/1022/1019 1277/1021/1018
f 1215/959/957 1216/960/958 1279/1023/1020 1278/1022/1019
f 1216/960/958 1217/961/959 1280/1024/1021 1279/1023/1020
f 1217/961/959 1218/962/960 1281/1025/1022 1280/1024/1021
f 1218/962/960 1219/963/961 1282/1026/1023 1281/1025/1022
f 1219/963/961 1220/964/962 1283/1027/1024 1282/1026/1023
f 1220/964/962 1221/965/963 1284/1028/1025 1283/1027/1024
f 1221/965/963 1222/966/964 1285/1029/1026 1284/1028/1025
f 1222/966/964 1223/967/965 1286/1030/1027 1285/1029/1026
f 1223/967/965 1224/968/966 1287/1031/1028 1286/1030/1027
f 1224/968/966 1225/969/967 1288/1032/1029 1287/1031/1028
f 1225/969/967 1226/970/968 1289/1033/1030 1288/1032/1029
f 1226/970/968 1227/971/969 1290/1034/1031 1289/1033/1030
f 1227/971/969 1228/972/970 1291/1035/1032 1290/1034/1031
f 1228/972/970 1229/973/971 1292/1036/1033 1291/1035/1032
f 1229/973/971 1230/974/972 1293/1037/1034 1292/1036/1033
f 1230/974/972 1231/975/973 1294/1038/1035 1293/1037/1034
f 1231/975/973 1232/976/974 1295/1039/1036 1294/1038/1035
f 1232/976/974 1233/977/975 1296/1040/1037 1295/1039/1036
f 1233/977/975 1234/978/976 1297/1041/1038 1296/1040/1037
f 1234/978/976 1235/979/977 1298/1042/1039 1297/1041/1038
f 1235/979/977 1236/980/978 1299/1043/1040 1298/1042/1039
f 1236/980/978 1237/981/979 1300/1044/1041 1299/1043/1040
f 1237/981/979 1238/982/980 1301/1045/1042 1300/1044/1041
f 1238/982/980 1239/983/981 1302/1046/1043 1301/1045/1042
f 1239/983/981 1240/984/982 1303/1047/1044 1302/1046/1043
f 1240/984/982 1241/985/983 1304/1048/1045 1303/1047/1044
f 1241/985/983 1242/986/984 1305/1049/1046 1304/1048/1045
f 1242/986/984 1243/987/985 1306/1050/1047 1305/1049/1046
f 1243/987/985 1244/988/986 1307/1051/1048 1306/1050/1047
f 1244/988/986 1245/989/987 1308/1052/1049 1307/1051/1048
f 1245/989/987 1246/990/988 1309/1053/1050 1308/1052/1049
f 1246/990/988 1247/991/989 1310/1054/1051 1309/1053/1050
f 1247/991/989 1248/992/990 1311/1055/1052 1310/1054/1051
f 1248/992/990 1249/993/991 1312/1056/1053 1311/1055/1052
f 1249/993/991 1250/994/992 1313/1057/1054 1312/1056/1053
f 1250/994/992 1251/995/993 1314/1058/1055 1313/1057/1054
f 1251/995/993 1252/996/994 1315/1059/1056 1314/1058/1055
f 1252/996/994 1253/997/995 1316/1060/1057 1315/1059/1056
f 1253/997/995 1254/998/996 1317/1061/1058 1316/1060/1057
f 1254/998/996 1255/999/997 1318/1062/1059 1317/1061/1058
f 1255/999/997 1256/1000/998 1319/1063/1060 1318/1062/1059
f 1256/1000/998 1257/1001/999 1320/1064/1061 1319/1063/1060
f 1257/1001/999 1258/1002/1000 1321/1065/1062 1320/1064/1061
f 1258/1002/1000 1259/1003/1001 1322/1066/1063 1321/1065/1062
f 1259/1003/1001 1260/1004/1002 1323/1067/1064 1322/1066/1063
f 1260/1004/1002 1261/1005/1003 1324/1068/1065 1323/1067/1064
f 1261/1005/1003 1262/1006/941 1325/1069/1066 1324/1068/1065
f 1262/1006/941 1263/1007/1004 1326/1070/1067 1325/1069/1066
f 1263/1007/1004 1264/1008/1005 1327/1071/1068 1326/1070/1067
f 1265/1010/1007 1266/1009/1006 1329/1072/1069 1328/1073/1070
f 1266/1009/1006 1267/1011/1008 1330/1074/1071 1329/1072/1069
f 1267/1011/1008 1268/1012/1009 1331/1075/1072 1330/1074/1071
f 1268/1012/1009 1269/1013/1010 1332/1076/1073 1331/1075/1072
f 1269/1013/1010 1270/1014/1011 1333/1077/1074 1332/1076/1073
f 1270/1014/1011 1271/1015/1012 1334/1078/1075 1333/1077/1074
f 1271/1015/1012 1272/1016/1013 1335/1079/1076 1334/1078/1075
f 1272/1016/1013 1273/1017/1014 1336/1080/1077 1335/1079/1076
f 1273/1017/1014 1274/1018/1015 1337/1081/1078 1336/1080/1077
f 1274/1018/1015 1275/1019/1016 1338/1082/1079 1337/1081/1078
f 1275/1019/1016 1276/1020/1017 1339/1083/1080 1338/1082/1079
f 1276/1020/1017 1277/1021/1018 1340/1084/1081 1339/1083/1080
f 1277/1021/1018 1278/1022/1019 1341/1085/1082 1340/1084/1081
f 1278/1022/1019 1279/1023/1020 1342/1086/1083 1341/1085/1082
f 1279/1023/1020 1280/1024/1021 1343/1087/1084 1342/1086/1083
f 1280/1024/1021 1281/1025/1022 1344/1088/1085 1343/1087/1084
f 1281/1025/1022 1282/1026/1023 1345/1089/1086 1344/1088/1085
f 1282/1026/1023 1283/1027/1024 1346/1090/1087 1345/1089/1086
f 1283/1027/1024 1284/1028/1025 1347/1091/1088 1346/1090/1087
f 1284/1028/1025 1285/1029/1026 1348/1092/1089 1347/1091/1088
f 1285/1029/1026 1286/1030/1027 1349/1093/1090 1348/1092/1089
f 1286/1030/1027 1287/1031/1028 1350/1094/1091 1349/1093/1090
f 1287/1031/1028 1288/1032/1029 1351/1095/1092 1350/1094/1091
f 1288/1032/1029 1289/1033/1030 1352/1096/1093 1351/1095/1092
f 1289/1033/1030 1290/1034/1031 1353/1097/1094 1352/1096/1093
f 1290/1034/1031 1291/1035/1032 1354/1098/1095 1353/1097/1094
f 1291/1035/1032 1292/1036/1033 1355/1099/1096 1354/1098/1095
f 1292/1036/1033 1293/1037/1034 1356/1100/1097 1355/1099/1096
f 1293/1037/1034 1294/1038/1035 1357/1101/1098 1356/1100/1097
f 1294/1038/1035 1295/1039/1036 1358/1102/1099 1357/1101/1098
f 1295/1039/1036 1296/1040/1037 1359/1103/1100 1358/1102/1099
f 1296/1040/1037 1297/1041/1038 1360/1104/1101 1359/1103/1100
f 1297/1041/1038 1298/1042/1039 1361/1105/1102 1360/1104/1101
f 1298/1042/1039 1299/1043/1040 1362/1106/1103 1361/1105/1102
f 1299/1043/1040 1300/1044/1041 1363/1107/1104 1362/1106/1103
f 1300/1044/1041 1301/1045/1042 1364/1108/1105 1363/1107/1104
f 1301/1045/1042 1302/1046/1043 1365/1109/1106 1364/1108/1105
f 1302/1046/1043 1303/1047/1044 1366/1110/1107 1365/1109/1106
f 1303/1047/1044 1304/1048/1045 1367/1111/1108 1366/1110/1107
f 1304/1048/1045 1305/1049/1046 1368/1112/1109 1367/1111/1108
f 1305/1049/1046 1306/1050/1047 1369/1113/1110 1368/1112/1109
f 1306/1050/1047 1307/1051/1048 1370/1114/1111 1369/1113/1110
f 1307/1051/1048 1308/1052/1049 1371/1115/1112 1370/1114/1111
f 1308/1052/1049 1309/1053/1050 1372/1116/1113 1371/1115/1112
f 1309/1053/1050 1310/1054/1051 1373/1117/1114 1372/1116/1113
f 1310/1054/1051 1311/1055/1052 1374/1118/1115 1373/1117/1114
f 1311/1055/1052 1312/1056/1053 1375/1119/1116 1374/1118/1115
f 1312/1056/1053 1313/1057/1054 1376/1120/1117 1375/1119/1116
f 1313/1057/1054 1314/1058/1055 1377/1121/1118 1376/1120/1117
f 1314/1058/1055 1315/1059/1056 1378/1122/1119 1377/1121/1118
f 1315/1059/1056 1316/1060/1057 1379/1123/1120 1378/1122/1119
f 1316/1060/1057 1317/1061/1058 1380/1124/1121 1379/1123/1120
f 1317/1061/1058 1318/1062/1059 1381/1125/1122 1380/1124/1121
f 1318/1062/1059 1319/1063/1060 1382/1126/1123 1381/1125/1122
f 1319/1063/1060 1320/1064/1061 1383/1127/1124 1382/1126/1123
f 1320/1064/1061 1321/1065/1062 1384/1128/1125 1383/1127/1124
f 1321/1065/1062 1322/1066/1063 1385/1129/1126 1384/1128/1125
f 1322/1066/1063 1323/1067/1064 1386/1130/1127 1385/1129/1126
f 1323/1067/1064 1324/1068/1065 1387/1131/1128 1386/1130/1127
f 1324/1068/1065 1325/1069/1066 1388/1132/1129 1387/1131/1128
f 1325/1069/1066 1326/1070/1067 1389/1133/1130 1388/1132/1129
f 1326/1070/1067 1327/1071/1068 1390/1134/1131 1389/1133/1130
f 1328/1073/1070 1329/1072/1069 1392/1135/1132 1391/1136/1133
f 1329/1072/1069 1330/1074/1071 1393/1137/1134 1392/1135/1132
f 1330/1074/1071 1331/1075/1072 1394/1138/1135 1393/1137/1134
f 1331/1075/1072 1332/1076/1073 1395/1139/1136 1394/1138/1135
f 1332/1076/1073 1333/1077/1074 1396/1140/1137 1395/1139/1136
f 1333/1077/1074 1334/1078/1075 1397/1141/1138 1396/1140/1137
f 1334/1078/1075 1335/1079/1076 1398/1142/1139 1397/1141/1138
f 1335/1079/1076 1336/1080/1077 1399/1143/1140 1398/1142/1139
f 1336/1080/1077 1337/1081/1078 1400/1144/1141 1399/1143/1140
f 1337/1081/1078 1338/1082/1079 1401/1145/1142 1400/1144/1141
f 1338/1082/1079 1339/1083/1080 1402/1146/1143 1401/1145/1142
f 1339/1083/1080 1340/1084/1081 1403/1147/1144 1402/1146/1143
f 1340/1084/1081 1341/1085/1082 1404/1148/1145 1403/1147/1144
f 1341/1085/1082 1342/1086/1083 1405/1149/1146 1404/1148/1145
f 1342/1086/1083 1343/1087/1084 1406/1150/1147 1405/1149/1146
f 1343/1087/1084 1344/1088/1085 1407/1151/1148 1406/1150/1147
f 1344/1088/1085 1345/1089/1086 1408/1152/1149 1407/1151/1148
f 1345/1089/1086 1346/1090/1087 1409/1153/1150 1408/1152/1149
f 1346/1090/1087 1347/1091/1088 1410/1154/1151 1409/1153/1150
f 1347/1091/1088 1348/1092/1089 1411/1155/1152 1410/1154/1151
f 1348/1092/1089 1349/1093/1090 1412/1156/1153 1411/1155/1152
f 1349/1093/1090 1350/1094/1091 1413/1157/1154 1412/1156/1153
f 1350/1094/1091 1351/1095/1092 1414/1158/1155 1413/1157/1154
f 1351/1095/1092 1352/1096/1093 1415/1159/1156 1414/1158/1155
f 1352/1096/1093 1353/1097/1094 1416/1160/1157 1415/1159/1156
f 1353/1097/1094 1354/1098/1095 1417/1161/1158 1416/1160/1157
f 1354/1098/1095 1355/1099/1096 1418/1162/1159 1417/1161/1158
f 1355/1099/1096 1356/1100/1097 1419/1163/1160 1418/1162/1159
f 1356/1100/1097 1357/1101/1098 1420/1164/1161 1419/1163/1160
f 1357/1101/1098 1358/1102/1099 1421/1165/1162 1420/1164/1161
f 1358/1102/1099 1359/1103/1100 1422/1166/1163 1421/1165/1162
f 1359/1103/1100 1360/1104/1101 1423/1167/1164 1422/1166/1163
f 1360/1104/1101 1361/1105/1102 1424/1168/1165 1423/1167/1164
f 1361/1105/1102 1362/1106/1103 1425/1169/1166 1424/1168/1165
f 1362/1106/1103 1363/1107/1104 1426/1170/1167 1425/1169/1166
f 1363/1107/1104 1364/1108/1105 1427/1171/1168 1426/1170/1167
f 1364/1108/1105 1365/1109/1106 1428/1172/1169 1427/1171/1168
f 1365/1109/1106 1366/1110/1107 1429/1173/1170 1428/1172/1169
f 1366/1110/1107 1367/1111/1108 1430/1174/1171 1429/1173/1170
f 1367/1111/1108 1368/1112/1109 1431/1175/1172 1430/1174/1171
f 1368/1112/1109 1369/1113/1110 1432/1176/1173 1431/1175/1172
f 1369/1113/1110 1370/1114/1111 1433/1177/1174 1432/1176/1173
f 1370/1114/1111 1371/1115/1112 1434/1178/1175 1433/1177/1174
f 1371/1115/1112 1372/1116/1113 1435/1179/1176 1434/1178/1175
f 1372/1116/1113 1373/1117/1114 1436/1180/1177 1435/1179/1176
f 1373/1117/1114 1374/1118/1115 1437/1181/1178 1436/1180/1177
f 1374/1118/1115 1375/1119/1116 1438/1182/1179 1437/1181/1178
f 1375/1119/1116 1376/1120/1117 1439/1183/1180 1438/1182/1179
f 1376/1120/1117 1377/1121/1118 1440/1184/1181 1439/1183/1180
f 1377/1121/1118 1378/1122/1119 1441/1185/1182 1440/1184/1181
f 1378/1122/1119 1379/1123/1120 1442/1186/1183 1441/1185/1182
f 1379/1123/1120 1380/1124/1121 1443/1187/1184 1442/1186/1183
f 1380/1124/1121 1381/1125/1122 1444/1188/1185 1443/1187/1184
f 1381/1125/1122 1382/1126/1123 1445/1189/1186 1444/1188/1185
f 1382/1126/1123 1383/1127/1124 1446/1190/1187 1445/1189/1186
f 1383/1127/1124 1384/1128/1125 1447/1191/1188 1446/1190/1187
f 1384/1128/1125 1385/1129/1126 1448/1192/1189 1447/1191/1188
f 1385/1129/1126 1386/1130/1127 1449/1193/1190 1448/1192/1189
f 1386/1130/1127 1387/1131/1128 1450/1194/1191 1449/1193/1190
f 1387/1131/1128 1388/1132/1129 1451/1195/1192 1450/1194/1191
f 1388/1132/1129 1389/1133/1130 1452/1196/1193 1451/1195/1192
f 1389/1133/1130 1390/1134/1131 1453/1197/1194 1452/1196/1193
f 1391/1136/1133 1392/1135/1132 1455/1198/1195 1454/1199/1196
f 1392/1135/1132 1393/1137/1134 1456/1200/1197 1455/1198/1195
f 1393/1137/1134 1394/1138/1135 1457/1201/1198 1456/1200/1197
f 1394/1138/1135 1395/1139/1136 1458/1202/1199 1457/1201/1198
f 1395/1139/1136 1396/1140/1137 1459/1203/1200 1458/1202/1199
f 1396/1140/1137 1397/1141/1138 1460/1204/1201 1459/1203/1200
f 1397/1141/1138 1398/1142/1139 1461/1205/1202 1460/1204/1201
f 1398/1142/1139 1399/1143/1140 1462/1206/1203 1461/1205/1202
f 1399/1143/1140 1400/1144/1141 1463/1207/1204 1462/1206/1203
f 1400/1144/1141 1401/1145/1142 1464/1208/1205 1463/1207/1204
f 1401/1145/1142 1402/1146/1143 1465/1209/1206 1464/1208/1205
f 1402/1146/1143 1403/1147/1144 1466/1210/1207 1465/1209/1206
f 1403/1147/1144 1404/1148/1145 1467/1211/1208 1466/1210/1207
f 1404/1148/1145 1405/1149/1146 1468/1212/1209 1467/1211/1208
f 1405/1149/1146 1406/1150/1147 1469/1213/1210 1468/1212/1209
f 1406/1150/1147 1407/1151/1148 1470/1214/1211 1469/1213/1210
f 1407/1151/1148 1408/1152/1149 1471/1215/1212 1470/1214/1211
f 1408/1152/1149 1409/1153/1150 1472/1216/1213 1471/1215/1212
f 1409/1153/1150 1410/1154/1151 1473/1217/1214 1472/1216/1213
f 1410/1154/1151 1411/1155/1152 1474/1218/1215 1473/1217/1214
f 1411/1155/1152 1412/1156/1153 1475/1219/1216 1474/1218/1215
f 1412/1156/1153 1413/1157/1154 1476/1220/1217 1475/1219/1216
f 1413/1157/1154 1414/1158/1155 1477/1221/1218 1476/1220/1217
f 1414/1158/1155 1415/1159/1156 1478/1222/1219 1477/1221/1218
f 1415/1159/1156 1416/1160/1157 1479/1223/1220 1478/1222/1219
f 1416/1160/1157 1417/1161/1158 1480/1224/1221 1479/1223/1220
f 1417/1161/1158 1418/1162/1159 1481/1225/1222 1480/1224/1221
f 1418/1162/1159 1419/1163/1160 1482/1226/1223 1481/1225/1222
f 1419/1163/1160 1420/1164/1161 1483/1227/1224 1482/1226/1223
f 1420/1164/1161 1421/1165/1162 1484/1228/1225 1483/1227/1224
f 1421/1165/1162 1422/1166/1163 1485/1229/1226 1484/1228/1225
f 1422/1166/1163 1423/1167/1164 1486/1230/1227 1485/1229/1226
f 1423/1167/1164 1424/1168/1165 1487/1231/1228 1486/1230/1227
f 1424/1168/1165 1425/1169/1166 1488/1232/1229 1487/1231/1228
f 1425/1169/1166 1426/1170/1167 1489/1233/1230 1488/1232/1229
f 1426/1170/1167 1427/1171/1168 1490/1234/1231 1489/1233/1230
f 1427/1171/1168 1428/1172/1169 1491/1235/1232 1490/1234/1231
f 1428/1172/1169 1429/1173/1170 1492/1236/1233 1491/1235/1232
f 1429/1173/1170 1430/1174/1171 1493/1237/1234 1492/1236/1233
f 1430/1174/1171 1431/1175/1172 1494/1238/1235 1493/1237/1234
f 1431/1175/1172 1432/1176/1173 1495/1239/1236 1494/1238/1235
f 1432/1176/1173 1433/1177/1174 1496/1240/1237 1495/1239/1236
f 1433/1177/1174 1434/1178/1175 1497/1241/1238 1496/1240/1237
f 1434/1178/1175 1435/1179/1176 1498/1242/1239 1497/1241/1238
f 1435/1179/1176 1436/1180/1177 1499/1243/1240 1498/1242/1239
f 1436/1180/1177 1437/1181/1178 1500/1244/1241 1499/1243/1240
f 1437/1181/1178 1438/1182/1179 1501/1245/1242 1500/1244/1241
f 1438/1182/1179 1439/1183/1180 1502/1246/1243 1501/1245/1242
f 1439/1183/1180 1440/1184/1181 1503/1247/1244 1502/1246/1243
f 1440/1184/1181 1441/1185/1182 1504/1248/1245 1503/1247/1244
f 1441/1185/1182 1442/1186/1183 1505/1249/1246 1504/1248/1245
f 1442/1186/1183 1443/1187/1184 1506/1250/1247 1505/1249/1246
f 1443/1187/1184 1444/1188/1185 1507/1251/1248 1506/1250/1247
f 1444/1188/1185 1445/1189/1186 1508/1252/1249 1507/1251/1248
f 1445/1189/1186 1446/1190/1187 1509/1253/1250 1508/1252/1249
f 1446/1190/1187 1447/1191/1188 1510/1254/1251 1509/1253/1250
f 1447/1191/1188 1448/1192/1189 1511/1255/1252 1510/1254/1251
f 1448/1192/1189 1449/1193/1190 1512/1256/1253 1511/1255/1252
f 1449/1193/1190 1450/1194/1191 1513/1257/1254 1512/1256/1253
f 1450/1194/1191 1451/1195/1192 1514/1258/1255 1513/1257/1254
f 1451/1195/1192 1452/1196/1193 1515/1259/1256 1514/1258/1255
f 1452/1196/1193 1453/1197/1194 1516/1260/1257 1515/1259/1256
f 1454/1199/1196 1455/1198/1195 1518/1261/1258 1517/1262/1259
f 1455/1198/1195 1456/1200/1197 1519/1263/1260 1518/1261/1258
f 1456/1200/1197 1457/1201/1198 1520/1264/1261 1519/1263/1260
f 1457/1201/1198 1458/1202/1199 1521/1265/1262 1520/1264/1261
f 1458/1202/1199 1459/1203/1200 1522/1266/1263 1521/1265/1262
f 1459/1203/1200 1460/1204/1201 1523/1267/1264 1522/1266/1263
f 1460/1204/1201 1461/1205/1202 1524/1268/1265 1523/1267/1264
f 1461/1205/1202 1462/1206/1203 1525/1269/1266 1524/1268/1265
f 1462/1206/1203 1463/1207/1204 1526/1270/1267 1525/1269/1266
f 1463/1207/1204 1464/1208/1205 1527/1271/1268 1526/1270/1267
f 1464/1208/1205 1465/1209/1206 1528/1272/1269 1527/1271/1268
f 1465/1209/1206 1466/1210/1207 1529/1273/1270 1528/1272/1269
f 1466/1210/1207 1467/1211/1208 1530/1274/1271 1529/1273/1270
f 1467/1211/1208 1468/1212/1209 1531/1275/1272 1530/1274/1271
f 1468/1212/1209 1469/1213/1210 1532/1276/1273 1531/1275/1272
f 1469/1213/1210 1470/1214/1211 1533/1277/1274 1532/1276/1273
f 1470/1214/1211 1471/1215/1212 1534/1278/1275 1533/1277/1274
f 1471/1215/1212 1472/1216/1213 1535/1279/1276 1534/1278/1275
f 1472/1216/1213 1473/1217/1214 1536/1280/1277 1535/1279/1276
f 1473/1217/1214 1474/1218/1215 1537/1281/1278 1536/1280/1277
f 1474/1218/1215 1475/1219/1216 1538/1282/1279 1537/1281/1278
f 1475/1219/1216 1476/1220/1217 1539/1283/1280 1538/1282/1279
f 1476/1220/1217 1477/1221/1218 1540/1284/1281 1539/1283/1280
f 1477/1221/1218 1478/1222/1219 1541/1285/1282 1540/1284/1281
f 1478/1222/1219 1479/1223/1220 1542/1286/1283 1541/1285/1282
f 1479/1223/1220 1480/1224/1221 1543/1287/1284 1542/1286/1283
f 1480/1224/1221 1481/1225/1222 1544/1288/1285 1543/1287/1284
f 1481/1225/1222 1482/1226/1223 1545/1289/1286 1544/1288/1285
f 1482/1226/1223 1483/1227/1224 1546/1290/1287 1545/1289/1286
f 1483/1227/1224 1484/1228/1225 1547/1291/1288 1546/1290/1287
f 1484/1228/1225 1485/1229/1226 1548/1292/1289 1547/1291/1288
f 1485/1229/1226 1486/1230/1227 1549/1293/1290 1548/1292/1289
f 1486/1230/1227 1487/1231/1228 1550/1294/1291 1549/1293/1290
f 1487/1231/1228 1488/1232/1229 1551/1295/1292 1550/1294/1291
f 1488/1232/1229 1489/1233/1230 1552/1296/1293 1551/1295/1292
f 1489/1233/1230 1490/1234/1231 1553/1297/1294 1552/1296/1293
f 1490/1234/1231 1491/1235/1232 1554/1298/1295 1553/1297/1294
f 1491/1235/1232 1492/1236/1233 1555/1299/1296 1554/1298/1295
f 1492/1236/1233 1493/1237/1234 1556/1300/1297 1555/1299/1296
f 1493/1237/1234 1494/1238/1235 1557/1301/1298 1556/1300/1297
f 1494/1238/1235 1495/1239/1236 1558/1302/1299 1557/1301/1298
f 1495/1239/1236 1496/1240/1237 1559/1303/1300 1558/1302/1299
f 1496/1240/1237 1497/1241/1238 1560/1304/1301 1559/1303/1300
f 1497/1241/1238 1498/1242/1239 1561/1305/1302 1560/1304/1301
f 1498/1242/1239 1499/1243/1240 1562/1306/1303 1561/1305/1302
f 1499/1243/1240 1500/1244/1241 1563/1307/1304 1562/1306/1303
f 1500/1244/1241 1501/1245/1242 1564/1308/1305 1563/1307/1304
f 1501/1245/1242 1502/1246/1243 1565/1309/1306 1564/1308/1305
f 1502/1246/1243 1503/1247/1244 1566/1310/1307 1565/1309/1306
f 1503/1247/1244 1504/1248/1245 1567/1311/1308 1566/1310/1307
f 1504/1248/1245 1505/1249/1246 1568/1312/1309 1567/1311/1308
f 1505/1249/1246 1506/1250/1247 1569/1313/1310 1568/1312/1309
f 1506/1250/1247 1507/1251/1248 1570/1314/1311 1569/1313/1310
f 1507/1251/1248 1508/1252/1249 1571/1315/1312 1570/1314/1311
f 1508/1252/1249 1509/1253/1250 1572/1316/1313 1571/1315/1312
f 1509/1253/1250 1510/1254/1251 1573/1317/1314 1572/1316/1313
f 1510/1254/1251 1511/1255/1252 1574/1318/1315 1573/1317/1314
f 1511/1255/1252 1512/1256/1253 1575/1319/1316 1574/1318/1315
f 1512/1256/1253 1513/1257/1254 1576/1320/1317 1575/1319/1316
f 1513/1257/1254 1514/1258/1255 1577/1321/1318 1576/1320/1317
f 1514/1258/1255 1515/1259/1256 1578/1322/1319 1577/1321/1318
f 1515/1259/1256 1516/1260/1257 1579/1323/1320 1578/1322/1319
f 1517/1262/1259 1518/1261/1258 1581/1324/1321 1580/1325/1322
f 1518/1261/1258 1519/1263/1260 1582/1326/1323 1581/1324/1321
f 1519/1263/1260 1520/1264/1261 1583/1327/1324 1582/1326/1323
f 1520/1264/1261 1521/1265/1262 1584/1328/1325 1583/1327/1324
f 1521/1265/1262 1522/1266/1263 1585/1329/1326 1584/1328/1325
f 1522/1266/1263 1523/1267/1264 1586/1330/1327 1585/1329/1326
f 1523/1267/1264 1524/1268/1265 1587/1331/1328 1586/1330/1327
f 1524/1268/1265 1525/1269/1266 1588/1332/1329 1587/1331/1328
f 1525/1269/1266 1526/1270/1267 1589/1333/1330 1588/1332/1329
f 1526/1270/1267 1527/1271/1268 1590/1334/1331 1589/1333/1330
f 1527/1271/1268 1528/1272/1269 1591/1335/1332 1590/1334/1331
f 1528/1272/1269 1529/1273/1270 1592/1336/1333 1591/1335/1332
f 1529/1273/1270 1530/1274/1271 1593/1337/1334 1592/1336/1333
f 1530/1274/1271 1531/1275/1272 1594/1338/1335 1593/1337/1334
f 1531/1275/1272 1532/1276/1273 1595/1339/1336 1594/1338/1335
f 1532/1276/1273 1533/1277/1274 1596/1340/1337 1595/1339/1336
f 1533/1277/1274 1534/1278/1275 1597/1341/1338 1596/1340/1337
f 1534/1278/1275 1535/1279/1276 1598/1342/1339 1597/1341/1338
f 1535/1279/1276 1536/1280/1277 1599/1343/1340 1598/1342/1339
f 1536/1280/1277 1537/1281/1278 1600/1344/1341 1599/1343/1340
f 1537/1281/1278 1538/1282/1279 1601/1345/1342 1600/1344/1341
f 1538/1282/1279 1539/1283/1280 1602/1346/1343 1601/1345/1342
f 1539/1283/1280 1540/1284/1281 1603/1347/1344 1602/1346/1343
f 1540/1284/1281 1541/1285/1282 1604/1348/1345 1603/1347/1344
f 1541/1285/1282 1542/1286/1283 1605/1349/1346 1604/1348/1345
f 1542/1286/1283 1543/1287/1284 1606/1350/1347 1605/1349/1346
f 1543/1287/1284 1544/1288/1285 1607/1351/1348 1606/1350/1347
f 1544/1288/1285 1545/1289/1286 1608/1352/1349 1607/1351/1348
f 1545/1289/1286 1546/1290/1287 1609/1353/1350 1608/1352/1349
f 1546/1290/1287 1547/1291/1288 1610/1354/1351 1609/1353/1350
f 1547/1291/1288 1548/1292/1289 1611/1355/1352 1610/1354/1351
f 1548/1292/1289 1549/1293/1290 1612/1356/1353 1611/1355/1352
f 1549/1293/1290 1550/1294/1291 1613/1357/1354 1612/1356/1353
f 1550/1294/1291 1551/1295/1292 1614/1358/1355 1613/1357/1354
f 1551/1295/1292 1552/1296/1293 1615/1359/1356 1614/1358/1355
f 1552/1296/1293 1553/1297/1294 1616/1360/1357 1615/1359/1356
f 1553/1297/1294 1554/1298/1295 1617/1361/1358 1616/1360/1357
f 1554/1298/1295 1555/1299/1296 1618/1362/1359 1617/1361/1358
f 1555/1299/1296 1556/1300/1297 1619/1363/1360 1618/1362/1359
f 1556/1300/1297 1557/1301/1298 1620/1364/1361 1619/1363/1360
f 1557/1301/1298 1558/1302/1299 1621/1365/1362 1620/1364/1361
f 1558/1302/1299 1559/1303/1300 1622/1366/1363 1621/1365/1362
f 1559/1303/1300 1560/1304/1301 1623/1367/1364 1622/1366/1363
f 1560/1304/1301 1561/1305/1302 1624/1368/1365 1623/1367/1364
f 1561/1305/1302 1562/1306/1303 1625/1369/1366 1624/1368/1365
f 1562/1306/1303 1563/1307/1304 1626/1370/1367 1625/1369/1366
f 1563/1307/1304 1564/1308/1305 1627/1371/1368 1626/1370/1367
f 1564/1308/1305 1565/1309/1306 1628/1372/1369 1627/1371/1368
f 1565/1309/1306 1566/1310/1307 1629/1373/1370 1628/1372/1369
f 1566/1310/1307 1567/1311/1308 1630/1374/1371 1629/1373/1370
f 1567/1311/1308 1568/1312/1309 1631/1375/1372 1630/1374/1371
f 1568/1312/1309 1569/1313/1310 1632/1376/1373 1631/1375/1372
f 1569/1313/1310 1570/1314/1311 1633/1377/1374 1632/1376/1373
f 1570/1314/1311 1571/1315/1312 1634/1378/1375 1633/1377/1374
f 1571/1315/1312 1572/1316/1313 1635/1379/1376 1634/1378/1375
f 1572/1316/1313 1573/1317/1314 1636/1380/1377 1635/1379/1376
f 1573/1317/1314 1574/1318/1315 1637/1381/1378 1636/1380/1377
f 1574/1318/1315 1575/1319/1316 1638/1382/1379 1637/1381/1378
f 1575/1319/1316 1576/1320/1317 1639/1383/1380 1638/1382/1379
f 1576/1320/1317 1577/1321/1318 1640/1384/1381 1639/1383/1380
f 1577/1321/1318 1578/1322/1319 1641/1385/1382 1640/1384/1381
f 1578/1322/1319 1579/1323/1320 1642/1386/1383 1641/1385/1382
f 1580/1325/1322 1581/1324/1321 1644/1387/1384 1643/1388/1385
f 1581/1324/1321 1582/1326/1323 1645/1389/1386 1644/1387/1384
f 1582/1326/1323 1583/1327/1324 1646/1390/1387 1645/1389/1386
f 1583/1327/1324 1584/1328/1325 1647/1391/1388 1646/1390/1387
f 1584/1328/1325 1585/1329/1326 1648/1392/1389 1647/1391/1388
f 1585/1329/1326 1586/1330/1327 1649/1393/1390 1648/1392/1389
f 1586/1330/1327 1587/1331/1328 1650/1394/1391 1649/1393/1390
f 1587/1331/1328 1588/1332/1329 1651/1395/1392 1650/1394/1391
f 1588/1332/1329 1589/1333/1330 1652/1396/1393 1651/1395/1392
f 1589/1333/1330 1590/1334/1331 1653/1397/1394 1652/1396/1393
f 1590/1334/1331 1591/1335/1332 1654/1398/1395 1653/1397/1394
f 1591/1335/1332 1592/1336/1333 1655/1399/1396 1654/1398/1395
f 1592/1336/1333 1593/1337/1334 1656/1400/1397 1655/1399/1396
f 1593/1337/1334 1594/1338/1335 1657/1401/1398 1656/1400/1397
f 1594/1338/1335 1595/1339/1336 1658/1402/1399 1657/1401/1398
f 1595/1339/1336 1596/1340/1337 1659/1403/1400 1658/1402/1399
f 1596/1340/1337 1597/1341/1338 1660/1404/1401 1659/1403/1400
f 1597/1341/1338 1598/1342/1339 1661/1405/1402 1660/1404/1401
f 1598/1342/1339 1599/1343/1340 1662/1406/1403 1661/1405/1402
f 1599/1343/1340 1600/1344/1341 1663/1407/1404 1662/1406/1403
f 1600/1344/1341 1601/1345/1342 1664/1408/1405 1663/1407/1404
f 1601/1345/1342 1602/1346/1343 1665/1409/1406 1664/1408/1405
f 1602/1346/1343 1603/1347/1344 1666/1410/1407 1665/1409/1406
f 1603/1347/1344 1604/1348/1345 1667/1411/1408 1666/1410/1407
f 1604/1348/1345 1605/1349/1346 1668/1412/1409 1667/1411/1408
f 1605/1349/1346 1606/1350/1347 1669/1413/1410 1668/1412/1409
f 1606/1350/1347 1607/1351/1348 1670/1414/1411 1669/1413/1410
f 1607/1351/1348 1608/1352/1349 1671/1415/1412 1670/1414/1411
f 1608/1352/1349 1609/1353/1350 1672/1416/1413 1671/1415/1412
f 1609/1353/1350 1610/1354/1351 1673/1417/1414 1672/1416/1413
f 1610/1354/1351 1611/1355/1352 1674/1418/1415 1673/1417/1414
f 1611/1355/1352 1612/1356/1353 1675/1419/1416 1674/1418/1415
f 1612/1356/1353 1613/1357/1354 1676/1420/1417 1675/1419/1416
f 1613/1357/1354 1614/1358/1355 1677/1421/1418 1676/1420/1417
f 1614/1358/1355 1615/1359/1356 1678/1422/1419 1677/1421/1418
f 1615/1359/1356 1616/1360/1357 1679/1423/1420 1678/1422/1419
f 1616/1360/1357 1617/1361/1358 1680/1424/1421 1679/1423/1420
f 1617/1361/1358 1618/1362/1359 1681/1425/1422 1680/1424/1421
f 1618/1362/1359 1619/1363/1360 1682/1426/1423 1681/1425/1422
f 1619/1363/1360 1620/1364/1361 1683/1427/1424 1682/1426/1423
f 1620/1364/1361 1621/1365/1362 1684/1428/1425 1683/1427/1424
f 1621/1365/1362 1622/1366/1363 1685/1429/1426 1684/1428/1425
f 1622/1366/1363 1623/1367/1364 1686/1430/1427 1685/1429/1426
f 1623/1367/1364 1624/1368/1365 1687/1431/1428 1686/1430/1427
f 1624/1368/1365 1625/1369/1366 1688/1432/1429 1687/1431/1428
f 1625/1369/1366 1626/1370/1367 1689/1433/1430 1688/1432/1429
f 1626/1370/1367 1627/1371/1368 1690/1434/1431 1689/1433/1430
f 1627/1371/1368 1628/1372/1369 1691/1435/1432 1690/1434/1431
f 1628/1372/1369 1629/1373/1370 1692/1436/1433 1691/1435/1432
f 1629/1373/1370 1630/1374/1371 1693/1437/1434 1692/1436/1433
f 1630/1374/1371 1631/1375/1372 1694/1438/1435 1693/1437/1434
f 1631/1375/1372 1632/1376/1373 1695/1439/1436 1694/1438/1435
f 1632/1376/1373 1633/1377/1374 1696/1440/1437 1695/1439/1436
f 1633/1377/1374 1634/1378/1375 1697/1441/1438 1696/1440/1437
f 1634/1378/1375 1635/1379/1376 1698/1442/1439 1697/1441/1438
f 1635/1379/1376 1636/1380/1377 1699/1443/1377 1698/1442/1439
f 1636/1380/1377 1637/1381/1378 1700/1444/1440 1699/1443/1377
f 1637/1381/1378 1638/1382/1379 1701/1445/1441 1700/1444/1440
f 1638/1382/1379 1639/1383/1380 1702/1446/1442 1701/1445/1441
f 1639/1383/1380 1640/1384/1381 1703/1447/1443 1702/1446/1442
f 1640/1384/1381 1641/1385/1382 1704/1448/1444 1703/1447/1443
f 1641/1385/1382 1642/1386/1383 1705/1449/1445 1704/1448/1444
f 1643/1388/1385 1644/1387/1384 1707/1450/1446 1706/1451/1447
f 1644/1387/1384 1645/1389/1386 1708/1452/1448 1707/1450/1446
f 1645/1389/1386 1646/1390/1387 1709/1453/1449 1708/1452/1448
f 1646/1390/1387 1647/1391/1388 1710/1454/1450 1709/1453/1449
f 1647/1391/1388 1648/1392/1389 1711/1455/1451 1710/1454/1450
f 1648/1392/1389 1649/1393/1390 1712/1456/1452 1711/1455/1451
f 1649/1393/1390 1650/1394/1391 1713/1457/1453 1712/1456/1452
f 1650/1394/1391 1651/1395/1392 1714/1458/1454 1713/1457/1453
f 1651/1395/1392 1652/1396/1393 1715/1459/1455 1714/1458/1454
f 1652/1396/1393 1653/1397/1394 1716/1460/1456 1715/1459/1455
f 1653/1397/1394 1654/1398/1395 1717/1461/1457 1716/1460/1456
f 1654/1398/1395 1655/1399/1396 1718/1462/1458 1717/1461/1457
f 1655/1399/1396 1656/1400/1397 1719/1463/1459 1718/1462/1458
f 1656/1400/1397 1657/1401/1398 1720/1464/1460 1719/1463/1459
f 1657/1401/1398 1658/1402/1399 1721/1465/1461 1720/1464/1460
f 1658/1402/1399 1659/1403/1400 1722/1466/1462 1721/1465/1461
f 1659/1403/1400 1660/1404/1401 1723/1467/1463 1722/1466/1462
f 1660/1404/1401 1661/1405/1402 1724/1468/1464 1723/1467/1463
f 1661/1405/1402 1662/1406/1403 1725/1469/1465 1724/1468/1464
f 1662/1406/1403 1663/1407/1404 1726/1470/1466 1725/1469/1465
f 1663/1407/1404 1664/1408/1405 1727/1471/1467 1726/1470/1466
f 1664/1408/1405 1665/1409/1406 1728/1472/1468 1727/1471/1467
f 1665/1409/1406 1666/1410/1407 1729/1473/1469 1728/1472/1468
f 1666/1410/1407 1667/1411/1408 1730/1474/1470 1729/1473/1469
f 1667/1411/1408 1668/1412/1409 1731/1475/1471 1730/1474/1470
f 1668/1412/1409 1669/1413/1410 1732/1476/1472 1731/1475/1471
f 1669/1413/1410 1670/1414/1411 1733/1477/1473 1732/1476/1472
f 1670/1414/1411 1671/1415/1412 1734/1478/1474 1733/1477/1473
f 1671/1415/1412 1672/1416/1413 1735/1479/1475 1734/1478/1474
f 1672/1416/1413 1673/1417/1414 1736/1480/1476 1735/1479/1475
f 1673/1417/1414 1674/1418/1415 1737/1481/1477 1736/1480/1476
f 1674/1418/1415 1675/1419/1416 1738/1482/1478 1737/1481/1477
f 1675/1419/1416 1676/1420/1417 1739/1483/1479 1738/1482/1478
f 1676/1420/1417 1677/1421/1418 1740/1484/1480 1739/1483/1479
f 1677/1421/1418 1678/1422/1419 1741/1485/1481 1740/1484/1480
f 1678/1422/1419 1679/1423/1420 1742/1486/1482 1741/1485/1481
f 1679/1423/1420 1680/1424/1421 1743/1487/1483 1742/1486/1482
f 1680/1424/1421 1681/1425/1422 1744/1488/1484 1743/1487/1483
f 1681/1425/1422 1682/1426/1423 1745/1489/1485 1744/1488/1484
f 1682/1426/1423 1683/1427/1424 1746/1490/1486 1745/1489/1485
f 1683/1427/1424 1684/1428/1425 1747/1491/1487 1746/1490/1486
f 1684/1428/1425 1685/1429/1426 1748/1492/1488 1747/1491/1487
f 1685/1429/1426 1686/1430/1427 1749/1493/1489 1748/1492/1488
f 1686/1430/1427 1687/1431/1428 1750/1494/1490 1749/1493/1489
f 1687/1431/1428 1688/1432/1429 1751/1495/1491 1750/1494/1490
f 1688/1432/1429 1689/1433/1430 1752/1496/1492 1751/1495/1491
f 1689/1433/1430 1690/1434/1431 1753/1497/1493 1752/1496/1492
f 1690/1434/1431 1691/1435/1432 1754/1498/1494 1753/1497/1493
f 1691/1435/1432 1692/1436/1433 1755/1499/1495 1754/1498/1494
f 1692/1436/1433 1693/1437/1434 1756/1500/1496 1755/1499/1495
f 1693/1437/1434 1694/1438/1435 1757/1501/1497 1756/1500/1496
f 1694/1438/1435 1695/1439/1436 1758/1502/1498 1757/1501/1497
f 1695/1439/1436 1696/1440/1437 1759/1503/1499 1758/1502/1498
f 1696/1440/1437 1697/1441/1438 1760/1504/1500 1759/1503/1499
f 1697/1441/1438 1698/1442/1439 1761/1505/1501 1760/1504/1500
f 1698/1442/1439 1699/1443/1377 1762/1506/1502 1761/1505/1501
f 1699/1443/1377 1700/1444/1440 1763/1507/1503 1762/1506/1502
f 1700/1444/1440 1701/1445/1441 1764/1508/1504 1763/1507/1503
f 1701/1445/1441 1702/1446/1442 1765/1509/1505 1764/1508/1504
f 1702/1446/1442 1703/1447/1443 1766/1510/1506 1765/1509/1505
f 1703/1447/1443 1704/1448/1444 1767/1511/1507 1766/1510/1506
f 1704/1448/1444 1705/1449/1445 1768/1512/1508 1767/1511/1507
f 1706/1451/1447 1707/1450/1446 1770/1513/1509 1769/1514/1510
f 1707/1450/1446 1708/1452/1448 1771/1515/1511 1770/1513/1509
f 1708/1452/1448 1709/1453/1449 1772/1516/1512 1771/1515/1511
f 1709/1453/1449 1710/1454/1450 1773/1517/1513 1772/1516/1512
f 1710/1454/1450 1711/1455/1451 1774/1518/1514 1773/1517/1513
f 1711/1455/1451 1712/1456/1452 1775/1519/1515 1774/1518/1514
f 1712/1456/1452 1713/1457/1453 1776/1520/1516 1775/1519/1515
f 1713/1457/1453 1714/1458/1454 1777/1521/1517 1776/1520/1516
f 1714/1458/1454 1715/1459/1455 1778/1522/1518 1777/1521/1517
f 1715/1459/1455 1716/1460/1456 1779/1523/1519 1778/1522/1518
f 1716/1460/1456 1717/1461/1457 1780/1524/1520 1779/1523/1519
f 1717/1461/1457 1718/1462/1458 1781/1525/1521 1780/1524/1520
f 1718/1462/1458 1719/1463/1459 1782/1526/1522 1781/1525/1521
f 1719/1463/1459 1720/1464/1460 1783/1527/1523 1782/1526/1522
f 1720/1464/1460 1721/1465/1461 1784/1528/1524 1783/1527/1523
f 1721/1465/1461 1722/1466/1462 1785/1529/1525 1784/1528/1524
f 1722/1466/1462 1723/1467/1463 1786/1530/1526 1785/1529/1525
f 1723/1467/1463 1724/1468/1464 1787/1531/1527 1786/1530/1526
f 1724/1468/1464 1725/1469/1465 1788/1532/1528 1787/1531/1527
f 1725/1469/1465 1726/1470/1466 1789/1533/1529 1788/1532/1528
f 1726/1470/1466 1727/1471/1467 1790/1534/1530 1789/1533/1529
f 1727/1471/1467 1728/1472/1468 1791/1535/1531 1790/1534/1530
f 1728/1472/1468 1729/1473/1469 1792/1536/1532 1791/1535/1531
f 1729/1473/1469 1730/1474/1470 1793/1537/1533 1792/1536/1532
f 1730/1474/1470 1731/1475/1471 1794/1538/1534 1793/1537/1533
f 1731/1475/1471 1732/1476/1472 1795/1539/1535 1794/1538/1534
f 1732/1476/1472 1733/1477/1473 1796/1540/1536 1795/1539/1535
f 1733/1477/1473 1734/1478/1474 1797/1541/1537 1796/1540/1536
f 1734/1478/1474 1735/1479/1475 1798/1542/1538 1797/1541/1537
f 1735/1479/1475 1736/1480/1476 1799/1543/1539 1798/1542/1538
f 1736/1480/1476 1737/1481/1477 1800/1544/1540 1799/1543/1539
f 1737/1481/1477 1738/1482/1478 1801/1545/1541 1800/1544/1540
f 1738/1482/1478 1739/1483/1479 1802/1546/1542 1801/1545/1541
f 1739/1483/1479 1740/1484/1480 1803/1547/1543 1802/1546/1542
f 1740/1484/1480 1741/1485/1481 1804/1548/1544 1803/1547/1543
f 1741/1485/1481 1742/1486/1482 1805/1549/1545 1804/1548/1544
f 1742/1486/1482 1743/1487/1483 1806/1550/1546 1805/1549/1545
f 1743/1487/1483 1744/1488/1484 1807/1551/1547 1806/1550/1546
f 1744/1488/1484 1745/1489/1485 1808/1552/1548 1807/1551/1547
f 1745/1489/1485 1746/1490/1486 1809/1553/1549 1808/1552/1548
f 1746/1490/1486 1747/1491/1487 1810/1554/1550 1809/1553/1549
f 1747/1491/1487 1748/1492/1488 1811/1555/1551 1810/1554/1550
f 1748/1492/1488 1749/1493/1489 1812/1556/1552 1811/1555/1551
f 1749/1493/1489 1750/1494/1490 1813/1557/1553 1812/1556/1552
f 1750/1494/1490 1751/1495/1491 1814/1558/1554 1813/1557/1553
f 1751/1495/1491 1752/1496/1492 1815/1559/1555 1814/1558/1554
f 1752/1496/1492 1753/1497/1493 1816/1560/1556 1815/1559/1555
f 1753/1497/1493 1754/1498/1494 1817/1561/1557 1816/1560/1556
f 1754/1498/1494 1755/1499/1495 1818/1562/1558 1817/1561/1557
f 1755/1499/1495 1756/1500/1496 1819/1563/1559 1818/1562/1558
f 1756/1500/1496 1757/1501/1497 1820/1564/1560 1819/1563/1559
f 1757/1501/1497 1758/1502/1498 1821/1565/1561 1820/1564/1560
f 1758/1502/1498 1759/1503/1499 1822/1566/1562 1821/1565/1561
f 1759/1503/1499 1760/1504/1500 1823/1567/1563 1822/1566/1562
f 1760/1504/1500 1761/1505/1501 1824/1568/1564 1823/1567/1563
f 1761/1505/1501 1762/1506/1502 1825/1569/1565 1824/1568/1564
f 1762/1506/1502 1763/1507/1503 1826/1570/1566 1825/1569/1565
f 1763/1507/1503 1764/1508/1504 1827/1571/1567 1826/1570/1566
f 1764/1508/1504 1765/1509/1505 1828/1572/1568 1827/1571/1567
f 1765/1509/1505 1766/1510/1506 1829/1573/1569 1828/1572/1568
f 1766/1510/1506 1767/1511/1507 1830/1574/1570 1829/1573/1569
f 1767/1511/1507 1768/1512/1508 1831/1575/1571 1830/1574/1570
f 1769/1514/1510 1770/1513/1509 1833/1576/1572 1832/1577/1573
f 1770/1513/1509 1771/1515/1511 1834/1578/1574 1833/1576/1572
f 1771/1515/1511 1772/1516/1512 1835/1579/1575 1834/1578/1574
f 1772/1516/1512 1773/1517/1513 1836/1580/1576 1835/1579/1575
f 1773/1517/1513 1774/1518/1514 1837/1581/1577 1836/1580/1576
f 1774/1518/1514 1775/1519/1515 1838/1582/1578 1837/1581/1577
f 1775/1519/1515 1776/1520/1516 1839/1583/1579 1838/1582/1578
f 1776/1520/1516 1777/1521/1517 1840/1584/1580 1839/1583/1579
f 1777/1521/1517 1778/1522/1518 1841/1585/1581 1840/1584/1580
f 1778/1522/1518 1779/1523/1519 1842/1586/1582 1841/1585/1581
f 1779/1523/1519 1780/1524/1520 1843/1587/1583 1842/1586/1582
f 1780/1524/1520 1781/1525/1521 1844/1588/1584 1843/1587/1583
f 1781/1525/1521 1782/1526/1522 1845/1589/1585 1844/1588/1584
f 1782/1526/1522 1783/1527/1523 1846/1590/1586 1845/1589/1585
f 1783/1527/1523 1784/1528/1524 1847/1591/1587 1846/1590/1586
f 1784/1528/1524 1785/1529/1525 1848/1592/1588 1847/1591/1587
f 1785/1529/1525 1786/1530/1526 1849/1593/1589 1848/1592/1588
f 1786/1530/1526 1787/1531/1527 1850/1594/1590 1849/1593/1589
f 1787/1531/1527 1788/1532/1528 1851/1595/1591 1850/1594/1590
f 1788/1532/1528 1789/1533/1529 1852/1596/1592 1851/1595/1591
f 1789/1533/1529 1790/1534/1530 1853/1597/1593 1852/1596/1592
f 1790/1534/1530 1791/1535/1531 1854/1598/1594 1853/1597/1593
f 1791/1535/1531 1792/1536/1532 1855/1599/1595 1854/1598/1594
f 1792/1536/1532 1793/1537/1533 1856/1600/1596 1855/1599/1595
f 1793/1537/1533 1794/1538/1534 1857/1601/1597 1856/1600/1596
f 1794/1538/1534 1795/1539/1535 1858/1602/1598 1857/1601/1597
f 1795/1539/1535 1796/1540/1536 1859/1603/1599 1858/1602/1598
f 1796/1540/1536 1797/1541/1537 1860/1604/1600 1859/1603/1599
f 1797/1541/1537 1798/1542/1538 1861/1605/1601 1860/1604/1600
f 1798/1542/1538 1799/1543/1539 1862/1606/1602 1861/1605/1601
f 1799/1543/1539 1800/1544/1540 1863/1607/1603 1862/1606/1602
f 1800/1544/1540 1801/1545/1541 1864/1608/1604 1863/1607/1603
f 1801/1545/1541 1802/1546/1542 1865/1609/1605 1864/1608/1604
f 1802/1546/1542 1803/1547/1543 1866/1610/1606 1865/1609/1605
f 1803/1547/1543 1804/1548/1544 1867/1611/1607 1866/1610/1606
f 1804/1548/1544 1805/1549/1545 1868/1612/1608 1867/1611/1607
f 1805/1549/1545 1806/1550/1546 1869/1613/1609 1868/1612/1608
f 1806/1550/1546 1807/1551/1547 1870/1614/1610 1869/1613/1609
f 1807/1551/1547 1808/1552/1548 1871/1615/1611 1870/1614/1610
f 1808/1552/1548 1809/1553/1549 1872/1616/1612 1871/1615/1611
f 1809/1553/1549 1810/1554/1550 1873/1617/1613 1872/1616/1612
f 1810/1554/1550 1811/1555/1551 1874/1618/1614 1873/1617/1613
f 1811/1555/1551 1812/1556/1552 1875/1619/1615 1874/1618/1614
f 1812/1556/1552 1813/1557/1553 1876/1620/1616 1875/1619/1615
f 1813/1557/1553 1814/1558/1554 1877/1621/1617 1876/1620/1616
f 1814/1558/1554 1815/1559/1555 1878/1622/1618 1877/1621/1617
f 1815/1559/1555 1816/1560/1556 1879/1623/1619 1878/1622/1618
f 1816/1560/1556 1817/1561/1557 1880/1624/1620 1879/1623/1619
f 1817/1561/1557 1818/1562/1558 1881/1625/1621 1880/1624/1620
f 1818/1562/1558 1819/1563/1559 1882/1626/1622 1881/1625/1621
f 1819/1563/1559 1820/1564/1560 1883/1627/1623 1882/1626/1622
f 1820/1564/1560 1821/1565/1561 1884/1628/1624 1883/1627/1623
f 1821/1565/1561 1822/1566/1562 1885/1629/1625 1884/1628/1624
f 1822/1566/1562 1823/1567/1563 1886/1630/1626 1885/1629/1625
f 1823/1567/1563 1824/1568/1564 1887/1631/1627 1886/1630/1626
f 1824/1568/1564 1825/1569/1565 1888/1632/1628 1887/1631/1627
f 1825/1569/1565 1826/1570/1566 1889/1633/1629 1888/1632/1628
f 1826/1570/1566 1827/1571/1567 1890/1634/1630 1889/1633/1629
f 1827/1571/1567 1828/1572/1568 1891/1635/1631 1890/1634/1630
f 1828/1572/1568 1829/1573/1569 1892/1636/1632 1891/1635/1631
f 1829/1573/1569 1830/1574/1570 1893/1637/1633 1892/1636/1632
f 1830/1574/1570 1831/1575/1571 1894/1638/1634 1893/1637/1633
f 1832/1577/1573 1833/1576/1572 1896/1639/1635 1895/1640/1636
f 1833/1576/1572 1834/1578/1574 1897/1641/1637 1896/1639/1635
f 1834/1578/1574 1835/1579/1575 1898/1642/1638 1897/1641/1637
f 1835/1579/1575 1836/1580/1576 1899/1643/1639 1898/1642/1638
f 1836/1580/1576 1837/1581/1577 1900/1644/1640 1899/1643/1639
f 1837/1581/1577 1838/1582/1578 1901/1645/1641 1900/1644/1640
f 1838/1582/1578 1839/1583/1579 1902/1646/1642 1901/1645/1641
f 1839/1583/1579 1840/1584/1580 1903/1647/1580 1902/1646/1642
f 1840/1584/1580 1841/1585/1581 1904/1648/1581 1903/1647/1580
f 1841/1585/1581 1842/1586/1582 1905/1649/1582 1904/1648/1581
f 1842/1586/1582 1843/1587/1583 1906/1650/1643 1905/1649/1582
f 1843/1587/1583 1844/1588/1584 1907/1651/1644 1906/1650/1643
f 1844/1588/1584 1845/1589/1585 1908/1652/1645 1907/1651/1644
f 1845/1589/1585 1846/1590/1586 1909/1653/1646 1908/1652/1645
f 1846/1590/1586 1847/1591/1587 1910/1654/1647 1909/1653/1646
f 1847/1591/1587 1848/1592/1588 1911/1655/1648 1910/1654/1647
f 1848/1592/1588 1849/1593/1589 1912/1656/1649 1911/1655/1648
f 1849/1593/1589 1850/1594/1590 1913/1657/1650 1912/1656/1649
f 1850/1594/1590 1851/1595/1591 1914/1658/1651 1913/1657/1650
f 1851/1595/1591 1852/1596/1592 1915/1659/1652 1914/1658/1651
f 1852/1596/1592 1853/1597/1593 1916/1660/1653 1915/1659/1652
f 1853/1597/1593 1854/1598/1594 1917/1661/1654 1916/1660/1653
f 1854/1598/1594 1855/1599/1595 1918/1662/1655 1917/1661/1654
f 1855/1599/1595 1856/1600/1596 1919/1663/1656 1918/1662/1655
f 1856/1600/1596 1857/1601/1597 1920/1664/1657 1919/1663/1656
f 1857/1601/1597 1858/1602/1598 1921/1665/1658 1920/1664/1657
f 1858/1602/1598 1859/1603/1599 1922/1666/1659 1921/1665/1658
f 1859/1603/1599 1860/1604/1600 1923/1667/1660 1922/1666/1659
f 1860/1604/1600 1861/1605/1601 1924/1668/1661 1923/1667/1660
f 1861/1605/1601 1862/1606/1602 1925/1669/1662 1924/1668/1661
f 1862/1606/1602 1863/1607/1603 1926/1670/1663 1925/1669/1662
f 1863/1607/1603 1864/1608/1604 1927/1671/1664 1926/1670/1663
f 1864/1608/1604 1865/1609/1605 1928/1672/1665 1927/1671/1664
f 1865/1609/1605 1866/1610/1606 1929/1673/1666 1928/1672/1665
f 1866/1610/1606 1867/1611/1607 1930/1674/1667 1929/1673/1666
f 1867/1611/1607 1868/1612/1608 1931/1675/1668 1930/1674/1667
f 1868/1612/1608 1869/1613/1609 1932/1676/1669 1931/1675/1668
f 1869/1613/1609 1870/1614/1610 1933/1677/1670 1932/1676/1669
f 1870/1614/1610 1871/1615/1611 1934/1678/1671 1933/1677/1670
f 1871/1615/1611 1872/1616/1612 1935/1679/1672 1934/1678/1671
f 1872/1616/1612 1873/1617/1613 1936/1680/1673 1935/1679/1672
f 1873/1617/1613 1874/1618/1614 1937/1681/1674 1936/1680/1673
f 1874/1618/1614 1875/1619/1615 1938/1682/1675 1937/1681/1674
f 1875/1619/1615 1876/1620/1616 1939/1683/1676 1938/1682/1675
f 1876/1620/1616 1877/1621/1617 1940/1684/1677 1939/1683/1676
f 1877/1621/1617 1878/1622/1618 1941/1685/1678 1940/1684/1677
f 1878/1622/1618 1879/1623/1619 1942/1686/1679 1941/1685/1678
f 1879/1623/1619 1880/1624/1620 1943/1687/1680 1942/1686/1679
f 1880/1624/1620 1881/1625/1621 1944/1688/1681 1943/1687/1680
f 1881/1625/1621 1882/1626/1622 1945/1689/1682 1944/1688/1681
f 1882/1626/1622 1883/1627/1623 1946/1690/1683 1945/1689/1682
f 1883/1627/1623 1884/1628/1624 1947/1691/1684 1946/1690/1683
f 1884/1628/1624 1885/1629/1625 1948/1692/1685 1947/1691/1684
f 1885/1629/1625 1886/1630/1626 1949/1693/1686 1948/1692/1685
f 1886/1630/1626 1887/1631/1627 1950/1694/1687 1949/1693/1686
f 1887/1631/1627 1888/1632/1628 1951/1695/1688 1950/1694/1687
f 1888/1632/1628 1889/1633/1629 1952/1696/1689 1951/1695/1688
f 1889/1633/1629 1890/1634/1630 1953/1697/1690 1952/1696/1689
f 1890/1634/1630 1891/1635/1631 1954/1698/1691 1953/1697/1690
f 1891/1635/1631 1892/1636/1632 1955/1699/1692 1954/1698/1691
f 1892/1636/1632 1893/1637/1633 1956/1700/1693 1955/1699/1692
f 1893/1637/1633 1894/1638/1634 1957/1701/1694 1956/1700/1693
f 1895/1640/1636 1896/1639/1635 1959/1702/1695 1958/1703/1696
f 1896/1639/1635 1897/1641/1637 1960/1704/1697 1959/1702/1695
f 1897/1641/1637 1898/1642/1638 1961/1705/1698 1960/1704/1697
f 1898/1642/1638 1899/1643/1639 1962/1706/1699 1961/1705/1698
f 1899/1643/1639 1900/1644/1640 1963/1707/1700 1962/1706/1699
f 1900/1644/1640 1901/1645/1641 1964/1708/1701 1963/1707/1700
f 1901/1645/1641 1902/1646/1642 1965/1709/1702 1964/1708/1701
f 1902/1646/1642 1903/1647/1580 1966/1710/1703 1965/1709/1702
f 1903/1647/1580 1904/1648/1581 1967/1711/1704 1966/1710/1703
f 1904/1648/1581 1905/1649/1582 1968/1712/1705 1967/1711/1704
f 1905/1649/1582 1906/1650/1643 1969/1713/1706 1968/1712/1705
f 1906/1650/1643 1907/1651/1644 1970/1714/1707 1969/1713/1706
f 1907/1651/1644 1908/1652/1645 1971/1715/1708 1970/1714/1707
f 1908/1652/1645 1909/1653/1646 1972/1716/1709 1971/1715/1708
f 1909/1653/1646 1910/1654/1647 1973/1717/1710 1972/1716/1709
f 1910/1654/1647 1911/1655/1648 1974/1718/1711 1973/1717/1710
f 1911/1655/1648 1912/1656/1649 1975/1719/1712 1974/1718/1711
f 1912/1656/1649 1913/1657/1650 1976/1720/1713 1975/1719/1712
f 1913/1657/1650 1914/1658/1651 1977/1721/1714 1976/1720/1713
f 1914/1658/1651 1915/1659/1652 1978/1722/1715 1977/1721/1714
f 1915/1659/1652 1916/1660/1653 1979/1723/1716 1978/1722/1715
f 1916/1660/1653 1917/1661/1654 1980/1724/1717 1979/1723/1716
f 1917/1661/1654 1918/1662/1655 1981/1725/1718 1980/1724/1717
f 1918/1662/1655 1919/1663/1656 1982/1726/1719 1981/1725/1718
f 1919/1663/1656 1920/1664/1657 1983/1727/1720 1982/1726/1719
f 1920/1664/1657 1921/1665/1658 1984/1728/1721 1983/1727/1720
f 1921/1665/1658 1922/1666/1659 1985/1729/1722 1984/1728/1721
f 1922/1666/1659 1923/1667/1660 1986/1730/1723 1985/1729/1722
f 1923/1667/1660 1924/1668/1661 1987/1731/1724 1986/1730/1723
f 1924/1668/1661 1925/1669/1662 1988/1732/1725 1987/1731/1724
f 1925/1669/1662 1926/1670/1663 1989/1733/1726 1988/1732/1725
f 1926/1670/1663 1927/1671/1664 1990/1734/1727 1989/1733/1726
f 1927/1671/1664 1928/1672/1665 1991/1735/1728 1990/1734/1727
f 1928/1672/1665 1929/1673/1666 1992/1736/1729 1991/1735/1728
f 1929/1673/1666 1930/1674/1667 1993/1737/1730 1992/1736/1729
f 1930/1674/1667 1931/1675/1668 1994/1738/1731 1993/1737/1730
f 1931/1675/1668 1932/1676/1669 1995/1739/1732 1994/1738/1731
f 1932/1676/1669 1933/1677/1670 1996/1740/1733 1995/1739/1732
f 1933/1677/1670 1934/1678/1671 1997/1741/1734 1996/1740/1733
f 1934/1678/1671 1935/1679/1672 1998/1742/1735 1997/1741/1734
f 1935/1679/1672 1936/1680/1673 1999/1743/1736 1998/1742/1735
f 1936/1680/1673 1937/1681/1674 2000/1744/1737 1999/1743/1736
f 1937/1681/1674 1938/1682/1675 2001/1745/1738 2000/1744/1737
f 1938/1682/1675 1939/1683/1676 2002/1746/1739 2001/1745/1738
f 1939/1683/1676 1940/1684/1677 2003/1747/1740 2002/1746/1739
f 1940/1684/1677 1941/1685/1678 2004/1748/1741 2003/1747/1740
f 1941/1685/1678 1942/1686/1679 2005/1749/1742 2004/1748/1741
f 1942/1686/1679 1943/1687/1680 2006/1750/1743 2005/1749/1742
f 1943/1687/1680 1944/1688/1681 2007/1751/1744 2006/1750/1743
f 1944/1688/1681 1945/1689/1682 2008/1752/1745 2007/1751/1744
f 1945/1689/1682 1946/1690/1683 2009/1753/1746 2008/1752/1745
f 1946/1690/1683 1947/1691/1684 2010/1754/1747 2009/1753/1746
f 1947/1691/1684 1948/1692/1685 2011/1755/1748 2010/1754/1747
f 1948/1692/1685 1949/1693/1686 2012/1756/1749 2011/1755/1748
f 1949/1693/1686 1950/1694/1687 2013/1757/1750 2012/1756/1749
f 1950/1694/1687 1951/1695/1688 2014/1758/1751 2013/1757/1750
f 1951/1695/1688 1952/1696/1689 2015/1759/1752 2014/1758/1751
f 1952/1696/1689 1953/1697/1690 2016/1760/1753 2015/1759/1752
f 1953/1697/1690 1954/1698/1691 2017/1761/1754 2016/1760/1753
f 1954/1698/1691 1955/1699/1692 2018/1762/1755 2017/1761/1754
f 1955/1699/1692 1956/1700/1693 2019/1763/1756 2018/1762/1755
f 1956/1700/1693 1957/1701/1694 2020/1764/1757 2019/1763/1756
f 1958/1703/1696 1959/1702/1695 2022/1765/1758 2021/1766/1759
f 1959/1702/1695 1960/1704/1697 2023/1767/1760 2022/1765/1758
f 1960/1704/1697 1961/1705/1698 2024/1768/1761 2023/1767/1760
f 1961/1705/1698 1962/1706/1699 2025/1769/1762 2024/1768/1761
f 1962/1706/1699 1963/1707/1700 2026/1770/1763 2025/1769/1762
f 1963/1707/1700 1964/1708/1701 2027/1771/1764 2026/1770/1763
f 1964/1708/1701 1965/1709/1702 2028/1772/1765 2027/1771/1764
f 1965/1709/1702 1966/1710/1703 2029/1773/1766 2028/1772/1765
f 1966/1710/1703 1967/1711/1704 2030/1774/1767 2029/1773/1766
f 1967/1711/1704 1968/1712/1705 2031/1775/1768 2030/1774/1767
f 1968/1712/1705 1969/1713/1706 2032/1776/1769 2031/1775/1768
f 1969/1713/1706 1970/1714/1707 2033/1777/1770 2032/1776/1769
f 1970/1714/1707 1971/1715/1708 2034/1778/1771 2033/1777/1770
f 1971/1715/1708 1972/1716/1709 2035/1779/1772 2034/1778/1771
f 1972/1716/1709 1973/1717/1710 2036/1780/1773 2035/1779/1772
f 1973/1717/1710 1974/1718/1711 2037/1781/1774 2036/1780/1773
f 1974/1718/1711 1975/1719/1712 2038/1782/1775 2037/1781/1774
f 1975/1719/1712 1976/1720/1713 2039/1783/1776 2038/1782/1775
f 1976/1720/1713 1977/1721/1714 2040/1784/1777 2039/1783/1776
f 1977/1721/1714 1978/1722/1715 2041/1785/1778 2040/1784/1777
f 1978/1722/1715 1979/1723/1716 2042/1786/1779 2041/1785/1778
f 1979/1723/1716 1980/1724/1717 2043/1787/1780 2042/1786/1779
f 1980/1724/1717 1981/1725/1718 2044/1788/1781 2043/1787/1780
f 1981/1725/1718 1982/1726/1719 2045/1789/1782 2044/1788/1781
f 1982/1726/1719 1983/1727/1720 2046/1790/1783 2045/1789/1782
f 1983/1727/1720 1984/1728/1721 2047/1791/1784 2046/1790/1783
f 1984/1728/1721 1985/1729/1722 2048/1792/1785 2047/1791/1784
f 1985/1729/1722 1986/1730/1723 2049/1793/1786 2048/1792/1785
f 1986/1730/1723 1987/1731/1724 2050/1794/1787 2049/1793/1786
f 1987/1731/1724 1988/1732/1725 2051/1795/1788 2050/1794/1787
f 1988/1732/1725 1989/1733/1726 2052/1796/1789 2051/1795/1788
f 1989/1733/1726 1990/1734/1727 2053/1797/1790 2052/1796/1789
f 1990/1734/1727 1991/1735/1728 2054/1798/1791 2053/1797/1790
f 1991/1735/1728 1992/1736/1729 2055/1799/1792 2054/1798/1791
f 1992/1736/1729 1993/1737/1730 2056/1800/1793 2055/1799/1792
f 1993/1737/1730 1994/1738/1731 2057/1801/1794 2056/1800/1793
f 1994/1738/1731 1995/1739/1732 2058/1802/1795 2057/1801/1794
f 1995/1739/1732 1996/1740/1733 2059/1803/1796 2058/1802/1795
f 1996/1740/1733 1997/1741/1734 2060/1804/1797 2059/1803/1796
f 1997/1741/1734 1998/1742/1735 2061/1805/1798 2060/1804/1797
f 1998/1742/1735 1999/1743/1736 2062/1806/1799 2061/1805/1798
f 1999/1743/1736 2000/1744/1737 2063/1807/1800 2062/1806/1799
f 2000/1744/1737 2001/1745/1738 2064/1808/1801 2063/1807/1800
f 2001/1745/1738 2002/1746/1739 2065/1809/1802 2064/1808/1801
f 2002/1746/1739 2003/1747/1740 2066/1810/1803 2065/1809/1802
f 2003/1747/1740 2004/1748/1741 2067/1811/1804 2066/1810/1803
f 2004/1748/1741 2005/1749/1742 2068/1812/1805 2067/1811/1804
f 2005/1749/1742 2006/1750/1743 2069/1813/1806 2068/1812/1805
f 2006/1750/1743 2007/1751/1744 2070/1814/1807 2069/1813/1806
f 2007/1751/1744 2008/1752/1745 2071/1815/1808 2070/1814/1807
f 2008/1752/1745 2009/1753/1746 2072/1816/1809 2071/1815/1808
f 2009/1753/1746 2010/1754/1747 2073/1817/1810 2072/1816/1809
f 2010/1754/1747 2011/1755/1748 2074/1818/1811 2073/1817/1810
f 2011/1755/1748 2012/1756/1749 2075/1819/1812 2074/1818/1811
f 2012/1756/1749 2013/1757/1750 2076/1820/1813 2075/1819/1812
f 2013/1757/1750 2014/1758/1751 2077/1821/1814 2076/1820/1813
f 2014/1758/1751 2015/1759/1752 2078/1822/1815 2077/1821/1814
f 2015/1759/1752 2016/1760/1753 2079/1823/1816 2078/1822/1815
f 2016/1760/1753 2017/1761/1754 2080/1824/1817 2079/1823/1816
f 2017/1761/1754 2018/1762/1755 2081/1825/1818 2080/1824/1817
f 2018/1762/1755 2019/1763/1756 2082/1826/1819 2081/1825/1818
f 2019/1763/1756 2020/1764/1757 2083/1827/1820 2082/1826/1819
f 2021/1766/1759 2022/1765/1758 2085/1828/1821 2084/1829/1822
f 2022/1765/1758 2023/1767/1760 2086/1830/1823 2085/1828/1821
f 2023/1767/1760 2024/1768/1761 2087/1831/1824 2086/1830/1823
f 2024/1768/1761 2025/1769/1762 2088/1832/1825 2087/1831/1824
f 2025/1769/1762 2026/1770/1763 2089/1833/1826 2088/1832/1825
f 2026/1770/1763 2027/1771/1764 2090/1834/1827 2089/1833/1826
f 2027/1771/1764 2028/1772/1765 2091/1835/1828 2090/1834/1827
f 2028/1772/1765 2029/1773/1766 2092/1836/1829 2091/1835/1828
f 2029/1773/1766 2030/1774/1767 2093/1837/1830 2092/1836/1829
f 2030/1774/1767 2031/1775/1768 2094/1838/1831 2093/1837/1830
f 2031/1775/1768 2032/1776/1769 2095/1839/1832 2094/1838/1831
f 2032/1776/1769 2033/1777/1770 2096/1840/1833 2095/1839/1832
f 2033/1777/1770 2034/1778/1771 2097/1841/1834 2096/1840/1833
f 2034/1778/1771 2035/1779/1772 2098/1842/1835 2097/1841/1834
f 2035/1779/1772 2036/1780/1773 2099/1843/1836 2098/1842/1835
f 2036/1780/1773 2037/1781/1774 2100/1844/1837 2099/1843/1836
f 2037/1781/1774 2038/1782/1775 2101/1845/1838 2100/1844/1837
f 2038/1782/1775 2039/1783/1776 2102/1846/1839 2101/1845/1838
f 2039/1783/1776 2040/1784/1777 2103/1847/1840 2102/1846/1839
f 2040/1784/1777 2041/1785/1778 2104/1848/1841 2103/1847/1840
f 2041/1785/1778 2042/1786/1779 2105/1849/1842 2104/1848/1841
f 2042/1786/1779 2043/1787/1780 2106/1850/1843 2105/1849/1842
f 2043/1787/1780 2044/1788/1781 2107/1851/1844 2106/1850/1843
f 2044/1788/1781 2045/1789/1782 2108/1852/1845 2107/1851/1844
f 2045/1789/1782 2046/1790/1783 2109/1853/1846 2108/1852/1845
f 2046/1790/1783 2047/1791/1784 2110/1854/1847 2109/1853/1846
f 2047/1791/1784 2048/1792/1785 2111/1855/1848 2110/1854/1847
f 2048/1792/1785 2049/1793/1786 2112/1856/1849 2111/1855/1848
f 2049/1793/1786 2050/1794/1787 2113/1857/1850 2112/1856/1849
f 2050/1794/1787 2051/1795/1788 2114/1858/1851 2113/1857/1850
f 2051/1795/1788 2052/1796/1789 2115/1859/1852 2114/1858/1851
f 2052/1796/1789 2053/1797/1790 2116/1860/1853 2115/1859/1852
f 2053/1797/1790 2054/1798/1791 2117/1861/1854 2116/1860/1853
f 2054/1798/1791 2055/1799/1792 2118/1862/1855 2117/1861/1854
f 2055/1799/1792 2056/1800/1793 2119/1863/1856 2118/1862/1855
f 2056/1800/1793 2057/1801/1794 2120/1864/1857 2119/1863/1856
f 2057/1801/1794 2058/1802/1795 2121/1865/1858 2120/1864/1857
f 2058/1802/1795 2059/1803/1796 2122/1866/1859 2121/1865/1858
f 2059/1803/1796 2060/1804/1797 2123/1867/1860 2122/1866/1859
f 2060/1804/1797 2061/1805/1798 2124/1868/1861 2123/1867/1860
f 2061/1805/1798 2062/1806/1799 2125/1869/1862 2124/1868/1861
f 2062/1806/1799 2063/1807/1800 2126/1870/1863 2125/1869/1862
f 2063/1807/1800 2064/1808/1801 2127/1871/1864 2126/1870/1863
f 2064/1808/1801 2065/1809/1802 2128/1872/1865 2127/1871/1864
f 2065/1809/1802 2066/1810/1803 2129/1873/1866 2128/1872/1865
f 2066/1810/1803 2067/1811/1804 2130/1874/1867 2129/1873/1866
f 2067/1811/1804 2068/1812/1805 2131/1875/1868 2130/1874/1867
f 2068/1812/1805 2069/1813/1806 2132/1876/1869 2131/1875/1868
f 2069/1813/1806 2070/1814/1807 2133/1877/1870 2132/1876/1869
f 2070/1814/1807 2071/1815/1808 2134/1878/1871 2133/1877/1870
f 2071/1815/1808 2072/1816/1809 2135/1879/1872 2134/1878/1871
f 2072/1816/1809 2073/1817/1810 2136/1880/1873 2135/1879/1872
f 2073/1817/1810 2074/1818/1811 2137/1881/1874 2136/1880/1873
f 2074/1818/1811 2075/1819/1812 2138/1882/1875 2137/1881/1874
f 2075/1819/1812 2076/1820/1813 2139/1883/1876 2138/1882/1875
f 2076/1820/1813 2077/1821/1814 2140/1884/1877 2139/1883/1876
f 2077/1821/1814 2078/1822/1815 2141/1885/1878 2140/1884/1877
f 2078/1822/1815 2079/1823/1816 2142/1886/1879 2141/1885/1878
f 2079/1823/1816 2080/1824/1817 2143/1887/1880 2142/1886/1879
f 2080/1824/1817 2081/1825/1818 2144/1888/1881 2143/1887/1880
f 2081/1825/1818 2082/1826/1819 2145/1889/1882 2144/1888/1881
f 2082/1826/1819 2083/1827/1820 2146/1890/1883 2145/1889/1882
f 2084/1829/1822 2085/1828/1821 2148/1891/1884 2147/1892/1885
f 2085/1828/1821 2086/1830/1823 2149/1893/1886 2148/1891/1884
f 2086/1830/1823 2087/1831/1824 2150/1894/1887 2149/1893/1886
f 2087/1831/1824 2088/1832/1825 2151/1895/1888 2150/1894/1887
f 2088/1832/1825 2089/1833/1826 2152/1896/1889 2151/1895/1888
f 2089/1833/1826 2090/1834/1827 2153/1897/1890 2152/1896/1889
f 2090/1834/1827 2091/1835/1828 2154/1898/1891 2153/1897/1890
f 2091/1835/1828 2092/1836/1829 2155/1899/1892 2154/1898/1891
f 2092/1836/1829 2093/1837/1830 2156/1900/1893 2155/1899/1892
f 2093/1837/1830 2094/1838/1831 2157/1901/1894 2156/1900/1893
f 2094/1838/1831 2095/1839/1832 2158/1902/1895 2157/1901/1894
f 2095/1839/1832 2096/1840/1833 2159/1903/1896 2158/1902/1895
f 2096/1840/1833 2097/1841/1834 2160/1904/1897 2159/1903/1896
f 2097/1841/1834 2098/1842/1835 2161/1905/1898 2160/1904/1897
f 2098/1842/1835 2099/1843/1836 2162/1906/1899 2161/1905/1898
f 2099/1843/1836 2100/1844/1837 2163/1907/1900 2162/1906/1899
f 2100/1844/1837 2101/1845/1838 2164/1908/1901 2163/1907/1900
f 2101/1845/1838 2102/1846/1839 2165/1909/1902 2164/1908/1901
f 2102/1846/1839 2103/1847/1840 2166/1910/1903 2165/1909/1902
f 2103/1847/1840 2104/1848/1841 2167/1911/1904 2166/1910/1903
f 2104/1848/1841 2105/1849/1842 2168/1912/1905 2167/1911/1904
f 2105/1849/1842 2106/1850/1843 2169/1913/1906 2168/1912/1905
f 2106/1850/1843 2107/1851/1844 2170/1914/1907 2169/1913/1906
f 2107/1851/1844 2108/1852/1845 2171/1915/1908 2170/1914/1907
f 2108/1852/1845 2109/1853/1846 2172/1916/1909 2171/1915/1908
f 2109/1853/1846 2110/1854/1847 2173/1917/1910 2172/1916/1909
f 2110/1854/1847 2111/1855/1848 2174/1918/1911 2173/1917/1910
f 2111/1855/1848 2112/1856/1849 2175/1919/1912 2174/1918/1911
f 2112/1856/1849 2113/1857/1850 2176/1920/1913 2175/1919/1912
f 2113/1857/1850 2114/1858/1851 2177/1921/1914 2176/1920/1913
f 2114/1858/1851 2115/1859/1852 2178/1922/1915 2177/1921/1914
f 2115/1859/1852 2116/1860/1853 2179/1923/1916 2178/1922/1915
f 2116/1860/1853 2117/1861/1854 2180/1924/1917 2179/1923/1916
f 2117/1861/1854 2118/1862/1855 2181/1925/1918 2180/1924/1917
f 2118/1862/1855 2119/1863/1856 2182/1926/1919 2181/1925/1918
f 2119/1863/1856 2120/1864/1857 2183/1927/1920 2182/1926/1919
f 2120/1864/1857 2121/1865/1858 2184/1928/1921 2183/1927/1920
f 2121/1865/1858 2122/1866/1859 2185/1929/1922 2184/1928/1921
f 2122/1866/1859 2123/1867/1860 2186/1930/1923 2185/1929/1922
f 2123/1867/1860 2124/1868/1861 2187/1931/1924 2186/1930/1923
f 2124/1868/1861 2125/1869/1862 2188/1932/1925 2187/1931/1924
f 2125/1869/1862 2126/1870/1863 2189/1933/1926 2188/1932/1925
f 2126/1870/1863 2127/1871/1864 2190/1934/1927 2189/1933/1926
f 2127/1871/1864 2128/1872/1865 2191/1935/1928 2190/1934/1927
f 2128/1872/1865 2129/1873/1866 2192/1936/1929 2191/1935/1928
f 2129/1873/1866 2130/1874/1867 2193/1937/1930 2192/1936/1929
f 2130/1874/1867 2131/1875/1868 2194/1938/1931 2193/1937/1930
f 2131/1875/1868 2132/1876/1869 2195/1939/1932 2194/1938/1931
f 2132/1876/1869 2133/1877/1870 2196/1940/1933 2195/1939/1932
f 2133/1877/1870 2134/1878/1871 2197/1941/1934 2196/1940/1933
f 2134/1878/1871 2135/1879/1872 2198/1942/1935 2197/1941/1934
f 2135/1879/1872 2136/1880/1873 2199/1943/1936 2198/1942/1935
f 2136/1880/1873 2137/1881/1874 2200/1944/1937 2199/1943/1936
f 2137/1881/1874 2138/1882/1875 2201/1945/1938 2200/1944/1937
f 2138/1882/1875 2139/1883/1876 2202/1946/1939 2201/1945/1938
f 2139/1883/1876 2140/1884/1877 2203/1947/1940 2202/1946/1939
f 2140/1884/1877 2141/1885/1878 2204/1948/1941 2203/1947/1940
f 2141/1885/1878 2142/1886/1879 2205/1949/1942 2204/1948/1941
f 2142/1886/1879 2143/1887/1880 2206/1950/1943 2205/1949/1942
f 2143/1887/1880 2144/1888/1881 2207/1951/1944 2206/1950/1943
f 2144/1888/1881 2145/1889/1882 2208/1952/1945 2207/1951/1944
f 2145/1889/1882 2146/1890/1883 2209/1953/1946 2208/1952/1945
f 2147/1892/1885 2148/1891/1884 2211/1954/1947 2210/1955/1948
f 2148/1891/1884 2149/1893/1886 2212/1956/1949 2211/1954/1947
f 2149/1893/1886 2150/1894/1887 2213/1957/1950 2212/1956/1949
f 2150/1894/1887 2151/1895/1888 2214/1958/1951 2213/1957/1950
f 2151/1895/1888 2152/1896/1889 2215/1959/1952 2214/1958/1951
f 2152/1896/1889 2153/1897/1890 2216/1960/1953 2215/1959/1952
f 2153/1897/1890 2154/1898/1891 2217/1961/1954 2216/1960/1953
f 2154/1898/1891 2155/1899/1892 2218/1962/1955 2217/1961/1954
f 2155/1899/1892 2156/1900/1893 2219/1963/1956 2218/1962/1955
f 2156/1900/1893 2157/1901/1894 2220/1964/1957 2219/1963/1956
f 2157/1901/1894 2158/1902/1895 2221/1965/1958 2220/1964/1957
f 2158/1902/1895 2159/1903/1896 2222/1966/1959 2221/1965/1958
f 2159/1903/1896 2160/1904/1897 2223/1967/1960 2222/1966/1959
f 2160/1904/1897 2161/1905/1898 2224/1968/1961 2223/1967/1960
f 2161/1905/1898 2162/1906/1899 2225/1969/1962 2224/1968/1961
f 2162/1906/1899 2163/1907/1900 2226/1970/1963 2225/1969/1962
f 2163/1907/1900 2164/1908/1901 2227/1971/1964 2226/1970/1963
f 2164/1908/1901 2165/1909/1902 2228/1972/1965 2227/1971/1964
f 2165/1909/1902 2166/1910/1903 2229/1973/1966 2228/1972/1965
f 2166/1910/1903 2167/1911/1904 2230/1974/1967 2229/1973/1966
f 2167/1911/1904 2168/1912/1905 2231/1975/1968 2230/1974/1967
f 2168/1912/1905 2169/1913/1906 2232/1976/1969 2231/1975/1968
f 2169/1913/1906 2170/1914/1907 2233/1977/1970 2232/1976/1969
f 2170/1914/1907 2171/1915/1908 2234/1978/1971 2233/1977/1970
f 2171/1915/1908 2172/1916/1909 2235/1979/1972 2234/1978/1971
f 2172/1916/1909 2173/1917/1910 2236/1980/1973 2235/1979/1972
f 2173/1917/1910 2174/1918/1911 2237/1981/1974 2236/1980/1973
f 2174/1918/1911 2175/1919/1912 2238/1982/1975 2237/1981/1974
f 2175/1919/1912 2176/1920/1913 2239/1983/1976 2238/1982/1975
f 2176/1920/1913 2177/1921/1914 2240/1984/1977 2239/1983/1976
f 2177/1921/1914 2178/1922/1915 2241/1985/1978 2240/1984/1977
f 2178/1922/1915 2179/1923/1916 2242/1986/1979 2241/1985/1978
f 2179/1923/1916 2180/1924/1917 2243/1987/1980 2242/1986/1979
f 2180/1924/1917 2181/1925/1918 2244/1988/1981 2243/1987/1980
f 2181/1925/1918 2182/1926/1919 2245/1989/1982 2244/1988/1981
f 2182/1926/1919 2183/1927/1920 2246/1990/1983 2245/1989/1982
f 2183/1927/1920 2184/1928/1921 2247/1991/1984 2246/1990/1983
f 2184/1928/1921 2185/1929/1922 2248/1992/1985 2247/1991/1984
f 2185/1929/1922 2186/1930/1923 2249/1993/1986 2248/1992/1985
f 2186/1930/1923 2187/1931/1924 2250/1994/1987 2249/1993/1986
f 2187/1931/1924 2188/1932/1925 2251/1995/1988 2250/1994/1987
f 2188/1932/1925 2189/1933/1926 2252/1996/1989 2251/1995/1988
f 2189/1933/1926 2190/1934/1927 2253/1997/1990 2252/1996/1989
f 2190/1934/1927 2191/1935/1928 2254/1998/1991 2253/1997/1990
f 2191/1935/1928 2192/1936/1929 2255/1999/1992 2254/1998/1991
f 2192/1936/1929 2193/1937/1930 2256/2000/1993 2255/1999/1992
f 2193/1937/1930 2194/1938/1931 2257/2001/1994 2256/2000/1993
f 2194/1938/1931 2195/1939/1932 2258/2002/1995 2257/2001/1994
f 2195/1939/1932 2196/1940/1933 2259/2003/1996 2258/2002/1995
f 2196/1940/1933 2197/1941/1934 2260/2004/1997 2259/2003/1996
f 2197/1941/1934 2198/1942/1935 2261/2005/1998 2260/2004/1997
f 2198/1942/1935 2199/1943/1936 2262/2006/1999 2261/2005/1998
f 2199/1943/1936 2200/1944/1937 2263/2007/2000 2262/2006/1999
f 2200/1944/1937 2201/1945/1938 2264/2008/2001 2263/2007/2000
f 2201/1945/1938 2202/1946/1939 2265/2009/2002 2264/2008/2001
f 2202/1946/1939 2203/1947/1940 2266/2010/2003 2265/2009/2002
f 2203/1947/1940 2204/1948/1941 2267/2011/2004 2266/2010/2003
f 2204/1948/1941 2205/1949/1942 2268/2012/2005 2267/2011/2004
f 2205/1949/1942 2206/1950/1943 2269/2013/2006 2268/2012/2005
f 2206/1950/1943 2207/1951/1944 2270/2014/2007 2269/2013/2006
f 2207/1951/1944 2208/1952/1945 2271/2015/2008 2270/2014/2007
f 2208/1952/1945 2209/1953/1946 2272/2016/2009 2271/2015/2008
f 2210/1955/1948 2211/1954/1947 2274/2017/2010 2273/2018/2011
f 2211/1954/1947 2212/1956/1949 2275/2019/2012 2274/2017/2010
f 2212/1956/1949 2213/1957/1950 2276/2020/2013 2275/2019/2012
f 2213/1957/1950 2214/1958/1951 2277/2021/2014 2276/2020/2013
f 2214/1958/1951 2215/1959/1952 2278/2022/2015 2277/2021/2014
f 2215/1959/1952 2216/1960/1953 2279/2023/2016 2278/2022/2015
f 2216/1960/1953 2217/1961/1954 2280/2024/2017 2279/2023/2016
f 2217/1961/1954 2218/1962/1955 2281/2025/2018 2280/2024/2017
f 2218/1962/1955 2219/1963/1956 2282/2026/2019 2281/2025/2018
f 2219/1963/1956 2220/1964/1957 2283/2027/2020 2282/2026/2019
f 2220/1964/1957 2221/1965/1958 2284/2028/2021 2283/2027/2020
f 2221/1965/1958 2222/1966/1959 2285/2029/2022 2284/2028/2021
f 2222/1966/1959 2223/1967/1960 2286/2030/2023 2285/2029/2022
f 2223/1967/1960 2224/1968/1961 2287/2031/2024 2286/2030/2023
f 2224/1968/1961 2225/1969/1962 2288/2032/2025 2287/2031/2024
f 2225/1969/1962 2226/1970/1963 2289/2033/2026 2288/2032/2025
f 2226/1970/1963 2227/1971/1964 2290/2034/2027 2289/2033/2026
f 2227/1971/1964 2228/1972/1965 2291/2035/2028 2290/2034/2027
f 2228/1972/1965 2229/1973/1966 2292/2036/2029 2291/2035/2028
f 2229/1973/1966 2230/1974/1967 2293/2037/2030 2292/2036/2029
f 2230/1974/1967 2231/1975/1968 2294/2038/2031 2293/2037/2030
f 2231/1975/1968 2232/1976/1969 2295/2039/2032 2294/2038/2031
f 2232/1976/1969 2233/1977/1970 2296/2040/2033 2295/2039/2032
f 2233/1977/1970 2234/1978/1971 2297/2041/2034 2296/2040/2033
f 2234/1978/1971 2235/1979/1972 2298/2042/2035 2297/2041/2034
f 2235/1979/1972 2236/1980/1973 2299/2043/2036 2298/2042/2035
f 2236/1980/1973 2237/1981/1974 2300/2044/2037 2299/2043/2036
f 2237/1981/1974 2238/1982/1975 2301/2045/2038 2300/2044/2037
f 2238/1982/1975 2239/1983/1976 2302/2046/2039 2301/2045/2038
f 2239/1983/1976 2240/1984/1977 2303/2047/2040 2302/2046/2039
f 2240/1984/1977 2241/1985/1978 2304/2048/2041 2303/2047/2040
f 2241/1985/1978 2242/1986/1979 2305/2049/2042 2304/2048/2041
f 2242/1986/1979 2243/1987/1980 2306/2050/2043 2305/2049/2042
f 2243/1987/1980 2244/1988/1981 2307/2051/2044 2306/2050/2043
f 2244/1988/1981 2245/1989/1982 2308/2052/2045 2307/2051/2044
f 2245/1989/1982 2246/1990/1983 2309/2053/2046 2308/2052/2045
f 2246/1990/1983 2247/1991/1984 2310/2054/2047 2309/2053/2046
f 2247/1991/1984 2248/1992/1985 2311/2055/2048 2310/2054/2047
f 2248/1992/1985 2249/1993/1986 2312/2056/2049 2311/2055/2048
f 2249/1993/1986 2250/1994/1987 2313/2057/2050 2312/2056/2049
f 2250/1994/1987 2251/1995/1988 2314/2058/2051 2313/2057/2050
f 2251/1995/1988 2252/1996/1989 2315/2059/2052 2314/2058/2051
f 2252/1996/1989 2253/1997/1990 2316/2060/2053 2315/2059/2052
f 2253/1997/1990 2254/1998/1991 2317/2061/2054 2316/2060/2053
f 2254/1998/1991 2255/1999/1992 2318/2062/2055 2317/2061/2054
f 2255/1999/1992 2256/2000/1993 2319/2063/2056 2318/2062/2055
f 2256/2000/1993 2257/2001/1994 2320/2064/2057 2319/2063/2056
f 2257/2001/1994 2258/2002/1995 2321/2065/2058 2320/2064/2057
f 2258/2002/1995 2259/2003/1996 2322/2066/2059 2321/2065/2058
f 2259/2003/1996 2260/2004/1997 2323/2067/2060 2322/2066/2059
f 2260/2004/1997 2261/2005/1998 2324/2068/2061 2323/2067/2060
f 2261/2005/1998 2262/2006/1999 2325/2069/2062 2324/2068/2061
f 2262/2006/1999 2263/2007/2000 2326/2070/2063 2325/2069/2062
f 2263/2007/2000 2264/2008/2001 2327/2071/2064 2326/2070/2063
f 2264/2008/2001 2265/2009/2002 2328/2072/2065 2327/2071/2064
f 2265/2009/2002 2266/2010/2003 2329/2073/2066 2328/2072/2065
f 2266/2010/2003 2267/2011/2004 2330/2074/2067 2329/2073/2066
f 2267/2011/2004 2268/2012/2005 2331/2075/2068 2330/2074/2067
f 2268/2012/2005 2269/2013/2006 2332/2076/2069 2331/2075/2068
f 2269/2013/2006 2270/2014/2007 2333/2077/2070 2332/2076/2069
f 2270/2014/2007 2271/2015/2008 2334/2078/2071 2333/2077/2070
f 2271/2015/2008 2272/2016/2009 2335/2079/2072 2334/2078/2071
f 2273/2018/2011 2274/2017/2010 2337/2080/2073 2336/2081/2074
f 2274/2017/2010 2275/2019/2012 2338/2082/2075 2337/2080/2073
f 2275/2019/2012 2276/2020/2013 2339/2083/2076 2338/2082/2075
f 2276/2020/2013 2277/2021/2014 2340/2084/2077 2339/2083/2076
f 2277/2021/2014 2278/2022/2015 2341/2085/2078 2340/2084/2077
f 2278/2022/2015 2279/2023/2016 2342/2086/2079 2341/2085/2078
f 2279/2023/2016 2280/2024/2017 2343/2087/2080 2342/2086/2079
f 2280/2024/2017 2281/2025/2018 2344/2088/2081 2343/2087/2080
f 2281/2025/2018 2282/2026/2019 2345/2089/2082 2344/2088/2081
f 2282/2026/2019 2283/2027/2020 2346/2090/2083 2345/2089/2082
f 2283/2027/2020 2284/2028/2021 2347/2091/2084 2346/2090/2083
f 2284/2028/2021 2285/2029/2022 2348/2092/2085 2347/2091/2084
f 2285/2029/2022 2286/2030/2023 2349/2093/2086 2348/2092/2085
f 2286/2030/2023 2287/2031/2024 2350/2094/2087 2349/2093/2086
f 2287/2031/2024 2288/2032/2025 2351/2095/2088 2350/2094/2087
f 2288/2032/2025 2289/2033/2026 2352/2096/2089 2351/2095/2088
f 2289/2033/2026 2290/2034/2027 2353/2097/2090 2352/2096/2089
f 2290/2034/2027 2291/2035/2028 2354/2098/2091 2353/2097/2090
f 2291/2035/2028 2292/2036/2029 2355/2099/2092 2354/2098/2091
f 2292/2036/2029 2293/2037/2030 2356/2100/2093 2355/2099/2092
f 2293/2037/2030 2294/2038/2031 2357/2101/2094 2356/2100/2093
f 2294/2038/2031 2295/2039/2032 2358/2102/2095 2357/2101/2094
f 2295/2039/2032 2296/2040/2033 2359/2103/2096 2358/2102/2095
f 2296/2040/2033 2297/2041/2034 2360/2104/2097 2359/2103/2096
f 2297/2041/2034 2298/2042/2035 2361/2105/2098 2360/2104/2097
f 2298/2042/2035 2299/2043/2036 2362/2106/2099 2361/2105/2098
f 2299/2043/2036 2300/2044/2037 2363/2107/2100 2362/2106/2099
f 2300/2044/2037 2301/2045/2038 2364/2108/2101 2363/2107/2100
f 2301/2045/2038 2302/2046/2039 2365/2109/2102 2364/2108/2101
f 2302/2046/2039 2303/2047/2040 2366/2110/2103 2365/2109/2102
f 2303/2047/2040 2304/2048/2041 2367/2111/2104 2366/2110/2103
f 2304/2048/2041 2305/2049/2042 2368/2112/2105 2367/2111/2104
f 2305/2049/2042 2306/2050/2043 2369/2113/2106 2368/2112/2105
f 2306/2050/2043 2307/2051/2044 2370/2114/2107 2369/2113/2106
f 2307/2051/2044 2308/2052/2045 2371/2115/2108 2370/2114/2107
f 2308/2052/2045 2309/2053/2046 2372/2116/2109 2371/2115/2108
f 2309/2053/2046 2310/2054/2047 2373/2117/2110 2372/2116/2109
f 2310/2054/2047 2311/2055/2048 2374/2118/2111 2373/2117/2110
f 2311/2055/2048 2312/2056/2049 2375/2119/2112 2374/2118/2111
f 2312/2056/2049 2313/2057/2050 2376/2120/2113 2375/2119/2112
f 2313/2057/2050 2314/2058/2051 2377/2121/2114 2376/2120/2113
f 2314/2058/2051 2315/2059/2052 2378/2122/2115 2377/2121/2114
f 2315/2059/2052 2316/2060/2053 2379/2123/2116 2378/2122/2115
f 2316/2060/2053 2317/2061/2054 2380/2124/2117 2379/2123/2116
f 2317/2061/2054 2318/2062/2055 2381/2125/2118 2380/2124/2117
f 2318/2062/2055 2319/2063/2056 2382/2126/2119 2381/2125/2118
f 2319/2063/2056 2320/2064/2057 2383/2127/2120 2382/2126/2119
f 2320/2064/2057 2321/2065/2058 2384/2128/2121 2383/2127/2120
f 2321/2065/2058 2322/2066/2059 2385/2129/2122 2384/2128/2121
f 2322/2066/2059 2323/2067/2060 2386/2130/2123 2385/2129/2122
f 2323/2067/2060 2324/2068/2061 2387/2131/2124 2386/2130/2123
f 2324/2068/2061 2325/2069/2062 2388/2132/2125 2387/2131/2124
f 2325/2069/2062 2326/2070/2063 2389/2133/2126 2388/2132/2125
f 2326/2070/2063 2327/2071/2064 2390/2134/2127 2389/2133/2126
f 2327/2071/2064 2328/2072/2065 2391/2135/2128 2390/2134/2127
f 2328/2072/2065 2329/2073/2066 2392/2136/2129 2391/2135/2128
f 2329/2073/2066 2330/2074/2067 2393/2137/2130 2392/2136/2129
f 2330/2074/2067 2331/2075/2068 2394/2138/2131 2393/2137/2130
f 2331/2075/2068 2332/2076/2069 2395/2139/2132 2394/2138/2131
f 2332/2076/2069 2333/2077/2070 2396/2140/2133 2395/2139/2132
f 2333/2077/2070 2334/2078/2071 2397/2141/2134 2396/2140/2133
f 2334/2078/2071 2335/2079/2072 2398/2142/2135 2397/2141/2134
f 2336/2081/2074 2337/2080/2073 2400/2143/2136 2399/2144/2137
f 2337/2080/2073 2338/2082/2075 2401/2145/2138 2400/2143/2136
f 2338/2082/2075 2339/2083/2076 2402/2146/2139 2401/2145/2138
f 2339/2083/2076 2340/2084/2077 2403/2147/2140 2402/2146/2139
f 2340/2084/2077 2341/2085/2078 2404/2148/2141 2403/2147/2140
f 2341/2085/2078 2342/2086/2079 2405/2149/2142 2404/2148/2141
f 2342/2086/2079 2343/2087/2080 2406/2150/2143 2405/2149/2142
f 2343/2087/2080 2344/2088/2081 2407/2151/2144 2406/2150/2143
f 2344/2088/2081 2345/2089/2082 2408/2152/2145 2407/2151/2144
f 2345/2089/2082 2346/2090/2083 2409/2153/2146 2408/2152/2145
f 2346/2090/2083 2347/2091/2084 2410/2154/2147 2409/2153/2146
f 2347/2091/2084 2348/2092/2085 2411/2155/2148 2410/2154/2147
f 2348/2092/2085 2349/2093/2086 2412/2156/2149 2411/2155/2148
f 2349/2093/2086 2350/2094/2087 2413/2157/2150 2412/2156/2149
f 2350/2094/2087 2351/2095/2088 2414/2158/2151 2413/2157/2150
f 2351/2095/2088 2352/2096/2089 2415/2159/2152 2414/2158/2151
f 2352/2096/2089 2353/2097/2090 2416/2160/2153 2415/2159/2152
f 2353/2097/2090 2354/2098/2091 2417/2161/2154 2416/2160/2153
f 2354/2098/2091 2355/2099/2092 2418/2162/2155 2417/2161/2154
f 2355/2099/2092 2356/2100/2093 2419/2163/2156 2418/2162/2155
f 2356/2100/2093 2357/2101/2094 2420/2164/2157 2419/2163/2156
f 2357/2101/2094 2358/2102/2095 2421/2165/2158 2420/2164/2157
f 2358/2102/2095 2359/2103/2096 2422/2166/2159 2421/2165/2158
f 2359/2103/2096 2360/2104/2097 2423/2167/2160 2422/2166/2159
f 2360/2104/2097 2361/2105/2098 2424/2168/2161 2423/2167/2160
f 2361/2105/2098 2362/2106/2099 2425/2169/2162 2424/2168/2161
f 2362/2106/2099 2363/2107/2100 2426/2170/2163 2425/2169/2162
f 2363/2107/2100 2364/2108/2101 2427/2171/2164 2426/2170/2163
f 2364/2108/2101 2365/2109/2102 2428/2172/2165 2427/2171/2164
f 2365/2109/2102 2366/2110/2103 2429/2173/2166 2428/2172/2165
f 2366/2110/2103 2367/2111/2104 2430/2174/2167 2429/2173/2166
f 2367/2111/2104 2368/2112/2105 2431/2175/2168 2430/2174/2167
f 2368/2112/2105 2369/2113/2106 2432/2176/2169 2431/2175/2168
f 2369/2113/2106 2370/2114/2107 2433/2177/2170 2432/2176/2169
f 2370/2114/2107 2371/2115/2108 2434/2178/2171 2433/2177/2170
f 2371/2115/2108 2372/2116/2109 2435/2179/2172 2434/2178/2171
f 2372/2116/2109 2373/2117/2110 2436/2180/2173 2435/2179/2172
f 2373/2117/2110 2374/2118/2111 2437/2181/2174 2436/2180/2173
f 2374/2118/2111 2375/2119/2112 2438/2182/2175 2437/2181/2174
f 2375/2119/2112 2376/2120/2113 2439/2183/2176 2438/2182/2175
f 2376/2120/2113 2377/2121/2114 2440/2184/2177 2439/2183/2176
f 2377/2121/2114 2378/2122/2115 2441/2185/2178 2440/2184/2177
f 2378/2122/2115 2379/2123/2116 2442/2186/2179 2441/2185/2178
f 2379/2123/2116 2380/2124/2117 2443/2187/2180 2442/2186/2179
f 2380/2124/2117 2381/2125/2118 2444/2188/2181 2443/2187/2180
f 2381/2125/2118 2382/2126/2119 2445/2189/2182 2444/2188/2181
f 2382/2126/2119 2383/2127/2120 2446/2190/2183 2445/2189/2182
f 2383/2127/2120 2384/2128/2121 2447/2191/2184 2446/2190/2183
f 2384/2128/2121 2385/2129/2122 2448/2192/2185 2447/2191/2184
f 2385/2129/2122 2386/2130/2123 2449/2193/2186 2448/2192/2185
f 2386/2130/2123 2387/2131/2124 2450/2194/2187 2449/2193/2186
f 2387/2131/2124 2388/2132/2125 2451/2195/2188 2450/2194/2187
f 2388/2132/2125 2389/2133/2126 2452/2196/2189 2451/2195/2188
f 2389/2133/2126 2390/2134/2127 2453/2197/2190 2452/2196/2189
f 2390/2134/2127 2391/2135/2128 2454/2198/2191 2453/2197/2190
f 2391/2135/2128 2392/2136/2129 2455/2199/2192 2454/2198/2191
f 2392/2136/2129 2393/2137/2130 2456/2200/2193 2455/2199/2192
f 2393/2137/2130 2394/2138/2131 2457/2201/2194 2456/2200/2193
f 2394/2138/2131 2395/2139/2132 2458/2202/2195 2457/2201/2194
f 2395/2139/2132 2396/2140/2133 2459/2203/2196 2458/2202/2195
f 2396/2140/2133 2397/2141/2134 2460/2204/2197 2459/2203/2196
f 2397/2141/2134 2398/2142/2135 2461/2205/2198 2460/2204/2197
f 2399/2144/2137 2400/2143/2136 2463/2206/2199 2462/2207/2200
f 2400/2143/2136 2401/2145/2138 2464/2208/2201 2463/2206/2199
f 2401/2145/2138 2402/2146/2139 2465/2209/2202 2464/2208/2201
f 2402/2146/2139 2403/2147/2140 2466/2210/2203 2465/2209/2202
f 2403/2147/2140 2404/2148/2141 2467/2211/2204 2466/2210/2203
f 2404/2148/2141 2405/2149/2142 2468/2212/2205 2467/2211/2204
f 2405/2149/2142 2406/2150/2143 2469/2213/2206 2468/2212/2205
f 2406/2150/2143 2407/2151/2144 2470/2214/2207 2469/2213/2206
f 2407/2151/2144 2408/2152/2145 2471/2215/2208 2470/2214/2207
f 2408/2152/2145 2409/2153/2146 2472/2216/2209 2471/2215/2208
f 2409/2153/2146 2410/2154/2147 2473/2217/2210 2472/2216/2209
f 2410/2154/2147 2411/2155/2148 2474/2218/2211 2473/2217/2210
f 2411/2155/2148 2412/2156/2149 2475/2219/2212 2474/2218/2211
f 2412/2156/2149 2413/2157/2150 2476/2220/2213 2475/2219/2212
f 2413/2157/2150 2414/2158/2151 2477/2221/2214 2476/2220/2213
f 2414/2158/2151 2415/2159/2152 2478/2222/2215 2477/2221/2214
f 2415/2159/2152 2416/2160/2153 2479/2223/2216 2478/2222/2215
f 2416/2160/2153 2417/2161/2154 2480/2224/2217 2479/2223/2216
f 2417/2161/2154 2418/2162/2155 2481/2225/2218 2480/2224/2217
f 2418/2162/2155 2419/2163/2156 2482/2226/2219 2481/2225/2218
f 2419/2163/2156 2420/2164/2157 2483/2227/2220 2482/2226/2219
f 2420/2164/2157 2421/2165/2158 2484/2228/2221 2483/2227/2220
f 2421/2165/2158 2422/2166/2159 2485/2229/2222 2484/2228/2221
f 2422/2166/2159 2423/2167/2160 2486/2230/2223 2485/2229/2222
f 2423/2167/2160 2424/2168/2161 2487/2231/2224 2486/2230/2223
f 2424/2168/2161 2425/2169/2162 2488/2232/2225 2487/2231/2224
f 2425/2169/2162 2426/2170/2163 2489/2233/2226 2488/2232/2225
f 2426/2170/2163 2427/2171/2164 2490/2234/2227 2489/2233/2226
f 2427/2171/2164 2428/2172/2165 2491/2235/2228 2490/2234/2227
f 2428/2172/2165 2429/2173/2166 2492/2236/2229 2491/2235/2228
f 2429/2173/2166 2430/2174/2167 2493/2237/2230 2492/2236/2229
f 2430/2174/2167 2431/2175/2168 2494/2238/2231 2493/2237/2230
f 2431/2175/2168 2432/2176/2169 2495/2239/2232 2494/2238/2231
f 2432/2176/2169 2433/2177/2170 2496/2240/2233 2495/2239/2232
f 2433/2177/2170 2434/2178/2171 2497/2241/2234 2496/2240/2233
f 2434/2178/2171 2435/2179/2172 2498/2242/2235 2497/2241/2234
f 2435/2179/2172 2436/2180/2173 2499/2243/2236 2498/2242/2235
f 2436/2180/2173 2437/2181/2174 2500/2244/2237 2499/2243/2236
f 2437/2181/2174 2438/2182/2175 2501/2245/2238 2500/2244/2237
f 2438/2182/2175 2439/2183/2176 2502/2246/2239 2501/2245/2238
f 2439/2183/2176 2440/2184/2177 2503/2247/2240 2502/2246/2239
f 2440/2184/2177 2441/2185/2178 2504/2248/2241 2503/2247/2240
f 2441/2185/2178 2442/2186/2179 2505/2249/2242 2504/2248/2241
f 2442/2186/2179 2443/2187/2180 2506/2250/2243 2505/2249/2242
f 2443/2187/2180 2444/2188/2181 2507/2251/2244 2506/2250/2243
f 2444/2188/2181 2445/2189/2182 2508/2252/2245 2507/2251/2244
f 2445/2189/2182 2446/2190/2183 2509/2253/2246 2508/2252/2245
f 2446/2190/2183 2447/2191/2184 2510/2254/2247 2509/2253/2246
f 2447/2191/2184 2448/2192/2185 2511/2255/2248 2510/2254/2247
f 2448/2192/2185 2449/2193/2186 2512/2256/2249 2511/2255/2248
f 2449/2193/2186 2450/2194/2187 2513/2257/2250 2512/2256/2249
f 2450/2194/2187 2451/2195/2188 2514/2258/2251 2513/2257/2250
f 2451/2195/2188 2452/2196/2189 2515/2259/2252 2514/2258/2251
f 2452/2196/2189 2453/2197/2190 2516/2260/2253 2515/2259/2252
f 2453/2197/2190 2454/2198/2191 2517/2261/2254 2516/2260/2253
f 2454/2198/2191 2455/2199/2192 2518/2262/2255 2517/2261/2254
f 2455/2199/2192 2456/2200/2193 2519/2263/2256 2518/2262/2255
f 2456/2200/2193 2457/2201/2194 2520/2264/2257 2519/2263/2256
f 2457/2201/2194 2458/2202/2195 2521/2265/2258 2520/2264/2257
f 2458/2202/2195 2459/2203/2196 2522/2266/2259 2521/2265/2258
f 2459/2203/2196 2460/2204/2197 2523/2267/2260 2522/2266/2259
f 2460/2204/2197 2461/2205/2198 2524/2268/2261 2523/2267/2260
f 2462/2207/2200 2463/2206/2199 2526/2269/2262 2525/2270/2263
f 2463/2206/2199 2464/2208/2201 2527/2271/2264 2526/2269/2262
f 2464/2208/2201 2465/2209/2202 2528/2272/2265 2527/2271/2264
f 2465/2209/2202 2466/2210/2203 2529/2273/2266 2528/2272/2265
f 2466/2210/2203 2467/2211/2204 2530/2274/2267 2529/2273/2266
f 2467/2211/2204 2468/2212/2205 2531/2275/2268 2530/2274/2267
f 2468/2212/2205 2469/2213/2206 2532/2276/2269 2531/2275/2268
f 2469/2213/2206 2470/2214/2207 2533/2277/2270 2532/2276/2269
f 2470/2214/2207 2471/2215/2208 2534/2278/2271 2533/2277/2270
f 2471/2215/2208 2472/2216/2209 2535/2279/2272 2534/2278/2271
f 2472/2216/2209 2473/2217/2210 2536/2280/2273 2535/2279/2272
f 2473/2217/2210 2474/2218/2211 2537/2281/2274 2536/2280/2273
f 2474/2218/2211 2475/2219/2212 2538/2282/2275 2537/2281/2274
f 2475/2219/2212 2476/2220/2213 2539/2283/2276 2538/2282/2275
f 2476/2220/2213 2477/2221/2214 2540/2284/2277 2539/2283/2276
f 2477/2221/2214 2478/2222/2215 2541/2285/2278 2540/2284/2277
f 2478/2222/2215 2479/2223/2216 2542/2286/2279 2541/2285/2278
f 2479/2223/2216 2480/2224/2217 2543/2287/2280 2542/2286/2279
f 2480/2224/2217 2481/2225/2218 2544/2288/2281 2543/2287/2280
f 2481/2225/2218 2482/2226/2219 2545/2289/2282 2544/2288/2281
f 2482/2226/2219 2483/2227/2220 2546/2290/2283 2545/2289/2282
f 2483/2227/2220 2484/2228/2221 2547/2291/2284 2546/2290/2283
f 2484/2228/2221 2485/2229/2222 2548/2292/2285 2547/2291/2284
f 2485/2229/2222 2486/2230/2223 2549/2293/2286 2548/2292/2285
f 2486/2230/2223 2487/2231/2224 2550/2294/2287 2549/2293/2286
f 2487/2231/2224 2488/2232/2225 2551/2295/2288 2550/2294/2287
f 2488/2232/2225 2489/2233/2226 2552/2296/2289 2551/2295/2288
f 2489/2233/2226 2490/2234/2227 2553/2297/2290 2552/2296/2289
f 2490/2234/2227 2491/2235/2228 2554/2298/2291 2553/2297/2290
f 2491/2235/2228 2492/2236/2229 2555/2299/2292 2554/2298/2291
f 2492/2236/2229 2493/2237/2230 2556/2300/2293 2555/2299/2292
f 2493/2237/2230 2494/2238/2231 2557/2301/2294 2556/2300/2293
f 2494/2238/2231 2495/2239/2232 2558/2302/2295 2557/2301/2294
f 2495/2239/2232 2496/2240/2233 2559/2303/2296 2558/2302/2295
f 2496/2240/2233 2497/2241/2234 2560/2304/2297 2559/2303/2296
f 2497/2241/2234 2498/2242/2235 2561/2305/2298 2560/2304/2297
f 2498/2242/2235 2499/2243/2236 2562/2306/2299 2561/2305/2298
f 2499/2243/2236 2500/2244/2237 2563/2307/2300 2562/2306/2299
f 2500/2244/2237 2501/2245/2238 2564/2308/2301 2563/2307/2300
f 2501/2245/2238 2502/2246/2239 2565/2309/2302 2564/2308/2301
f 2502/2246/2239 2503/2247/2240 2566/2310/2303 2565/2309/2302
f 2503/2247/2240 2504/2248/2241 2567/2311/2304 2566/2310/2303
f 2504/2248/2241 2505/2249/2242 2568/2312/2305 2567/2311/2304
f 2505/2249/2242 2506/2250/2243 2569/2313/2306 2568/2312/2305
f 2506/2250/2243 2507/2251/2244 2570/2314/2307 2569/2313/2306
f 2507/2251/2244 2508/2252/2245 2571/2315/2308 2570/2314/2307
f 2508/2252/2245 2509/2253/2246 2572/2316/2309 2571/2315/2308
f 2509/2253/2246 2510/2254/2247 2573/2317/2310 2572/2316/2309
f 2510/2254/2247 2511/2255/2248 2574/2318/2311 2573/2317/2310
f 2511/2255/2248 2512/2256/2249 2575/2319/2312 2574/2318/2311
f 2512/2256/2249 2513/2257/2250 2576/2320/2313 2575/2319/2312
f 2513/2257/2250 2514/2258/2251 2577/2321/2314 2576/2320/2313
f 2514/2258/2251 2515/2259/2252 2578/2322/2315 2577/2321/2314
f 2515/2259/2252 2516/2260/2253 2579/2323/2316 2578/2322/2315
f 2516/2260/2253 2517/2261/2254 2580/2324/2317 2579/2323/2316
f 2517/2261/2254 2518/2262/2255 2581/2325/2318 2580/2324/2317
f 2518/2262/2255 2519/2263/2256 2582/2326/2319 2581/2325/2318
f 2519/2263/2256 2520/2264/2257 2583/2327/2320 2582/2326/2319
f 2520/2264/2257 2521/2265/2258 2584/2328/2321 2583/2327/2320
f 2521/2265/2258 2522/2266/2259 2585/2329/2322 2584/2328/2321
f 2522/2266/2259 2523/2267/2260 2586/2330/2323 2585/2329/2322
f 2523/2267/2260 2524/2268/2261 2587/2331/2324 2586/2330/2323
f 2525/2270/2263 2526/2269/2262 2589/2332/2325 2588/2333/2326
f 2526/2269/2262 2527/2271/2264 2590/2334/2327 2589/2332/2325
f 2527/2271/2264 2528/2272/2265 2591/2335/2328 2590/2334/2327
f 2528/2272/2265 2529/2273/2266 2592/2336/2329 2591/2335/2328
f 2529/2273/2266 2530/2274/2267 2593/2337/2330 2592/2336/2329
f 2530/2274/2267 2531/2275/2268 2594/2338/2331 2593/2337/2330
f 2531/2275/2268 2532/2276/2269 2595/2339/2332 2594/2338/2331
f 2532/2276/2269 2533/2277/2270 2596/2340/2333 2595/2339/2332
f 2533/2277/2270 2534/2278/2271 2597/2341/2334 2596/2340/2333
f 2534/2278/2271 2535/2279/2272 2598/2342/2335 2597/2341/2334
f 2535/2279/2272 2536/2280/2273 2599/2343/2336 2598/2342/2335
f 2536/2280/2273 2537/2281/2274 2600/2344/2337 2599/2343/2336
f 2537/2281/2274 2538/2282/2275 2601/2345/2338 2600/2344/2337
f 2538/2282/2275 2539/2283/2276 2602/2346/2339 2601/2345/2338
f 2539/2283/2276 2540/2284/2277 2603/2347/2340 2602/2346/2339
f 2540/2284/2277 2541/2285/2278 2604/2348/2341 2603/2347/2340
f 2541/2285/2278 2542/2286/2279 2605/2349/2342 2604/2348/2341
f 2542/2286/2279 2543/2287/2280 2606/2350/2343 2605/2349/2342
f 2543/2287/2280 2544/2288/2281 2607/2351/2344 2606/2350/2343
f 2544/2288/2281 2545/2289/2282 2608/2352/2345 2607/2351/2344
f 2545/2289/2282 2546/2290/2283 2609/2353/2346 2608/2352/2345
f 2546/2290/2283 2547/2291/2284 2610/2354/2347 2609/2353/2346
f 2547/2291/2284 2548/2292/2285 2611/2355/2348 2610/2354/2347
f 2548/2292/2285 2549/2293/2286 2612/2356/2349 2611/2355/2348
f 2549/2293/2286 2550/2294/2287 2613/2357/2350 2612/2356/2349
f 2550/2294/2287 2551/2295/2288 2614/2358/2351 2613/2357/2350
f 2551/2295/2288 2552/2296/2289 2615/2359/2352 2614/2358/2351
f 2552/2296/2289 2553/2297/2290 2616/2360/2353 2615/2359/2352
f 2553/2297/2290 2554/2298/2291 2617/2361/2354 2616/2360/2353
f 2554/2298/2291 2555/2299/2292 2618/2362/2355 2617/2361/2354
f 2555/2299/2292 2556/2300/2293 2619/2363/2356 2618/2362/2355
f 2556/2300/2293 2557/2301/2294 2620/2364/2357 2619/2363/2356
f 2557/2301/2294 2558/2302/2295 2621/2365/2358 2620/2364/2357
f 2558/2302/2295 2559/2303/2296 2622/2366/2359 2621/2365/2358
f 2559/2303/2296 2560/2304/2297 2623/2367/2360 2622/2366/2359
f 2560/2304/2297 2561/2305/2298 2624/2368/2361 2623/2367/2360
f 2561/2305/2298 2562/2306/2299 2625/2369/2362 2624/2368/2361
f 2562/2306/2299 2563/2307/2300 2626/2370/2363 2625/2369/2362
f 2563/2307/2300 2564/2308/2301 2627/2371/2364 2626/2370/2363
f 2564/2308/2301 2565/2309/2302 2628/2372/2365 2627/2371/2364
f 2565/2309/2302 2566/2310/2303 2629/2373/2366 2628/2372/2365
f 2566/2310/2303 2567/2311/2304 2630/2374/2367 2629/2373/2366
f 2567/2311/2304 2568/2312/2305 2631/2375/2368 2630/2374/2367
f 2568/2312/2305 2569/2313/2306 2632/2376/2369 2631/2375/2368
f 2569/2313/2306 2570/2314/2307 2633/2377/2370 2632/2376/2369
f 2570/2314/2307 2571/2315/2308 2634/2378/2371 2633/2377/2370
f 2571/2315/2308 2572/2316/2309 2635/2379/2372 2634/2378/2371
f 2572/2316/2309 2573/2317/2310 2636/2380/2373 2635/2379/2372
f 2573/2317/2310 2574/2318/2311 2637/2381/2374 2636/2380/2373
f 2574/2318/2311 2575/2319/2312 2638/2382/2375 2637/2381/2374
f 2575/2319/2312 2576/2320/2313 2639/2383/2376 2638/2382/2375
f 2576/2320/2313 2577/2321/2314 2640/2384/2377 2639/2383/2376
f 2577/2321/2314 2578/2322/2315 2641/2385/2378 2640/2384/2377
f 2578/2322/2315 2579/2323/2316 2642/2386/2379 2641/2385/2378
f 2579/2323/2316 2580/2324/2317 2643/2387/2380 2642/2386/2379
f 2580/2324/2317 2581/2325/2318 2644/2388/2381 2643/2387/2380
f 2581/2325/2318 2582/2326/2319 2645/2389/2382 2644/2388/2381
f 2582/2326/2319 2583/2327/2320 2646/2390/2383 2645/2389/2382
f 2583/2327/2320 2584/2328/2321 2647/2391/2384 2646/2390/2383
f 2584/2328/2321 2585/2329/2322 2648/2392/2385 2647/2391/2384
f 2585/2329/2322 2586/2330/2323 2649/2393/2386 2648/2392/2385
f 2586/2330/2323 2587/2331/2324 2650/2394/2387 2649/2393/2386
f 2588/2333/2326 2589/2332/2325 2652/2395/2388 2651/2396/2389
f 2589/2332/2325 2590/2334/2327 2653/2397/2390 2652/2395/2388
f 2590/2334/2327 2591/2335/2328 2654/2398/2391 2653/2397/2390
f 2591/2335/2328 2592/2336/2329 2655/2399/2392 2654/2398/2391
f 2592/2336/2329 2593/2337/2330 2656/2400/2393 2655/2399/2392
f 2593/2337/2330 2594/2338/2331 2657/2401/2394 2656/2400/2393
f 2594/2338/2331 2595/2339/2332 2658/2402/2395 2657/2401/2394
f 2595/2339/2332 2596/2340/2333 2659/2403/2396 2658/2402/2395
f 2596/2340/2333 2597/2341/2334 2660/2404/2397 2659/2403/2396
f 2597/2341/2334 2598/2342/2335 2661/2405/2398 2660/2404/2397
f 2598/2342/2335 2599/2343/2336 2662/2406/2399 2661/2405/2398
f 2599/2343/2336 2600/2344/2337 2663/2407/2400 2662/2406/2399
f 2600/2344/2337 2601/2345/2338 2664/2408/2401 2663/2407/2400
f 2601/2345/2338 2602/2346/2339 2665/2409/2402 2664/2408/2401
f 2602/2346/2339 2603/2347/2340 2666/2410/2403 2665/2409/2402
f 2603/2347/2340 2604/2348/2341 2667/2411/2404 2666/2410/2403
f 2604/2348/2341 2605/2349/2342 2668/2412/2405 2667/2411/2404
f 2605/2349/2342 2606/2350/2343 2669/2413/2406 2668/2412/2405
f 2606/2350/2343 2607/2351/2344 2670/2414/2407 2669/2413/2406
f 2607/2351/2344 2608/2352/2345 2671/2415/2408 2670/2414/2407
f 2608/2352/2345 2609/2353/2346 2672/2416/2409 2671/2415/2408
f 2609/2353/2346 2610/2354/2347 2673/2417/2410 2672/2416/2409
f 2610/2354/2347 2611/2355/2348 2674/2418/2411 2673/2417/2410
f 2611/2355/2348 2612/2356/2349 2675/2419/2412 2674/2418/2411
f 2612/2356/2349 2613/2357/2350 2676/2420/2413 2675/2419/2412
f 2613/2357/2350 2614/2358/2351 2677/2421/2414 2676/2420/2413
f 2614/2358/2351 2615/2359/2352 2678/2422/2415 2677/2421/2414
f 2615/2359/2352 2616/2360/2353 2679/2423/2416 2678/2422/2415
f 2616/2360/2353 2617/2361/2354 2680/2424/2417 2679/2423/2416
f 2617/2361/2354 2618/2362/2355 2681/2425/2418 2680/2424/2417
f 2618/2362/2355 2619/2363/2356 2682/2426/2419 2681/2425/2418
f 2619/2363/2356 2620/2364/2357 2683/2427/2420 2682/2426/2419
f 2620/2364/2357 2621/2365/2358 2684/2428/2421 2683/2427/2420
f 2621/2365/2358 2622/2366/2359 2685/2429/2422 2684/2428/2421
f 2622/2366/2359 2623/2367/2360 2686/2430/2423 2685/2429/2422
f 2623/2367/2360 2624/2368/2361 2687/2431/2424 2686/2430/2423
f 2624/2368/2361 2625/2369/2362 2688/2432/2425 2687/2431/2424
f 2625/2369/2362 2626/2370/2363 2689/2433/2426 2688/2432/2425
f 2626/2370/2363 2627/2371/2364 2690/2434/2427 2689/2433/2426
f 2627/2371/2364 2628/2372/2365 2691/2435/2428 2690/2434/2427
f 2628/2372/2365 2629/2373/2366 2692/2436/2429 2691/2435/2428
f 2629/2373/2366 2630/2374/2367 2693/2437/2430 2692/2436/2429
f 2630/2374/2367 2631/2375/2368 2694/2438/2431 2693/2437/2430
f 2631/2375/2368 2632/2376/2369 2695/2439/2432 2694/2438/2431
f 2632/2376/2369 2633/2377/2370 2696/2440/2433 2695/2439/2432
f 2633/2377/2370 2634/2378/2371 2697/2441/2434 2696/2440/2433
f 2634/2378/2371 2635/2379/2372 2698/2442/2435 2697/2441/2434
f 2635/2379/2372 2636/2380/2373 2699/2443/2436 2698/2442/2435
f 2636/2380/2373 2637/2381/2374 2700/2444/2437 2699/2443/2436
f 2637/2381/2374 2638/2382/2375 2701/2445/2438 2700/2444/2437
f 2638/2382/2375 2639/2383/2376 2702/2446/2439 2701/2445/2438
f 2639/2383/2376 2640/2384/2377 2703/2447/2440 2702/2446/2439
f 2640/2384/2377 2641/2385/2378 2704/2448/2441 2703/2447/2440
f 2641/2385/2378 2642/2386/2379 2705/2449/2442 2704/2448/2441
f 2642/2386/2379 2643/2387/2380 2706/2450/2443 2705/2449/2442
f 2643/2387/2380 2644/2388/2381 2707/2451/2444 2706/2450/2443
f 2644/2388/2381 2645/2389/2382 2708/2452/2445 2707/2451/2444
f 2645/2389/2382 2646/2390/2383 2709/2453/2446 2708/2452/2445
f 2646/2390/2383 2647/2391/2384 2710/2454/2447 2709/2453/2446
f 2647/2391/2384 2648/2392/2385 2711/2455/2448 2710/2454/2447
f 2648/2392/2385 2649/2393/2386 2712/2456/2449 2711/2455/2448
f 2649/2393/2386 2650/2394/2387 2713/2457/1314 2712/2456/2449
f 2651/2396/2389 2652/2395/2388 2715/2458/2450 2714/2459/2451
f 2652/2395/2388 2653/2397/2390 2716/2460/2452 2715/2458/2450
f 2653/2397/2390 2654/2398/2391 2717/2461/2453 2716/2460/2452
f 2654/2398/2391 2655/2399/2392 2718/2462/2454 2717/2461/2453
f 2655/2399/2392 2656/2400/2393 2719/2463/2455 2718/2462/2454
f 2656/2400/2393 2657/2401/2394 2720/2464/2456 2719/2463/2455
f 2657/2401/2394 2658/2402/2395 2721/2465/2457 2720/2464/2456
f 2658/2402/2395 2659/2403/2396 2722/2466/2458 2721/2465/2457
f 2659/2403/2396 2660/2404/2397 2723/2467/2459 2722/2466/2458
f 2660/2404/2397 2661/2405/2398 2724/2468/2460 2723/2467/2459
f 2661/2405/2398 2662/2406/2399 2725/2469/2461 2724/2468/2460
f 2662/2406/2399 2663/2407/2400 2726/2470/2462 2725/2469/2461
f 2663/2407/2400 2664/2408/2401 2727/2471/2463 2726/2470/2462
f 2664/2408/2401 2665/2409/2402 2728/2472/2464 2727/2471/2463
f 2665/2409/2402 2666/2410/2403 2729/2473/2465 2728/2472/2464
f 2666/2410/2403 2667/2411/2404 2730/2474/2466 2729/2473/2465
f 2667/2411/2404 2668/2412/2405 2731/2475/2467 2730/2474/2466
f 2668/2412/2405 2669/2413/2406 2732/2476/2468 2731/2475/2467
f 2669/2413/2406 2670/2414/2407 2733/2477/2469 2732/2476/2468
f 2670/2414/2407 2671/2415/2408 2734/2478/2470 2733/2477/2469
f 2671/2415/2408 2672/2416/2409 2735/2479/2471 2734/2478/2470
f 2672/2416/2409 2673/2417/2410 2736/2480/2472 2735/2479/2471
f 2673/2417/2410 2674/2418/2411 2737/2481/2473 2736/2480/2472
f 2674/2418/2411 2675/2419/2412 2738/2482/2474 2737/2481/2473
f 2675/2419/2412 2676/2420/2413 2739/2483/2475 2738/2482/2474
f 2676/2420/2413 2677/2421/2414 2740/2484/2476 2739/2483/2475
f 2677/2421/2414 2678/2422/2415 2741/2485/2477 2740/2484/2476
f 2678/2422/2415 2679/2423/2416 2742/2486/2478 2741/2485/2477
f 2679/2423/2416 2680/2424/2417 2743/2487/2479 2742/2486/2478
f 2680/2424/2417 2681/2425/2418 2744/2488/2480 2743/2487/2479
f 2681/2425/2418 2682/2426/2419 2745/2489/2481 2744/2488/2480
f 2682/2426/2419 2683/2427/2420 2746/2490/2482 2745/2489/2481
f 2683/2427/2420 2684/2428/2421 2747/2491/2483 2746/2490/2482
f 2684/2428/2421 2685/2429/2422 2748/2492/2484 2747/2491/2483
f 2685/2429/2422 2686/2430/2423 2749/2493/2485 2748/2492/2484
f 2686/2430/2423 2687/2431/2424 2750/2494/2486 2749/2493/2485
f 2687/2431/2424 2688/2432/2425 2751/2495/2487 2750/2494/2486
f 2688/2432/2425 2689/2433/2426 2752/2496/2488 2751/2495/2487
f 2689/2433/2426 2690/2434/2427 2753/2497/2489 2752/2496/2488
f 2690/2434/2427 2691/2435/2428 2754/2498/2490 2753/2497/2489
f 2691/2435/2428 2692/2436/2429 2755/2499/2491 2754/2498/2490
f 2692/2436/2429 2693/2437/2430 2756/2500/2492 2755/2499/2491
f 2693/2437/2430 2694/2438/2431 2757/2501/2493 2756/2500/2492
f 2694/2438/2431 2695/2439/2432 2758/2502/2494 2757/2501/2493
f 2695/2439/2432 2696/2440/2433 2759/2503/2495 2758/2502/2494
f 2696/2440/2433 2697/2441/2434 2760/2504/2496 2759/2503/2495
f 2697/2441/2434 2698/2442/2435 2761/2505/2497 2760/2504/2496
f 2698/2442/2435 2699/2443/2436 2762/2506/2498 2761/2505/2497
f 2699/2443/2436 2700/2444/2437 2763/2507/2499 2762/2506/2498
f 2700/2444/2437 2701/2445/2438 2764/2508/2500 2763/2507/2499
f 2701/2445/2438 2702/2446/2439 2765/2509/2501 2764/2508/2500
f 2702/2446/2439 2703/2447/2440 2766/2510/2502 2765/2509/2501
f 2703/2447/2440 2704/2448/2441 2767/2511/2503 2766/2510/2502
f 2704/2448/2441 2705/2449/2442 2768/2512/2504 2767/2511/2503
f 2705/2449/2442 2706/2450/2443 2769/2513/2505 2768/2512/2504
f 2706/2450/2443 2707/2451/2444 2770/2514/2506 2769/2513/2505
f 2707/2451/2444 2708/2452/2445 2771/2515/2507 2770/2514/2506
f 2708/2452/2445 2709/2453/2446 2772/2516/2508 2771/2515/2507
f 2709/2453/2446 2710/2454/2447 2773/2517/2509 2772/2516/2508
f 2710/2454/2447 2711/2455/2448 2774/2518/2510 2773/2517/2509
f 2711/2455/2448 2712/2456/2449 2775/2519/2511 2774/2518/2510
f 2712/2456/2449 2713/2457/1314 2776/2520/2512 2775/2519/2511
f 2714/2459/2451 2715/2458/2450 2778/2521/2513 2777/2522/2514
f 2715/2458/2450 2716/2460/2452 2779/2523/2515 2778/2521/2513
f 2716/2460/2452 2717/2461/2453 2780/2524/2516 2779/2523/2515
f 2717/2461/2453 2718/2462/2454 2781/2525/2517 2780/2524/2516
f 2718/2462/2454 2719/2463/2455 2782/2526/2518 2781/2525/2517
f 2719/2463/2455 2720/2464/2456 2783/2527/2519 2782/2526/2518
f 2720/2464/2456 2721/2465/2457 2784/2528/2520 2783/2527/2519
f 2721/2465/2457 2722/2466/2458 2785/2529/2521 2784/2528/2520
f 2722/2466/2458 2723/2467/2459 2786/2530/2522 2785/2529/2521
f 2723/2467/2459 2724/2468/2460 2787/2531/2523 2786/2530/2522
f 2724/2468/2460 2725/2469/2461 2788/2532/2524 2787/2531/2523
f 2725/2469/2461 2726/2470/2462 2789/2533/2525 2788/2532/2524
f 2726/2470/2462 2727/2471/2463 2790/2534/2526 2789/2533/2525
f 2727/2471/2463 2728/2472/2464 2791/2535/2527 2790/2534/2526
f 2728/2472/2464 2729/2473/2465 2792/2536/2528 2791/2535/2527
f 2729/2473/2465 2730/2474/2466 2793/2537/2529 2792/2536/2528
f 2730/2474/2466 2731/2475/2467 2794/2538/2530 2793/2537/2529
f 2731/2475/2467 2732/2476/2468 2795/2539/2531 2794/2538/2530
f 2732/2476/2468 2733/2477/2469 2796/2540/2532 2795/2539/2531
f 2733/2477/2469 2734/2478/2470 2797/2541/2533 2796/2540/2532
f 2734/2478/2470 2735/2479/2471 2798/2542/2534 2797/2541/2533
f 2735/2479/2471 2736/2480/2472 2799/2543/2535 2798/2542/2534
f 2736/2480/2472 2737/2481/2473 2800/2544/2536 2799/2543/2535
f 2737/2481/2473 2738/2482/2474 2801/2545/2537 2800/2544/2536
f 2738/2482/2474 2739/2483/2475 2802/2546/2538 2801/2545/2537
f 2739/2483/2475 2740/2484/2476 2803/2547/2539 2802/2546/2538
f 2740/2484/2476 2741/2485/2477 2804/2548/2540 2803/2547/2539
f 2741/2485/2477 2742/2486/2478 2805/2549/2541 2804/2548/2540
f 2742/2486/2478 2743/2487/2479 2806/2550/2542 2805/2549/2541
f 2743/2487/2479 2744/2488/2480 2807/2551/2543 2806/2550/2542
f 2744/2488/2480 2745/2489/2481 2808/2552/2544 2807/2551/2543
f 2745/2489/2481 2746/2490/2482 2809/2553/2545 2808/2552/2544
f 2746/2490/2482 2747/2491/2483 2810/2554/2546 2809/2553/2545
f 2747/2491/2483 2748/2492/2484 2811/2555/2547 2810/2554/2546
f 2748/2492/2484 2749/2493/2485 2812/2556/2548 2811/2555/2547
f 2749/2493/2485 2750/2494/2486 2813/2557/2549 2812/2556/2548
f 2750/2494/2486 2751/2495/2487 2814/2558/2550 2813/2557/2549
f 2751/2495/2487 2752/2496/2488 2815/2559/2551 2814/2558/2550
f 2752/2496/2488 2753/2497/2489 2816/2560/2552 2815/2559/2551
f 2753/2497/2489 2754/2498/2490 2817/2561/2553 2816/2560/2552
f 2754/2498/2490 2755/2499/2491 2818/2562/2554 2817/2561/2553
f 2755/2499/2491 2756/2500/2492 2819/2563/2555 2818/2562/2554
f 2756/2500/2492 2757/2501/2493 2820/2564/2556 2819/2563/2555
f 2757/2501/2493 2758/2502/2494 2821/2565/2557 2820/2564/2556
f 2758/2502/2494 2759/2503/2495 2822/2566/2558 2821/2565/2557
f 2759/2503/2495 2760/2504/2496 2823/2567/2559 2822/2566/2558
f 2760/2504/2496 2761/2505/2497 2824/2568/2560 2823/2567/2559
f 2761/2505/2497 2762/2506/2498 2825/2569/2561 2824/2568/2560
f 2762/2506/2498 2763/2507/2499 2826/2570/2562 2825/2569/2561
f 2763/2507/2499 2764/2508/2500 2827/2571/2563 2826/2570/2562
f 2764/2508/2500 2765/2509/2501 2828/2572/2564 2827/2571/2563
f 2765/2509/2501 2766/2510/2502 2829/2573/2565 2828/2572/2564
f 2766/2510/2502 2767/2511/2503 2830/2574/2566 2829/2573/2565
f 2767/2511/2503 2768/2512/2504 2831/2575/2567 2830/2574/2566
f 2768/2512/2504 2769/2513/2505 2832/2576/2568 2831/2575/2567
f 2769/2513/2505 2770/2514/2506 2833/2577/2569 2832/2576/2568
f 2770/2514/2506 2771/2515/2507 2834/2578/2570 2833/2577/2569
f 2771/2515/2507 2772/2516/2508 2835/2579/2571 2834/2578/2570
f 2772/2516/2508 2773/2517/2509 2836/2580/2572 2835/2579/2571
f 2773/2517/2509 2774/2518/2510 2837/2581/2573 2836/2580/2572
f 2774/2518/2510 2775/2519/2511 2838/2582/2574 2837/2581/2573
f 2775/2519/2511 2776/2520/2512 2839/2583/2575 2838/2582/2574
f 2777/2522/2514 2778/2521/2513 2841/2584/2576 2840/2585/2577
f 2778/2521/2513 2779/2523/2515 2842/2586/2578 2841/2584/2576
f 2779/2523/2515 2780/2524/2516 2843/2587/2579 2842/2586/2578
f 2780/2524/2516 2781/2525/2517 2844/2588/2580 2843/2587/2579
f 2781/2525/2517 2782/2526/2518 2845/2589/2581 2844/2588/2580
f 2782/2526/2518 2783/2527/2519 2846/2590/2582 2845/2589/2581
f 2783/2527/2519 2784/2528/2520 2847/2591/2583 2846/2590/2582
f 2784/2528/2520 2785/2529/2521 2848/2592/2584 2847/2591/2583
f 2785/2529/2521 2786/2530/2522 2849/2593/2585 2848/2592/2584
f 2786/2530/2522 2787/2531/2523 2850/2594/2586 2849/2593/2585
f 2787/2531/2523 2788/2532/2524 2851/2595/2587 2850/2594/2586
f 2788/2532/2524 2789/2533/2525 2852/2596/2588 2851/2595/2587
f 2789/2533/2525 2790/2534/2526 2853/2597/2589 2852/2596/2588
f 2790/2534/2526 2791/2535/2527 2854/2598/2590 2853/2597/2589
f 2791/2535/2527 2792/2536/2528 2855/2599/2591 2854/2598/2590
f 2792/2536/2528 2793/2537/2529 2856/2600/2592 2855/2599/2591
f 2793/2537/2529 2794/2538/2530 2857/2601/2593 2856/2600/2592
f 2794/2538/2530 2795/2539/2531 2858/2602/2594 2857/2601/2593
f 2795/2539/2531 2796/2540/2532 2859/2603/2595 2858/2602/2594
f 2796/2540/2532 2797/2541/2533 2860/2604/2596 2859/2603/2595
f 2797/2541/2533 2798/2542/2534 2861/2605/2597 2860/2604/2596
f 2798/2542/2534 2799/2543/2535 2862/2606/2598 2861/2605/2597
f 2799/2543/2535 2800/2544/2536 2863/2607/2599 2862/2606/2598
f 2800/2544/2536 2801/2545/2537 2864/2608/2600 2863/2607/2599
f 2801/2545/2537 2802/2546/2538 2865/2609/2601 2864/2608/2600
f 2802/2546/2538 2803/2547/2539 2866/2610/2602 2865/2609/2601
f 2803/2547/2539 2804/2548/2540 2867/2611/2603 2866/2610/2602
f 2804/2548/2540 2805/2549/2541 2868/2612/2604 2867/2611/2603
f 2805/2549/2541 2806/2550/2542 2869/2613/2605 2868/2612/2604
f 2806/2550/2542 2807/2551/2543 2870/2614/2606 2869/2613/2605
f 2807/2551/2543 2808/2552/2544 2871/2615/2607 2870/2614/2606
f 2808/2552/2544 2809/2553/2545 2872/2616/2608 2871/2615/2607
f 2809/2553/2545 2810/2554/2546 2873/2617/2609 2872/2616/2608
f 2810/2554/2546 2811/2555/2547 2874/2618/2610 2873/2617/2609
f 2811/2555/2547 2812/2556/2548 2875/2619/2611 2874/2618/2610
f 2812/2556/2548 2813/2557/2549 2876/2620/2612 2875/2619/2611
f 2813/2557/2549 2814/2558/2550 2877/2621/2613 2876/2620/2612
f 2814/2558/2550 2815/2559/2551 2878/2622/2614 2877/2621/2613
f 2815/2559/2551 2816/2560/2552 2879/2623/2615 2878/2622/2614
f 2816/2560/2552 2817/2561/2553 2880/2624/2616 2879/2623/2615
f 2817/2561/2553 2818/2562/2554 2881/2625/2617 2880/2624/2616
f 2818/2562/2554 2819/2563/2555 2882/2626/2618 2881/2625/2617
f 2819/2563/2555 2820/2564/2556 2883/2627/2619 2882/2626/2618
f 2820/2564/2556 2821/2565/2557 2884/2628/2620 2883/2627/2619
f 2821/2565/2557 2822/2566/2558 2885/2629/2621 2884/2628/2620
f 2822/2566/2558 2823/2567/2559 2886/2630/2622 2885/2629/2621
f 2823/2567/2559 2824/2568/2560 2887/2631/2623 2886/2630/2622
f 2824/2568/2560 2825/2569/2561 2888/2632/2624 2887/2631/2623
f 2825/2569/2561 2826/2570/2562 2889/2633/2625 2888/2632/2624
f 2826/2570/2562 2827/2571/2563 2890/2634/2626 2889/2633/2625
f 2827/2571/2563 2828/2572/2564 2891/2635/2627 2890/2634/2626
f 2828/2572/2564 2829/2573/2565 2892/2636/2628 2891/2635/2627
f 2829/2573/2565 2830/2574/2566 2893/2637/2629 2892/2636/2628
f 2830/2574/2566 2831/2575/2567 2894/2638/2630 2893/2637/2629
f 2831/2575/2567 2832/2576/2568 2895/2639/2631 2894/2638/2630
f 2832/2576/2568 2833/2577/2569 2896/2640/2632 2895/2639/2631
f 2833/2577/2569 2834/2578/2570 2897/2641/2633 2896/2640/2632
f 2834/2578/2570 2835/2579/2571 2898/2642/2634 2897/2641/2633
f 2835/2579/2571 2836/2580/2572 2899/2643/2635 2898/2642/2634
f 2836/2580/2572 2837/2581/2573 2900/2644/2636 2899/2643/2635
f 2837/2581/2573 2838/2582/2574 2901/2645/2637 2900/2644/2636
f 2838/2582/2574 2839/2583/2575 2902/2646/2638 2901/2645/2637
f 2840/2585/2577 2841/2584/2576 2904/2647/2639 2903/2648/2640
f 2841/2584/2576 2842/2586/2578 2905/2649/2641 2904/2647/2639
f 2842/2586/2578 2843/2587/2579 2906/2650/2642 2905/2649/2641
f 2843/2587/2579 2844/2588/2580 2907/2651/2643 2906/2650/2642
f 2844/2588/2580 2845/2589/2581 2908/2652/2644 2907/2651/2643
f 2845/2589/2581 2846/2590/2582 2909/2653/2645 2908/2652/2644
f 2846/2590/2582 2847/2591/2583 2910/2654/2646 2909/2653/2645
f 2847/2591/2583 2848/2592/2584 2911/2655/2647 2910/2654/2646
f 2848/2592/2584 2849/2593/2585 2912/2656/2648 2911/2655/2647
f 2849/2593/2585 2850/2594/2586 2913/2657/2649 2912/2656/2648
f 2850/2594/2586 2851/2595/2587 2914/2658/2650 2913/2657/2649
f 2851/2595/2587 2852/2596/2588 2915/2659/2651 2914/2658/2650
f 2852/2596/2588 2853/2597/2589 2916/2660/2652 2915/2659/2651
f 2853/2597/2589 2854/2598/2590 2917/2661/2653 2916/2660/2652
f 2854/2598/2590 2855/2599/2591 2918/2662/2654 2917/2661/2653
f 2855/2599/2591 2856/2600/2592 2919/2663/2655 2918/2662/2654
f 2856/2600/2592 2857/2601/2593 2920/2664/2656 2919/2663/2655
f 2857/2601/2593 2858/2602/2594 2921/2665/2657 2920/2664/2656
f 2858/2602/2594 2859/2603/2595 2922/2666/2658 2921/2665/2657
f 2859/2603/2595 2860/2604/2596 2923/2667/2659 2922/2666/2658
f 2860/2604/2596 2861/2605/2597 2924/2668/2660 2923/2667/2659
f 2861/2605/2597 2862/2606/2598 2925/2669/2661 2924/2668/2660
f 2862/2606/2598 2863/2607/2599 2926/2670/2662 2925/2669/2661
f 2863/2607/2599 2864/2608/2600 2927/2671/2663 2926/2670/2662
f 2864/2608/2600 2865/2609/2601 2928/2672/2664 2927/2671/2663
f 2865/2609/2601 2866/2610/2602 2929/2673/2665 2928/2672/2664
f 2866/2610/2602 2867/2611/2603 2930/2674/2666 2929/2673/2665
f 2867/2611/2603 2868/2612/2604 2931/2675/2667 2930/2674/2666
f 2868/2612/2604 2869/2613/2605 2932/2676/2668 2931/2675/2667
f 2869/2613/2605 2870/2614/2606 2933/2677/2669 2932/2676/2668
f 2870/2614/2606 2871/2615/2607 2934/2678/2670 2933/2677/2669
f 2871/2615/2607 2872/2616/2608 2935/2679/2671 2934/2678/2670
f 2872/2616/2608 2873/2617/2609 2936/2680/2672 2935/2679/2671
f 2873/2617/2609 2874/2618/2610 2937/2681/2673 2936/2680/2672
f 2874/2618/2610 2875/2619/2611 2938/2682/2674 2937/2681/2673
f 2875/2619/2611 2876/2620/2612 2939/2683/2675 2938/2682/2674
f 2876/2620/2612 2877/2621/2613 2940/2684/2676 2939/2683/2675
f 2877/2621/2613 2878/2622/2614 2941/2685/2677 2940/2684/2676
f 2878/2622/2614 2879/2623/2615 2942/2686/2678 2941/2685/2677
f 2879/2623/2615 2880/2624/2616 2943/2687/2679 2942/2686/2678
f 2880/2624/2616 2881/2625/2617 2944/2688/2680 2943/2687/2679
f 2881/2625/2617 2882/2626/2618 2945/2689/2681 2944/2688/2680
f 2882/2626/2618 2883/2627/2619 2946/2690/2682 2945/2689/2681
f 2883/2627/2619 2884/2628/2620 2947/2691/2683 2946/2690/2682
f 2884/2628/2620 2885/2629/2621 2948/2692/2684 2947/2691/2683
f 2885/2629/2621 2886/2630/2622 2949/2693/2685 2948/2692/2684
f 2886/2630/2622 2887/2631/2623 2950/2694/2686 2949/2693/2685
f 2887/2631/2623 2888/2632/2624 2951/2695/2687 2950/2694/2686
f 2888/2632/2624 2889/2633/2625 2952/2696/2688 2951/2695/2687
f 2889/2633/2625 2890/2634/2626 2953/2697/2689 2952/2696/2688
f 2890/2634/2626 2891/2635/2627 2954/2698/2690 2953/2697/2689
f 2891/2635/2627 2892/2636/2628 2955/2699/2691 2954/2698/2690
f 2892/2636/2628 2893/2637/2629 2956/2700/2692 2955/2699/2691
f 2893/2637/2629 2894/2638/2630 2957/2701/2693 2956/2700/2692
f 2894/2638/2630 2895/2639/2631 2958/2702/2694 2957/2701/2693
f 2895/2639/2631 2896/2640/2632 2959/2703/2695 2958/2702/2694
f 2896/2640/2632 2897/2641/2633 2960/2704/2696 2959/2703/2695
f 2897/2641/2633 2898/2642/2634 2961/2705/2697 2960/2704/2696
f 2898/2642/2634 2899/2643/2635 2962/2706/2698 2961/2705/2697
f 2899/2643/2635 2900/2644/2636 2963/2707/2699 2962/2706/2698
f 2900/2644/2636 2901/2645/2637 2964/2708/2700 2963/2707/2699
f 2901/2645/2637 2902/2646/2638 2965/2709/2701 2964/2708/2700
f 2903/2648/2640 2904/2647/2639 2967/2710/2702 2966/2711/2703
f 2904/2647/2639 2905/2649/2641 2968/2712/2704 2967/2710/2702
f 2905/2649/2641 2906/2650/2642 2969/2713/2705 2968/2712/2704
f 2906/2650/2642 2907/2651/2643 2970/2714/2706 2969/2713/2705
f 2907/2651/2643 2908/2652/2644 2971/2715/2707 2970/2714/2706
f 2908/2652/2644 2909/2653/2645 2972/2716/2708 2971/2715/2707
f 2909/2653/2645 2910/2654/2646 2973/2717/2709 2972/2716/2708
f 2910/2654/2646 2911/2655/2647 2974/2718/2710 2973/2717/2709
f 2911/2655/2647 2912/2656/2648 2975/2719/2711 2974/2718/2710
f 2912/2656/2648 2913/2657/2649 2976/2720/2712 2975/2719/2711
f 2913/2657/2649 2914/2658/2650 2977/2721/2713 2976/2720/2712
f 2914/2658/2650 2915/2659/2651 2978/2722/2714 2977/2721/2713
f 2915/2659/2651 2916/2660/2652 2979/2723/2715 2978/2722/2714
f 2916/2660/2652 2917/2661/2653 2980/2724/2716 2979/2723/2715
f 2917/2661/2653 2918/2662/2654 2981/2725/2717 2980/2724/2716
f 2918/2662/2654 2919/2663/2655 2982/2726/2718 2981/2725/2717
f 2919/2663/2655 2920/2664/2656 2983/2727/2719 2982/2726/2718
f 2920/2664/2656 2921/2665/2657 2984/2728/2720 2983/2727/2719
f 2921/2665/2657 2922/2666/2658 2985/2729/2721 2984/2728/2720
f 2922/2666/2658 2923/2667/2659 2986/2730/2722 2985/2729/2721
f 2923/2667/2659 2924/2668/2660 2987/2731/2723 2986/2730/2722
f 2924/2668/2660 2925/2669/2661 2988/2732/2724 2987/2731/2723
f 2925/2669/2661 2926/2670/2662 2989/2733/2725 2988/2732/2724
f 2926/2670/2662 2927/2671/2663 2990/2734/2726 2989/2733/2725
f 2927/2671/2663 2928/2672/2664 2991/2735/2727 2990/2734/2726
f 2928/2672/2664 2929/2673/2665 2992/2736/2728 2991/2735/2727
f 2929/2673/2665 2930/2674/2666 2993/2737/2729 2992/2736/2728
f 2930/2674/2666 2931/2675/2667 2994/2738/2730 2993/2737/2729
f 2931/2675/2667 2932/2676/2668 2995/2739/2731 2994/2738/2730
f 2932/2676/2668 2933/2677/2669 2996/2740/2732 2995/2739/2731
f 2933/2677/2669 2934/2678/2670 2997/2741/2733 2996/2740/2732
f 2934/2678/2670 2935/2679/2671 2998/2742/2734 2997/2741/2733
f 2935/2679/2671 2936/2680/2672 2999/2743/2735 2998/2742/2734
f 2936/2680/2672 2937/2681/2673 3000/2744/2736 2999/2743/2735
f 2937/2681/2673 2938/2682/2674 3001/2745/2737 3000/2744/2736
f 2938/2682/2674 2939/2683/2675 3002/2746/2738 3001/2745/2737
f 2939/2683/2675 2940/2684/2676 3003/2747/2739 3002/2746/2738
f 2940/2684/2676 2941/2685/2677 3004/2748/2740 3003/2747/2739
f 2941/2685/2677 2942/2686/2678 3005/2749/2741 3004/2748/2740
f 2942/2686/2678 2943/2687/2679 3006/2750/2742 3005/2749/2741
f 2943/2687/2679 2944/2688/2680 3007/2751/2743 3006/2750/2742
f 2944/2688/2680 2945/2689/2681 3008/2752/2744 3007/2751/2743
f 2945/2689/2681 2946/2690/2682 3009/2753/2745 3008/2752/2744
f 2946/2690/2682 2947/2691/2683 3010/2754/2746 3009/2753/2745
f 2947/2691/2683 2948/2692/2684 3011/2755/2747 3010/2754/2746
f 2948/2692/2684 2949/2693/2685 3012/2756/2748 3011/2755/2747
f 2949/2693/2685 2950/2694/2686 3013/2757/2749 3012/2756/2748
f 2950/2694/2686 2951/2695/2687 3014/2758/2750 3013/2757/2749
f 2951/2695/2687 2952/2696/2688 3015/2759/2751 3014/2758/2750
f 2952/2696/2688 2953/2697/2689 3016/2760/2752 3015/2759/2751
f 2953/2697/2689 2954/2698/2690 3017/2761/2753 3016/2760/2752
f 2954/2698/2690 2955/2699/2691 3018/2762/2754 3017/2761/2753
f 2955/2699/2691 2956/2700/2692 3019/2763/2755 3018/2762/2754
f 2956/2700/2692 2957/2701/2693 3020/2764/2756 3019/2763/2755
f 2957/2701/2693 2958/2702/2694 3021/2765/2757 3020/2764/2756
f 2958/2702/2694 2959/2703/2695 3022/2766/2758 3021/2765/2757
f 2959/2703/2695 2960/2704/2696 3023/2767/2759 3022/2766/2758
f 2960/2704/2696 2961/2705/2697 3024/2768/2760 3023/2767/2759
f 2961/2705/2697 2962/2706/2698 3025/2769/2761 3024/2768/2760
f 2962/2706/2698 2963/2707/2699 3026/2770/2762 3025/2769/2761
f 2963/2707/2699 2964/2708/2700 3027/2771/2763 3026/2770/2762
f 2964/2708/2700 2965/2709/2701 3028/2772/2764 3027/2771/2763
f 2966/2711/2703 2967/2710/2702 3030/2773/2765 3029/2774/2766
f 2967/2710/2702 2968/2712/2704 3031/2775/2767 3030/2773/2765
f 2968/2712/2704 2969/2713/2705 3032/2776/2768 3031/2775/2767
f 2969/2713/2705 2970/2714/2706 3033/2777/2769 3032/2776/2768
f 2970/2714/2706 2971/2715/2707 3034/2778/2770 3033/2777/2769
f 2971/2715/2707 2972/2716/2708 3035/2779/2771 3034/2778/2770
f 2972/2716/2708 2973/2717/2709 3036/2780/2772 3035/2779/2771
f 2973/2717/2709 2974/2718/2710 3037/2781/2773 3036/2780/2772
f 2974/2718/2710 2975/2719/2711 3038/2782/2774 3037/2781/2773
f 2975/2719/2711 2976/2720/2712 3039/2783/2775 3038/2782/2774
f 2976/2720/2712 2977/2721/2713 3040/2784/2776 3039/2783/2775
f 2977/2721/2713 2978/2722/2714 3041/2785/2777 3040/2784/2776
f 2978/2722/2714 2979/2723/2715 3042/2786/2778 3041/2785/2777
f 2979/2723/2715 2980/2724/2716 3043/2787/2779 3042/2786/2778
f 2980/2724/2716 2981/2725/2717 3044/2788/2780 3043/2787/2779
f 2981/2725/2717 2982/2726/2718 3045/2789/2781 3044/2788/2780
f 2982/2726/2718 2983/2727/2719 3046/2790/2782 3045/2789/2781
f 2983/2727/2719 2984/2728/2720 3047/2791/2783 3046/2790/2782
f 2984/2728/2720 2985/2729/2721 3048/2792/2784 3047/2791/2783
f 2985/2729/2721 2986/2730/2722 3049/2793/2785 3048/2792/2784
f 2986/2730/2722 2987/2731/2723 3050/2794/2786 3049/2793/2785
f 2987/2731/2723 2988/2732/2724 3051/2795/2787 3050/2794/2786
f 2988/2732/2724 2989/2733/2725 3052/2796/2788 3051/2795/2787
f 2989/2733/2725 2990/2734/2726 3053/2797/2789 3052/2796/2788
f 2990/2734/2726 2991/2735/2727 3054/2798/2790 3053/2797/2789
f 2991/2735/2727 2992/2736/2728 3055/2799/2791 3054/2798/2790
f 2992/2736/2728 2993/2737/2729 3056/2800/2792 3055/2799/2791
f 2993/2737/2729 2994/2738/2730 3057/2801/2793 3056/2800/2792
f 2994/2738/2730 2995/2739/2731 3058/2802/2794 3057/2801/2793
f 2995/2739/2731 2996/2740/2732 3059/2803/2795 3058/2802/2794
f 2996/2740/2732 2997/2741/2733 3060/2804/2796 3059/2803/2795
f 2997/2741/2733 2998/2742/2734 3061/2805/2797 3060/2804/2796
f 2998/2742/2734 2999/2743/2735 3062/2806/2798 3061/2805/2797
f 2999/2743/2735 3000/2744/2736 3063/2807/2799 3062/2806/2798
f 3000/2744/2736 3001/2745/2737 3064/2808/2800 3063/2807/2799
f 3001/2745/2737 3002/2746/2738 3065/2809/2801 3064/2808/2800
f 3002/2746/2738 3003/2747/2739 3066/2810/2802 3065/2809/2801
f 3003/2747/2739 3004/2748/2740 3067/2811/2803 3066/2810/2802
f 3004/2748/2740 3005/2749/2741 3068/2812/2804 3067/2811/2803
f 3005/2749/2741 3006/2750/2742 3069/2813/2805 3068/2812/2804
f 3006/2750/2742 3007/2751/2743 3070/2814/2806 3069/2813/2805
f 3007/2751/2743 3008/2752/2744 3071/2815/2807 3070/2814/2806
f 3008/2752/2744 3009/2753/2745 3072/2816/2808 3071/2815/2807
f 3009/2753/2745 3010/2754/2746 3073/2817/2809 3072/2816/2808
f 3010/2754/2746 3011/2755/2747 3074/2818/2810 3073/2817/2809
f 3011/2755/2747 3012/2756/2748 3075/2819/2811 3074/2818/2810
f 3012/2756/2748 3013/2757/2749 3076/2820/2812 3075/2819/2811
f 3013/2757/2749 3014/2758/2750 3077/2821/2813 3076/2820/2812
f 3014/2758/2750 3015/2759/2751 3078/2822/2814 3077/2821/2813
f 3015/2759/2751 3016/2760/2752 3079/2823/2815 3078/2822/2814
f 3016/2760/2752 3017/2761/2753 3080/2824/2816 3079/2823/2815
f 3017/2761/2753 3018/2762/2754 3081/2825/2817 3080/2824/2816
f 3018/2762/2754 3019/2763/2755 3082/2826/2818 3081/2825/2817
f 3019/2763/2755 3020/2764/2756 3083/2827/2819 3082/2826/2818
f 3020/2764/2756 3021/2765/2757 3084/2828/2820 3083/2827/2819
f 3021/2765/2757 3022/2766/2758 3085/2829/2821 3084/2828/2820
f 3022/2766/2758 3023/2767/2759 3086/2830/2822 3085/2829/2821
f 3023/2767/2759 3024/2768/2760 3087/2831/2823 3086/2830/2822
f 3024/2768/2760 3025/2769/2761 3088/2832/2824 3087/2831/2823
f 3025/2769/2761 3026/2770/2762 3089/2833/2825 3088/2832/2824
f 3026/2770/2762 3027/2771/2763 3090/2834/2826 3089/2833/2825
f 3027/2771/2763 3028/2772/2764 3091/2835/2827 3090/2834/2826
f 3029/2774/2766 3030/2773/2765 3093/2836/2828 3092/2837/2829
f 3030/2773/2765 3031/2775/2767 3094/2838/2830 3093/2836/2828
f 3031/2775/2767 3032/2776/2768 3095/2839/2831 3094/2838/2830
f 3032/2776/2768 3033/2777/2769 3096/2840/2832 3095/2839/2831
f 3033/2777/2769 3034/2778/2770 3097/2841/2833 3096/2840/2832
f 3034/2778/2770 3035/2779/2771 3098/2842/2834 3097/2841/2833
f 3035/2779/2771 3036/2780/2772 3099/2843/2835 3098/2842/2834
f 3036/2780/2772 3037/2781/2773 3100/2844/2836 3099/2843/2835
f 3037/2781/2773 3038/2782/2774 3101/2845/2837 3100/2844/2836
f 3038/2782/2774 3039/2783/2775 3102/2846/2838 3101/2845/2837
f 3039/2783/2775 3040/2784/2776 3103/2847/2839 3102/2846/2838
f 3040/2784/2776 3041/2785/2777 3104/2848/2840 3103/2847/2839
f 3041/2785/2777 3042/2786/2778 3105/2849/2841 3104/2848/2840
f 3042/2786/2778 3043/2787/2779 3106/2850/2842 3105/2849/2841
f 3043/2787/2779 3044/2788/2780 3107/2851/2843 3106/2850/2842
f 3044/2788/2780 3045/2789/2781 3108/2852/2844 3107/2851/2843
f 3045/2789/2781 3046/2790/2782 3109/2853/2845 3108/2852/2844
f 3046/2790/2782 3047/2791/2783 3110/2854/2846 3109/2853/2845
f 3047/2791/2783 3048/2792/2784 3111/2855/2847 3110/2854/2846
f 3048/2792/2784 3049/2793/2785 3112/2856/2848 3111/2855/2847
f 3049/2793/2785 3050/2794/2786 3113/2857/2849 3112/2856/2848
f 3050/2794/2786 3051/2795/2787 3114/2858/2850 3113/2857/2849
f 3051/2795/2787 3052/2796/2788 3115/2859/2851 3114/2858/2850
f 3052/2796/2788 3053/2797/2789 3116/2860/2852 3115/2859/2851
f 3053/2797/2789 3054/2798/2790 3117/2861/2853 3116/2860/2852
f 3054/2798/2790 3055/2799/2791 3118/2862/2854 3117/2861/2853
f 3055/2799/2791 3056/2800/2792 3119/2863/2855 3118/2862/2854
f 3056/2800/2792 3057/2801/2793 3120/2864/2856 3119/2863/2855
f 3057/2801/2793 3058/2802/2794 3121/2865/2857 3120/2864/2856
f 3058/2802/2794 3059/2803/2795 3122/2866/2858 3121/2865/2857
f 3059/2803/2795 3060/2804/2796 3123/2867/2859 3122/2866/2858
f 3060/2804/2796 3061/2805/2797 3124/2868/2860 3123/2867/2859
f 3061/2805/2797 3062/2806/2798 3125/2869/2861 3124/2868/2860
f 3062/2806/2798 3063/2807/2799 3126/2870/2862 3125/2869/2861
f 3063/2807/2799 3064/2808/2800 3127/2871/2863 3126/2870/2862
f 3064/2808/2800 3065/2809/2801 3128/2872/2864 3127/2871/2863
f 3065/2809/2801 3066/2810/2802 3129/2873/2865 3128/2872/2864
f 3066/2810/2802 3067/2811/2803 3130/2874/2866 3129/2873/2865
f 3067/2811/2803 3068/2812/2804 3131/2875/2867 3130/2874/2866
f 3068/2812/2804 3069/2813/2805 3132/2876/2868 3131/2875/2867
f 3069/2813/2805 3070/2814/2806 3133/2877/2869 3132/2876/2868
f 3070/2814/2806 3071/2815/2807 3134/2878/2870 3133/2877/2869
f 3071/2815/2807 3072/2816/2808 3135/2879/2871 3134/2878/2870
f 3072/2816/2808 3073/2817/2809 3136/2880/2872 3135/2879/2871
f 3073/2817/2809 3074/2818/2810 3137/2881/2873 3136/2880/2872
f 3074/2818/2810 3075/2819/2811 3138/2882/2874 3137/2881/2873
f 3075/2819/2811 3076/2820/2812 3139/2883/2875 3138/2882/2874
f 3076/2820/2812 3077/2821/2813 3140/2884/2876 3139/2883/2875
f 3077/2821/2813 3078/2822/2814 3141/2885/2877 3140/2884/2876
f 3078/2822/2814 3079/2823/2815 3142/2886/2878 3141/2885/2877
f 3079/2823/2815 3080/2824/2816 3143/2887/2879 3142/2886/2878
f 3080/2824/2816 3081/2825/2817 3144/2888/2880 3143/2887/2879
f 3081/2825/2817 3082/2826/2818 3145/2889/2881 3144/2888/2880
f 3082/2826/2818 3083/2827/2819 3146/2890/2882 3145/2889/2881
f 3083/2827/2819 3084/2828/2820 3147/2891/2883 3146/2890/2882
f 3084/2828/2820 3085/2829/2821 3148/2892/2884 3147/2891/2883
f 3085/2829/2821 3086/2830/2822 3149/2893/2885 3148/2892/2884
f 3086/2830/2822 3087/2831/2823 3150/2894/2886 3149/2893/2885
f 3087/2831/2823 3088/2832/2824 3151/2895/2887 3150/2894/2886
f 3088/2832/2824 3089/2833/2825 3152/2896/2888 3151/2895/2887
f 3089/2833/2825 3090/2834/2826 3153/2897/2889 3152/2896/2888
f 3090/2834/2826 3091/2835/2827 3154/2898/2890 3153/2897/2889
f 3092/2837/2829 3093/2836/2828 3156/2899/2891 3155/2900/2892
f 3093/2836/2828 3094/2838/2830 3157/2901/2893 3156/2899/2891
f 3094/2838/2830 3095/2839/2831 3158/2902/2894 3157/2901/2893
f 3095/2839/2831 3096/2840/2832 3159/2903/2895 3158/2902/2894
f 3096/2840/2832 3097/2841/2833 3160/2904/2896 3159/2903/2895
f 3097/2841/2833 3098/2842/2834 3161/2905/2897 3160/2904/2896
f 3098/2842/2834 3099/2843/2835 3162/2906/2898 3161/2905/2897
f 3099/2843/2835 3100/2844/2836 3163/2907/2899 3162/2906/2898
f 3100/2844/2836 3101/2845/2837 3164/2908/2900 3163/2907/2899
f 3101/2845/2837 3102/2846/2838 3165/2909/2901 3164/2908/2900
f 3102/2846/2838 3103/2847/2839 3166/2910/2902 3165/2909/2901
f 3103/2847/2839 3104/2848/2840 3167/2911/2903 3166/2910/2902
f 3104/2848/2840 3105/2849/2841 3168/2912/2904 3167/2911/2903
f 3105/2849/2841 3106/2850/2842 3169/2913/2905 3168/2912/2904
f 3106/2850/2842 3107/2851/2843 3170/2914/2906 3169/2913/2905
f 3107/2851/2843 3108/2852/2844 3171/2915/2907 3170/2914/2906
f 3108/2852/2844 3109/2853/2845 3172/2916/2908 3171/2915/2907
f 3109/2853/2845 3110/2854/2846 3173/2917/2909 3172/2916/2908
f 3110/2854/2846 3111/2855/2847 3174/2918/2910 3173/2917/2909
f 3111/2855/2847 3112/2856/2848 3175/2919/2911 3174/2918/2910
f 3112/2856/2848 3113/2857/2849 3176/2920/2912 3175/2919/2911
f 3113/2857/2849 3114/2858/2850 3177/2921/2913 3176/2920/2912
f 3114/2858/2850 3115/2859/2851 3178/2922/2914 3177/2921/2913
f 3115/2859/2851 3116/2860/2852 3179/2923/2915 3178/2922/2914
f 3116/2860/2852 3117/2861/2853 3180/2924/2916 3179/2923/2915
f 3117/2861/2853 3118/2862/2854 3181/2925/2917 3180/2924/2916
f 3118/2862/2854 3119/2863/2855 3182/2926/2918 3181/2925/2917
f 3119/2863/2855 3120/2864/2856 3183/2927/2919 3182/2926/2918
f 3120/2864/2856 3121/2865/2857 3184/2928/2920 3183/2927/2919
f 3121/2865/2857 3122/2866/2858 3185/2929/2921 3184/2928/2920
f 3122/2866/2858 3123/2867/2859 3186/2930/2922 3185/2929/2921
f 3123/2867/2859 3124/2868/2860 3187/2931/2923 3186/2930/2922
f 3124/2868/2860 3125/2869/2861 3188/2932/2924 3187/2931/2923
f 3125/2869/2861 3126/2870/2862 3189/2933/2925 3188/2932/2924
f 3126/2870/2862 3127/2871/2863 3190/2934/2926 3189/2933/2925
f 3127/2871/2863 3128/2872/2864 3191/2935/2927 3190/2934/2926
f 3128/2872/2864 3129/2873/2865 3192/2936/2928 3191/2935/2927
f 3129/2873/2865 3130/2874/2866 3193/2937/2929 3192/2936/2928
f 3130/2874/2866 3131/2875/2867 3194/2938/2930 3193/2937/2929
f 3131/2875/2867 3132/2876/2868 3195/2939/2931 3194/2938/2930
f 3132/2876/2868 3133/2877/2869 3196/2940/2932 3195/2939/2931
f 3133/2877/2869 3134/2878/2870 3197/2941/2933 3196/2940/2932
f 3134/2878/2870 3135/2879/2871 3198/2942/2934 3197/2941/2933
f 3135/2879/2871 3136/2880/2872 3199/2943/2935 3198/2942/2934
f 3136/2880/2872 3137/2881/2873 3200/2944/2936 3199/2943/2935
f 3137/2881/2873 3138/2882/2874 3201/2945/2937 3200/2944/2936
f 3138/2882/2874 3139/2883/2875 3202/2946/2938 3201/2945/2937
f 3139/2883/2875 3140/2884/2876 3203/2947/2939 3202/2946/2938
f 3140/2884/2876 3141/2885/2877 3204/2948/2940 3203/2947/2939
f 3141/2885/2877 3142/2886/2878 3205/2949/2941 3204/2948/2940
f 3142/2886/2878 3143/2887/2879 3206/2950/2942 3205/2949/2941
f 3143/2887/2879 3144/2888/2880 3207/2951/2943 3206/2950/2942
f 3144/2888/2880 3145/2889/2881 3208/2952/2944 3207/2951/2943
f 3145/2889/2881 3146/2890/2882 3209/2953/2945 3208/2952/2944
f 3146/2890/2882 3147/2891/2883 3210/2954/2946 3209/2953/2945
f 3147/2891/2883 3148/2892/2884 3211/2955/2947 3210/2954/2946
f 3148/2892/2884 3149/2893/2885 3212/2956/2948 3211/2955/2947
f 3149/2893/2885 3150/2894/2886 3213/2957/2949 3212/2956/2948
f 3150/2894/2886 3151/2895/2887 3214/2958/2950 3213/2957/2949
f 3151/2895/2887 3152/2896/2888 3215/2959/2951 3214/2958/2950
f 3152/2896/2888 3153/2897/2889 3216/2960/2952 3215/2959/2951
f 3153/2897/2889 3154/2898/2890 3217/2961/2953 3216/2960/2952
f 3155/2900/2892 3156/2899/2891 3219/2962/2954 3218/2963/2955
f 3156/2899/2891 3157/2901/2893 3220/2964/2956 3219/2962/2954
f 3157/2901/2893 3158/2902/2894 3221/2965/2957 3220/2964/2956
f 3158/2902/2894 3159/2903/2895 3222/2966/2958 3221/2965/2957
f 3159/2903/2895 3160/2904/2896 3223/2967/2959 3222/2966/2958
f 3160/2904/2896 3161/2905/2897 3224/2968/2960 3223/2967/2959
f 3161/2905/2897 3162/2906/2898 3225/2969/2961 3224/2968/2960
f 3162/2906/2898 3163/2907/2899 3226/2970/2962 3225/2969/2961
f 3163/2907/2899 3164/2908/2900 3227/2971/2963 3226/2970/2962
f 3164/2908/2900 3165/2909/2901 3228/2972/2964 3227/2971/2963
f 3165/2909/2901 3166/2910/2902 3229/2973/2965 3228/2972/2964
f 3166/2910/2902 3167/2911/2903 3230/2974/2966 3229/2973/2965
f 3167/2911/2903 3168/2912/2904 3231/2975/2967 3230/2974/2966
f 3168/2912/2904 3169/2913/2905 3232/2976/2968 3231/2975/2967
f 3169/2913/2905 3170/2914/2906 3233/2977/2969 3232/2976/2968
f 3170/2914/2906 3171/2915/2907 3234/2978/2970 3233/2977/2969
f 3171/2915/2907 3172/2916/2908 3235/2979/2971 3234/2978/2970
f 3172/2916/2908 3173/2917/2909 3236/2980/2972 3235/2979/2971
f 3173/2917/2909 3174/2918/2910 3237/2981/2973 3236/2980/2972
f 3174/2918/2910 3175/2919/2911 3238/2982/2974 3237/2981/2973
f 3175/2919/2911 3176/2920/2912 3239/2983/2975 3238/2982/2974
f 3176/2920/2912 3177/2921/2913 3240/2984/2976 3239/2983/2975
f 3177/2921/2913 3178/2922/2914 3241/2985/2977 3240/2984/2976
f 3178/2922/2914 3179/2923/2915 3242/2986/2978 3241/2985/2977
f 3179/2923/2915 3180/2924/2916 3243/2987/2979 3242/2986/2978
f 3180/2924/2916 3181/2925/2917 3244/2988/2980 3243/2987/2979
f 3181/2925/2917 3182/2926/2918 3245/2989/2981 3244/2988/2980
f 3182/2926/2918 3183/2927/2919 3246/2990/2982 3245/2989/2981
f 3183/2927/2919 3184/2928/2920 3247/2991/2983 3246/2990/2982
f 3184/2928/2920 3185/2929/2921 3248/2992/2984 3247/2991/2983
f 3185/2929/2921 3186/2930/2922 3249/2993/2985 3248/2992/2984
f 3186/2930/2922 3187/2931/2923 3250/2994/2986 3249/2993/2985
f 3187/2931/2923 3188/2932/2924 3251/2995/2987 3250/2994/2986
f 3188/2932/2924 3189/2933/2925 3252/2996/2988 3251/2995/2987
f 3189/2933/2925 3190/2934/2926 3253/2997/2989 3252/2996/2988
f 3190/2934/2926 3191/2935/2927 3254/2998/2990 3253/2997/2989
f 3191/2935/2927 3192/2936/2928 3255/2999/2991 3254/2998/2990
f 3192/2936/2928 3193/2937/2929 3256/3000/2992 3255/2999/2991
f 3193/2937/2929 3194/2938/2930 3257/3001/2993 3256/3000/2992
f 3194/2938/2930 3195/2939/2931 3258/3002/2994 3257/3001/2993
f 3195/2939/2931 3196/2940/2932 3259/3003/2995 3258/3002/2994
f 3196/2940/2932 3197/2941/2933 3260/3004/2996 3259/3003/2995
f 3197/2941/2933 3198/2942/2934 3261/3005/2997 3260/3004/2996
f 3198/2942/2934 3199/2943/2935 3262/3006/2998 3261/3005/2997
f 3199/2943/2935 3200/2944/2936 3263/3007/2999 3262/3006/2998
f 3200/2944/2936 3201/2945/2937 3264/3008/3000 3263/3007/2999
f 3201/2945/2937 3202/2946/2938 3265/3009/3001 3264/3008/3000
f 3202/2946/2938 3203/2947/2939 3266/3010/3002 3265/3009/3001
f 3203/2947/2939 3204/2948/2940 3267/3011/3003 3266/3010/3002
f 3204/2948/2940 3205/2949/2941 3268/3012/3004 3267/3011/3003
f 3205/2949/2941 3206/2950/2942 3269/3013/3005 3268/3012/3004
f 3206/2950/2942 3207/2951/2943 3270/3014/3006 3269/3013/3005
f 3207/2951/2943 3208/2952/2944 3271/3015/3007 3270/3014/3006
f 3208/2952/2944 3209/2953/2945 3272/3016/3008 3271/3015/3007
f 3209/2953/2945 3210/2954/2946 3273/3017/3009 3272/3016/3008
f 3210/2954/2946 3211/2955/2947 3274/3018/3010 3273/3017/3009
f 3211/2955/2947 3212/2956/2948 3275/3019/3011 3274/3018/3010
f 3212/2956/2948 3213/2957/2949 3276/3020/3012 3275/3019/3011
f 3213/2957/2949 3214/2958/2950 3277/3021/3013 3276/3020/3012
f 3214/2958/2950 3215/2959/2951 3278/3022/3014 3277/3021/3013
f 3215/2959/2951 3216/2960/2952 3279/3023/3015 3278/3022/3014
f 3216/2960/2952 3217/2961/2953 3280/3024/3016 3279/3023/3015
f 3218/2963/2955 3219/2962/2954 3282/3025/3017 3281/3026/3018
f 3219/2962/2954 3220/2964/2956 3283/3027/3019 3282/3025/3017
f 3220/2964/2956 3221/2965/2957 3284/3028/3020 3283/3027/3019
f 3221/2965/2957 3222/2966/2958 3285/3029/3021 3284/3028/3020
f 3222/2966/2958 3223/2967/2959 3286/3030/3022 3285/3029/3021
f 3223/2967/2959 3224/2968/2960 3287/3031/3023 3286/3030/3022
f 3224/2968/2960 3225/2969/2961 3288/3032/3024 3287/3031/3023
f 3225/2969/2961 3226/2970/2962 3289/3033/3025 3288/3032/3024
f 3226/2970/2962 3227/2971/2963 3290/3034/3026 3289/3033/3025
f 3227/2971/2963 3228/2972/2964 3291/3035/3027 3290/3034/3026
f 3228/2972/2964 3229/2973/2965 3292/3036/3028 3291/3035/3027
f 3229/2973/2965 3230/2974/2966 3293/3037/3029 3292/3036/3028
f 3230/2974/2966 3231/2975/2967 3294/3038/3030 3293/3037/3029
f 3231/2975/2967 3232/2976/2968 3295/3039/3031 3294/3038/3030
f 3232/2976/2968 3233/2977/2969 3296/3040/3032 3295/3039/3031
f 3233/2977/2969 3234/2978/2970 3297/3041/3033 3296/3040/3032
f 3234/2978/2970 3235/2979/2971 3298/3042/3034 3297/3041/3033
f 3235/2979/2971 3236/2980/2972 3299/3043/3035 3298/3042/3034
f 3236/2980/2972 3237/2981/2973 3300/3044/3036 3299/3043/3035
f 3237/2981/2973 3238/2982/2974 3301/3045/3037 3300/3044/3036
f 3238/2982/2974 3239/2983/2975 3302/3046/3038 3301/3045/3037
f 3239/2983/2975 3240/2984/2976 3303/3047/3039 3302/3046/3038
f 3240/2984/2976 3241/2985/2977 3304/3048/3040 3303/3047/3039
f 3241/2985/2977 3242/2986/2978 3305/3049/3041 3304/3048/3040
f 3242/2986/2978 3243/2987/2979 3306/3050/3042 3305/3049/3041
f 3243/2987/2979 3244/2988/2980 3307/3051/3043 3306/3050/3042
f 3244/2988/2980 3245/2989/2981 3308/3052/3044 3307/3051/3043
f 3245/2989/2981 3246/2990/2982 3309/3053/3045 3308/3052/3044
f 3246/2990/2982 3247/2991/2983 3310/3054/3046 3309/3053/3045
f 3247/2991/2983 3248/2992/2984 3311/3055/3047 3310/3054/3046
f 3248/2992/2984 3249/2993/2985 3312/3056/2985 3311/3055/3047
f 3249/2993/2985 3250/2994/2986 3313/3057/3048 3312/3056/2985
f 3250/2994/2986 3251/2995/2987 3314/3058/3049 3313/3057/3048
f 3251/2995/2987 3252/2996/2988 3315/3059/3050 3314/3058/3049
f 3252/2996/2988 3253/2997/2989 3316/3060/3051 3315/3059/3050
f 3253/2997/2989 3254/2998/2990 3317/3061/3052 3316/3060/3051
f 3254/2998/2990 3255/2999/2991 3318/3062/3053 3317/3061/3052
f 3255/2999/2991 3256/3000/2992 3319/3063/3054 3318/3062/3053
f 3256/3000/2992 3257/3001/2993 3320/3064/3055 3319/3063/3054
f 3257/3001/2993 3258/3002/2994 3321/3065/3056 3320/3064/3055
f 3258/3002/2994 3259/3003/2995 3322/3066/3057 3321/3065/3056
f 3259/3003/2995 3260/3004/2996 3323/3067/3058 3322/3066/3057
f 3260/3004/2996 3261/3005/2997 3324/3068/3059 3323/3067/3058
f 3261/3005/2997 3262/3006/2998 3325/3069/3060 3324/3068/3059
f 3262/3006/2998 3263/3007/2999 3326/3070/3061 3325/3069/3060
f 3263/3007/2999 3264/3008/3000 3327/3071/3062 3326/3070/3061
f 3264/3008/3000 3265/3009/3001 3328/3072/3063 3327/3071/3062
f 3265/3009/3001 3266/3010/3002 3329/3073/3064 3328/3072/3063
f 3266/3010/3002 3267/3011/3003 3330/3074/3065 3329/3073/3064
f 3267/3011/3003 3268/3012/3004 3331/3075/3066 3330/3074/3065
f 3268/3012/3004 3269/3013/3005 3332/3076/3067 3331/3075/3066
f 3269/3013/3005 3270/3014/3006 3333/3077/3068 3332/3076/3067
f 3270/3014/3006 3271/3015/3007 3334/3078/3069 3333/3077/3068
f 3271/3015/3007 3272/3016/3008 3335/3079/3070 3334/3078/3069
f 3272/3016/3008 3273/3017/3009 3336/3080/3071 3335/3079/3070
f 3273/3017/3009 3274/3018/3010 3337/3081/3072 3336/3080/3071
f 3274/3018/3010 3275/3019/3011 3338/3082/3073 3337/3081/3072
f 3275/3019/3011 3276/3020/3012 3339/3083/3074 3338/3082/3073
f 3276/3020/3012 3277/3021/3013 3340/3084/3075 3339/3083/3074
f 3277/3021/3013 3278/3022/3014 3341/3085/3076 3340/3084/3075
f 3278/3022/3014 3279/3023/3015 3342/3086/3077 3341/3085/3076
f 3279/3023/3015 3280/3024/3016 3343/3087/3078 3342/3086/3077
f 3281/3026/3018 3282/3025/3017 3345/3088/3079 3344/3089/3080
f 3282/3025/3017 3283/3027/3019 3346/3090/3081 3345/3088/3079
f 3283/3027/3019 3284/3028/3020 3347/3091/3082 3346/3090/3081
f 3284/3028/3020 3285/3029/3021 3348/3092/3083 3347/3091/3082
f 3285/3029/3021 3286/3030/3022 3349/3093/3084 3348/3092/3083
f 3286/3030/3022 3287/3031/3023 3350/3094/3085 3349/3093/3084
f 3287/3031/3023 3288/3032/3024 3351/3095/3086 3350/3094/3085
f 3288/3032/3024 3289/3033/3025 3352/3096/3087 3351/3095/3086
f 3289/3033/3025 3290/3034/3026 3353/3097/3088 3352/3096/3087
f 3290/3034/3026 3291/3035/3027 3354/3098/3089 3353/3097/3088
f 3291/3035/3027 3292/3036/3028 3355/3099/3090 3354/3098/3089
f 3292/3036/3028 3293/3037/3029 3356/3100/3091 3355/3099/3090
f 3293/3037/3029 3294/3038/3030 3357/3101/3092 3356/3100/3091
f 3294/3038/3030 3295/3039/3031 3358/3102/3093 3357/3101/3092
f 3295/3039/3031 3296/3040/3032 3359/3103/3094 3358/3102/3093
f 3296/3040/3032 3297/3041/3033 3360/3104/3095 3359/3103/3094
f 3297/3041/3033 3298/3042/3034 3361/3105/3096 3360/3104/3095
f 3298/3042/3034 3299/3043/3035 3362/3106/3097 3361/3105/3096
f 3299/3043/3035 3300/3044/3036 3363/3107/3098 3362/3106/3097
f 3300/3044/3036 3301/3045/3037 3364/3108/3099 3363/3107/3098
f 3301/3045/3037 3302/3046/3038 3365/3109/3100 3364/3108/3099
f 3302/3046/3038 3303/3047/3039 3366/3110/3101 3365/3109/3100
f 3303/3047/3039 3304/3048/3040 3367/3111/3102 3366/3110/3101
f 3304/3048/3040 3305/3049/3041 3368/3112/3103 3367/3111/3102
f 3305/3049/3041 3306/3050/3042 3369/3113/3104 3368/3112/3103
f 3306/3050/3042 3307/3051/3043 3370/3114/3105 3369/3113/3104
f 3307/3051/3043 3308/3052/3044 3371/3115/3106 3370/3114/3105
f 3308/3052/3044 3309/3053/3045 3372/3116/3107 3371/3115/3106
f 3309/3053/3045 3310/3054/3046 3373/3117/3108 3372/3116/3107
f 3310/3054/3046 3311/3055/3047 3374/3118/3109 3373/3117/3108
f 3311/3055/3047 3312/3056/2985 3375/3119/3110 3374/3118/3109
f 3312/3056/2985 3313/3057/3048 3376/3120/3111 3375/3119/3110
f 3313/3057/3048 3314/3058/3049 3377/3121/3112 3376/3120/3111
f 3314/3058/3049 3315/3059/3050 3378/3122/3113 3377/3121/3112
f 3315/3059/3050 3316/3060/3051 3379/3123/3114 3378/3122/3113
f 3316/3060/3051 3317/3061/3052 3380/3124/3115 3379/3123/3114
f 3317/3061/3052 3318/3062/3053 3381/3125/3116 3380/3124/3115
f 3318/3062/3053 3319/3063/3054 3382/3126/3117 3381/3125/3116
f 3319/3063/3054 3320/3064/3055 3383/3127/3118 3382/3126/3117
f 3320/3064/3055 3321/3065/3056 3384/3128/3119 3383/3127/3118
f 3321/3065/3056 3322/3066/3057 3385/3129/3120 3384/3128/3119
f 3322/3066/3057 3323/3067/3058 3386/3130/3121 3385/3129/3120
f 3323/3067/3058 3324/3068/3059 3387/3131/3122 3386/3130/3121
f 3324/3068/3059 3325/3069/3060 3388/3132/3123 3387/3131/3122
f 3325/3069/3060 3326/3070/3061 3389/3133/3124 3388/3132/3123
f 3326/3070/3061 3327/3071/3062 3390/3134/3125 3389/3133/3124
f 3327/3071/3062 3328/3072/3063 3391/3135/3126 3390/3134/3125
f 3328/3072/3063 3329/3073/3064 3392/3136/3127 3391/3135/3126
f 3329/3073/3064 3330/3074/3065 3393/3137/3128 3392/3136/3127
f 3330/3074/3065 3331/3075/3066 3394/3138/3129 3393/3137/3128
f 3331/3075/3066 3332/3076/3067 3395/3139/3130 3394/3138/3129
f 3332/3076/3067 3333/3077/3068 3396/3140/3131 3395/3139/3130
f 3333/3077/3068 3334/3078/3069 3397/3141/3132 3396/3140/3131
f 3334/3078/3069 3335/3079/3070 3398/3142/3133 3397/3141/3132
f 3335/3079/3070 3336/3080/3071 3399/3143/3134 3398/3142/3133
f 3336/3080/3071 3337/3081/3072 3400/3144/3135 3399/3143/3134
f 3337/3081/3072 3338/3082/3073 3401/3145/3136 3400/3144/3135
f 3338/3082/3073 3339/3083/3074 3402/3146/3137 3401/3145/3136
f 3339/3083/3074 3340/3084/3075 3403/3147/3138 3402/3146/3137
f 3340/3084/3075 3341/3085/3076 3404/3148/3139 3403/3147/3138
f 3341/3085/3076 3342/3086/3077 3405/3149/3140 3404/3148/3139
f 3342/3086/3077 3343/3087/3078 3406/3150/3141 3405/3149/3140
f 3344/3089/3080 3345/3088/3079 3408/3151/3142 3407/3152/3143
f 3345/3088/3079 3346/3090/3081 3409/3153/3144 3408/3151/3142
f 3346/3090/3081 3347/3091/3082 3410/3154/3145 3409/3153/3144
f 3347/3091/3082 3348/3092/3083 3411/3155/3146 3410/3154/3145
f 3348/3092/3083 3349/3093/3084 3412/3156/3147 3411/3155/3146
f 3349/3093/3084 3350/3094/3085 3413/3157/3148 3412/3156/3147
f 3350/3094/3085 3351/3095/3086 3414/3158/3149 3413/3157/3148
f 3351/3095/3086 3352/3096/3087 3415/3159/3150 3414/3158/3149
f 3352/3096/3087 3353/3097/3088 3416/3160/3151 3415/3159/3150
f 3353/3097/3088 3354/3098/3089 3417/3161/3152 3416/3160/3151
f 3354/3098/3089 3355/3099/3090 3418/3162/3153 3417/3161/3152
f 3355/3099/3090 3356/3100/3091 3419/3163/3154 3418/3162/3153
f 3356/3100/3091 3357/3101/3092 3420/3164/3155 3419/3163/3154
f 3357/3101/3092 3358/3102/3093 3421/3165/3156 3420/3164/3155
f 3358/3102/3093 3359/3103/3094 3422/3166/3157 3421/3165/3156
f 3359/3103/3094 3360/3104/3095 3423/3167/3158 3422/3166/3157
f 3360/3104/3095 3361/3105/3096 3424/3168/3159 3423/3167/3158
f 3361/3105/3096 3362/3106/3097 3425/3169/3160 3424/3168/3159
f 3362/3106/3097 3363/3107/3098 3426/3170/3161 3425/3169/3160
f 3363/3107/3098 3364/3108/3099 3427/3171/3162 3426/3170/3161
f 3364/3108/3099 3365/3109/3100 3428/3172/3163 3427/3171/3162
f 3365/3109/3100 3366/3110/3101 3429/3173/3164 3428/3172/3163
f 3366/3110/3101 3367/3111/3102 3430/3174/3165 3429/3173/3164
f 3367/3111/3102 3368/3112/3103 3431/3175/3166 3430/3174/3165
f 3368/3112/3103 3369/3113/3104 3432/3176/3167 3431/3175/3166
f 3369/3113/3104 3370/3114/3105 3433/3177/3168 3432/3176/3167
f 3370/3114/3105 3371/3115/3106 3434/3178/3169 3433/3177/3168
f 3371/3115/3106 3372/3116/3107 3435/3179/3170 3434/3178/3169
f 3372/3116/3107 3373/3117/3108 3436/3180/3171 3435/3179/3170
f 3373/3117/3108 3374/3118/3109 3437/3181/3172 3436/3180/3171
f 3374/3118/3109 3375/3119/3110 3438/3182/3173 3437/3181/3172
f 3375/3119/3110 3376/3120/3111 3439/3183/3174 3438/3182/3173
f 3376/3120/3111 3377/3121/3112 3440/3184/3175 3439/3183/3174
f 3377/3121/3112 3378/3122/3113 3441/3185/3176 3440/3184/3175
f 3378/3122/3113 3379/3123/3114 3442/3186/3177 3441/3185/3176
f 3379/3123/3114 3380/3124/3115 3443/3187/3178 3442/3186/3177
f 3380/3124/3115 3381/3125/3116 3444/3188/3179 3443/3187/3178
f 3381/3125/3116 3382/3126/3117 3445/3189/3180 3444/3188/3179
f 3382/3126/3117 3383/3127/3118 3446/3190/3181 3445/3189/3180
f 3383/3127/3118 3384/3128/3119 3447/3191/3182 3446/3190/3181
f 3384/3128/3119 3385/3129/3120 3448/3192/3183 3447/3191/3182
f 3385/3129/3120 3386/3130/3121 3449/3193/3184 3448/3192/3183
f 3386/3130/3121 3387/3131/3122 3450/3194/3185 3449/3193/3184
f 3387/3131/3122 3388/3132/3123 3451/3195/3186 3450/3194/3185
f 3388/3132/3123 3389/3133/3124 3452/3196/3187 3451/3195/3186
f 3389/3133/3124 3390/3134/3125 3453/3197/3188 3452/3196/3187
f 3390/3134/3125 3391/3135/3126 3454/3198/3189 3453/3197/3188
f 3391/3135/3126 3392/3136/3127 3455/3199/3190 3454/3198/3189
f 3392/3136/3127 3393/3137/3128 3456/3200/3191 3455/3199/3190
f 3393/3137/3128 3394/3138/3129 3457/3201/3192 3456/3200/3191
f 3394/3138/3129 3395/3139/3130 3458/3202/3193 3457/3201/3192
f 3395/3139/3130 3396/3140/3131 3459/3203/3194 3458/3202/3193
f 3396/3140/3131 3397/3141/3132 3460/3204/3195 3459/3203/3194
f 3397/3141/3132 3398/3142/3133 3461/3205/3196 3460/3204/3195
f 3398/3142/3133 3399/3143/3134 3462/3206/3197 3461/3205/3196
f 3399/3143/3134 3400/3144/3135 3463/3207/3198 3462/3206/3197
f 3400/3144/3135 3401/3145/3136 3464/3208/3199 3463/3207/3198
f 3401/3145/3136 3402/3146/3137 3465/3209/3200 3464/3208/3199
f 3402/3146/3137 3403/3147/3138 3466/3210/3201 3465/3209/3200
f 3403/3147/3138 3404/3148/3139 3467/3211/3202 3466/3210/3201
f 3404/3148/3139 3405/3149/3140 3468/3212/3203 3467/3211/3202
f 3405/3149/3140 3406/3150/3141 3469/3213/3204 3468/3212/3203
f 3407/3152/3143 3408/3151/3142 3471/3214/3205 3470/3215/3206
f 3408/3151/3142 3409/3153/3144 3472/3216/3207 3471/3214/3205
f 3409/3153/3144 3410/3154/3145 3473/3217/3208 3472/3216/3207
f 3410/3154/3145 3411/3155/3146 3474/3218/3209 3473/3217/3208
f 3411/3155/3146 3412/3156/3147 3475/3219/3210 3474/3218/3209
f 3412/3156/3147 3413/3157/3148 3476/3220/3211 3475/3219/3210
f 3413/3157/3148 3414/3158/3149 3477/3221/3212 3476/3220/3211
f 3414/3158/3149 3415/3159/3150 3478/3222/3213 3477/3221/3212
f 3415/3159/3150 3416/3160/3151 3479/3223/3214 3478/3222/3213
f 3416/3160/3151 3417/3161/3152 3480/3224/3215 3479/3223/3214
f 3417/3161/3152 3418/3162/3153 3481/3225/3216 3480/3224/3215
f 3418/3162/3153 3419/3163/3154 3482/3226/3217 3481/3225/3216
f 3419/3163/3154 3420/3164/3155 3483/3227/3218 3482/3226/3217
f 3420/3164/3155 3421/3165/3156 3484/3228/3219 3483/3227/3218
f 3421/3165/3156 3422/3166/3157 3485/3229/3220 3484/3228/3219
f 3422/3166/3157 3423/3167/3158 3486/3230/3221 3485/3229/3220
f 3423/3167/3158 3424/3168/3159 3487/3231/3222 3486/3230/3221
f 3424/3168/3159 3425/3169/3160 3488/3232/3223 3487/3231/3222
f 3425/3169/3160 3426/3170/3161 3489/3233/3224 3488/3232/3223
f 3426/3170/3161 3427/3171/3162 3490/3234/3225 3489/3233/3224
f 3427/3171/3162 3428/3172/3163 3491/3235/3226 3490/3234/3225
f 3428/3172/3163 3429/3173/3164 3492/3236/3227 3491/3235/3226
f 3429/3173/3164 3430/3174/3165 3493/3237/3228 3492/3236/3227
f 3430/3174/3165 3431/3175/3166 3494/3238/3229 3493/3237/3228
f 3431/3175/3166 3432/3176/3167 3495/3239/3230 3494/3238/3229
f 3432/3176/3167 3433/3177/3168 3496/3240/3231 3495/3239/3230
f 3433/3177/3168 3434/3178/3169 3497/3241/3232 3496/3240/3231
f 3434/3178/3169 3435/3179/3170 3498/3242/3233 3497/3241/3232
f 3435/3179/3170 3436/3180/3171 3499/3243/3234 3498/3242/3233
f 3436/3180/3171 3437/3181/3172 3500/3244/3235 3499/3243/3234
f 3437/3181/3172 3438/3182/3173 3501/3245/3236 3500/3244/3235
f 3438/3182/3173 3439/3183/3174 3502/3246/3237 3501/3245/3236
f 3439/3183/3174 3440/3184/3175 3503/3247/3238 3502/3246/3237
f 3440/3184/3175 3441/3185/3176 3504/3248/3239 3503/3247/3238
f 3441/3185/3176 3442/3186/3177 3505/3249/3240 3504/3248/3239
f 3442/3186/3177 3443/3187/3178 3506/3250/3241 3505/3249/3240
f 3443/3187/3178 3444/3188/3179 3507/3251/3242 3506/3250/3241
f 3444/3188/3179 3445/3189/3180 3508/3252/3243 3507/3251/3242
f 3445/3189/3180 3446/3190/3181 3509/3253/3244 3508/3252/3243
f 3446/3190/3181 3447/3191/3182 3510/3254/3245 3509/3253/3244
f 3447/3191/3182 3448/3192/3183 3511/3255/3246 3510/3254/3245
f 3448/3192/3183 3449/3193/3184 3512/3256/3247 3511/3255/3246
f 3449/3193/3184 3450/3194/3185 3513/3257/3248 3512/3256/3247
f 3450/3194/3185 3451/3195/3186 3514/3258/3249 3513/3257/3248
f 3451/3195/3186 3452/3196/3187 3515/3259/3250 3514/3258/3249
f 3452/3196/3187 3453/3197/3188 3516/3260/3251 3515/3259/3250
f 3453/3197/3188 3454/3198/3189 3517/3261/3252 3516/3260/3251
f 3454/3198/3189 3455/3199/3190 3518/3262/3253 3517/3261/3252
f 3455/3199/3190 3456/3200/3191 3519/3263/3254 3518/3262/3253
f 3456/3200/3191 3457/3201/3192 3520/3264/3255 3519/3263/3254
f 3457/3201/3192 3458/3202/3193 3521/3265/3256 3520/3264/3255
f 3458/3202/3193 3459/3203/3194 3522/3266/3257 3521/3265/3256
f 3459/3203/3194 3460/3204/3195 3523/3267/3258 3522/3266/3257
f 3460/3204/3195 3461/3205/3196 3524/3268/3259 3523/3267/3258
f 3461/3205/3196 3462/3206/3197 3525/3269/3260 3524/3268/3259
f 3462/3206/3197 3463/3207/3198 3526/3270/3261 3525/3269/3260
f 3463/3207/3198 3464/3208/3199 3527/3271/3262 3526/3270/3261
f 3464/3208/3199 3465/3209/3200 3528/3272/3263 3527/3271/3262
f 3465/3209/3200 3466/3210/3201 3529/3273/3264 3528/3272/3263
f 3466/3210/3201 3467/3211/3202 3530/3274/3265 3529/3273/3264
f 3467/3211/3202 3468/3212/3203 3531/3275/3266 3530/3274/3265
f 3468/3212/3203 3469/3213/3204 3532/3276/3267 3531/3275/3266
f 3470/3215/3206 3471/3214/3205 3534/3277/3268 3533/3278/3269
f 3471/3214/3205 3472/3216/3207 3535/3279/3270 3534/3277/3268
f 3472/3216/3207 3473/3217/3208 3536/3280/3271 3535/3279/3270
f 3473/3217/3208 3474/3218/3209 3537/3281/3272 3536/3280/3271
f 3474/3218/3209 3475/3219/3210 3538/3282/3273 3537/3281/3272
f 3475/3219/3210 3476/3220/3211 3539/3283/3274 3538/3282/3273
f 3476/3220/3211 3477/3221/3212 3540/3284/3275 3539/3283/3274
f 3477/3221/3212 3478/3222/3213 3541/3285/3276 3540/3284/3275
f 3478/3222/3213 3479/3223/3214 3542/3286/3277 3541/3285/3276
f 3479/3223/3214 3480/3224/3215 3543/3287/3278 3542/3286/3277
f 3480/3224/3215 3481/3225/3216 3544/3288/3279 3543/3287/3278
f 3481/3225/3216 3482/3226/3217 3545/3289/3280 3544/3288/3279
f 3482/3226/3217 3483/3227/3218 3546/3290/3281 3545/3289/3280
f 3483/3227/3218 3484/3228/3219 3547/3291/3282 3546/3290/3281
f 3484/3228/3219 3485/3229/3220 3548/3292/3283 3547/3291/3282
f 3485/3229/3220 3486/3230/3221 3549/3293/3284 3548/3292/3283
f 3486/3230/3221 3487/3231/3222 3550/3294/3285 3549/3293/3284
f 3487/3231/3222 3488/3232/3223 3551/3295/3286 3550/3294/3285
f 3488/3232/3223 3489/3233/3224 3552/3296/3287 3551/3295/3286
f 3489/3233/3224 3490/3234/3225 3553/3297/3288 3552/3296/3287
f 3490/3234/3225 3491/3235/3226 3554/3298/3289 3553/3297/3288
f 3491/3235/3226 3492/3236/3227 3555/3299/3290 3554/3298/3289
f 3492/3236/3227 3493/3237/3228 3556/3300/3291 3555/3299/3290
f 3493/3237/3228 3494/3238/3229 3557/3301/3292 3556/3300/3291
f 3494/3238/3229 3495/3239/3230 3558/3302/3293 3557/3301/3292
f 3495/3239/3230 3496/3240/3231 3559/3303/3294 3558/3302/3293
f 3496/3240/3231 3497/3241/3232 3560/3304/3295 3559/3303/3294
f 3497/3241/3232 3498/3242/3233 3561/3305/3296 3560/3304/3295
f 3498/3242/3233 3499/3243/3234 3562/3306/3297 3561/3305/3296
f 3499/3243/3234 3500/3244/3235 3563/3307/3298 3562/3306/3297
f 3500/3244/3235 3501/3245/3236 3564/3308/3299 3563/3307/3298
f 3501/3245/3236 3502/3246/3237 3565/3309/3300 3564/3308/3299
f 3502/3246/3237 3503/3247/3238 3566/3310/3301 3565/3309/3300
f 3503/3247/3238 3504/3248/3239 3567/3311/3302 3566/3310/3301
f 3504/3248/3239 3505/3249/3240 3568/3312/3303 3567/3311/3302
f 3505/3249/3240 3506/3250/3241 3569/3313/3304 3568/3312/3303
f 3506/3250/3241 3507/3251/3242 3570/3314/3305 3569/3313/3304
f 3507/3251/3242 3508/3252/3243 3571/3315/3306 3570/3314/3305
f 3508/3252/3243 3509/3253/3244 3572/3316/3307 3571/3315/3306
f 3509/3253/3244 3510/3254/3245 3573/3317/3308 3572/3316/3307
f 3510/3254/3245 3511/3255/3246 3574/3318/3309 3573/3317/3308
f 3511/3255/3246 3512/3256/3247 3575/3319/3310 3574/3318/3309
f 3512/3256/3247 3513/3257/3248 3576/3320/3311 3575/3319/3310
f 3513/3257/3248 3514/3258/3249 3577/3321/3312 3576/3320/3311
f 3514/3258/3249 3515/3259/3250 3578/3322/3313 3577/3321/3312
f 3515/3259/3250 3516/3260/3251 3579/3323/3314 3578/3322/3313
f 3516/3260/3251 3517/3261/3252 3580/3324/3315 3579/3323/3314
f 3517/3261/3252 3518/3262/3253 3581/3325/3316 3580/3324/3315
f 3518/3262/3253 3519/3263/3254 3582/3326/3317 3581/3325/3316
f 3519/3263/3254 3520/3264/3255 3583/3327/3318 3582/3326/3317
f 3520/3264/3255 3521/3265/3256 3584/3328/3319 3583/3327/3318
f 3521/3265/3256 3522/3266/3257 3585/3329/3320 3584/3328/3319
f 3522/3266/3257 3523/3267/3258 3586/3330/3321 3585/3329/3320
f 3523/3267/3258 3524/3268/3259 3587/3331/3322 3586/3330/3321
f 3524/3268/3259 3525/3269/3260 3588/3332/3323 3587/3331/3322
f 3525/3269/3260 3526/3270/3261 3589/3333/3324 3588/3332/3323
f 3526/3270/3261 3527/3271/3262 3590/3334/3325 3589/3333/3324
f 3527/3271/3262 3528/3272/3263 3591/3335/3326 3590/3334/3325
f 3528/3272/3263 3529/3273/3264 3592/3336/3327 3591/3335/3326
f 3529/3273/3264 3530/3274/3265 3593/3337/3328 3592/3336/3327
f 3530/3274/3265 3531/3275/3266 3594/3338/3329 3593/3337/3328
f 3531/3275/3266 3532/3276/3267 3595/3339/3330 3594/3338/3329
f 3533/3278/3269 3534/3277/3268 3597/3340/3331 3596/3341/3332
f 3534/3277/3268 3535/3279/3270 3598/3342/3333 3597/3340/3331
f 3535/3279/3270 3536/3280/3271 3599/3343/3334 3598/3342/3333
f 3536/3280/3271 3537/3281/3272 3600/3344/3335 3599/3343/3334
f 3537/3281/3272 3538/3282/3273 3601/3345/3336 3600/3344/3335
f 3538/3282/3273 3539/3283/3274 3602/3346/3337 3601/3345/3336
f 3539/3283/3274 3540/3284/3275 3603/3347/3338 3602/3346/3337
f 3540/3284/3275 3541/3285/3276 3604/3348/3339 3603/3347/3338
f 3541/3285/3276 3542/3286/3277 3605/3349/3340 3604/3348/3339
f 3542/3286/3277 3543/3287/3278 3606/3350/3341 3605/3349/3340
f 3543/3287/3278 3544/3288/3279 3607/3351/3342 3606/3350/3341
f 3544/3288/3279 3545/3289/3280 3608/3352/3343 3607/3351/3342
f 3545/3289/3280 3546/3290/3281 3609/3353/3344 3608/3352/3343
f 3546/3290/3281 3547/3291/3282 3610/3354/3345 3609/3353/3344
f 3547/3291/3282 3548/3292/3283 3611/3355/3346 3610/3354/3345
f 3548/3292/3283 3549/3293/3284 3612/3356/3347 3611/3355/3346
f 3549/3293/3284 3550/3294/3285 3613/3357/3348 3612/3356/3347
f 3550/3294/3285 3551/3295/3286 3614/3358/3349 3613/3357/3348
f 3551/3295/3286 3552/3296/3287 3615/3359/3350 3614/3358/3349
f 3552/3296/3287 3553/3297/3288 3616/3360/3351 3615/3359/3350
f 3553/3297/3288 3554/3298/3289 3617/3361/3352 3616/3360/3351
f 3554/3298/3289 3555/3299/3290 3618/3362/3353 3617/3361/3352
f 3555/3299/3290 3556/3300/3291 3619/3363/3354 3618/3362/3353
f 3556/3300/3291 3557/3301/3292 3620/3364/3355 3619/3363/3354
f 3557/3301/3292 3558/3302/3293 3621/3365/3356 3620/3364/3355
f 3558/3302/3293 3559/3303/3294 3622/3366/3357 3621/3365/3356
f 3559/3303/3294 3560/3304/3295 3623/3367/3358 3622/3366/3357
f 3560/3304/3295 3561/3305/3296 3624/3368/3359 3623/3367/3358
f 3561/3305/3296 3562/3306/3297 3625/3369/3360 3624/3368/3359
f 3562/3306/3297 3563/3307/3298 3626/3370/3361 3625/3369/3360
f 3563/3307/3298 3564/3308/3299 3627/3371/3362 3626/3370/3361
f 3564/3308/3299 3565/3309/3300 3628/3372/3363 3627/3371/3362
f 3565/3309/3300 3566/3310/3301 3629/3373/3364 3628/3372/3363
f 3566/3310/3301 3567/3311/3302 3630/3374/3365 3629/3373/3364
f 3567/3311/3302 3568/3312/3303 3631/3375/3366 3630/3374/3365
f 3568/3312/3303 3569/3313/3304 3632/3376/3367 3631/3375/3366
f 3569/3313/3304 3570/3314/3305 3633/3377/3368 3632/3376/3367
f 3570/3314/3305 3571/3315/3306 3634/3378/3369 3633/3377/3368
f 3571/3315/3306 3572/3316/3307 3635/3379/3370 3634/3378/3369
f 3572/3316/3307 3573/3317/3308 3636/3380/3371 3635/3379/3370
f 3573/3317/3308 3574/3318/3309 3637/3381/3372 3636/3380/3371
f 3574/3318/3309 3575/3319/3310 3638/3382/3373 3637/3381/3372
f 3575/3319/3310 3576/3320/3311 3639/3383/3374 3638/3382/3373
f 3576/3320/3311 3577/3321/3312 3640/3384/3375 3639/3383/3374
f 3577/3321/3312 3578/3322/3313 3641/3385/3376 3640/3384/3375
f 3578/3322/3313 3579/3323/3314 3642/3386/3377 3641/3385/3376
f 3579/3323/3314 3580/3324/3315 3643/3387/3378 3642/3386/3377
f 3580/3324/3315 3581/3325/3316 3644/3388/3379 3643/3387/3378
f 3581/3325/3316 3582/3326/3317 3645/3389/3380 3644/3388/3379
f 3582/3326/3317 3583/3327/3318 3646/3390/3381 3645/3389/3380
f 3583/3327/3318 3584/3328/3319 3647/3391/3382 3646/3390/3381
f 3584/3328/3319 3585/3329/3320 3648/3392/3383 3647/3391/3382
f 3585/3329/3320 3586/3330/3321 3649/3393/3384 3648/3392/3383
f 3586/3330/3321 3587/3331/3322 3650/3394/3385 3649/3393/3384
f 3587/3331/3322 3588/3332/3323 3651/3395/3386 3650/3394/3385
f 3588/3332/3323 3589/3333/3324 3652/3396/3387 3651/3395/3386
f 3589/3333/3324 3590/3334/3325 3653/3397/3388 3652/3396/3387
f 3590/3334/3325 3591/3335/3326 3654/3398/3389 3653/3397/3388
f 3591/3335/3326 3592/3336/3327 3655/3399/3390 3654/3398/3389
f 3592/3336/3327 3593/3337/3328 3656/3400/3391 3655/3399/3390
f 3593/3337/3328 3594/3338/3329 3657/3401/3392 3656/3400/3391
f 3594/3338/3329 3595/3339/3330 3658/3402/3393 3657/3401/3392
f 3596/3341/3332 3597/3340/3331 3660/3403/3394 3659/3404/3395
f 3597/3340/3331 3598/3342/3333 3661/3405/3396 3660/3403/3394
f 3598/3342/3333 3599/3343/3334 3662/3406/3397 3661/3405/3396
f 3599/3343/3334 3600/3344/3335 3663/3407/3398 3662/3406/3397
f 3600/3344/3335 3601/3345/3336 3664/3408/3399 3663/3407/3398
f 3601/3345/3336 3602/3346/3337 3665/3409/3400 3664/3408/3399
f 3602/3346/3337 3603/3347/3338 3666/3410/3401 3665/3409/3400
f 3603/3347/3338 3604/3348/3339 3667/3411/3402 3666/3410/3401
f 3604/3348/3339 3605/3349/3340 3668/3412/3403 3667/3411/3402
f 3605/3349/3340 3606/3350/3341 3669/3413/3404 3668/3412/3403
f 3606/3350/3341 3607/3351/3342 3670/3414/3405 3669/3413/3404
f 3607/3351/3342 3608/3352/3343 3671/3415/3406 3670/3414/3405
f 3608/3352/3343 3609/3353/3344 3672/3416/3407 3671/3415/3406
f 3609/3353/3344 3610/3354/3345 3673/3417/3408 3672/3416/3407
f 3610/3354/3345 3611/3355/3346 3674/3418/3409 3673/3417/3408
f 3611/3355/3346 3612/3356/3347 3675/3419/302 3674/3418/3409
f 3612/3356/3347 3613/3357/3348 3676/3420/3410 3675/3419/302
f 3613/3357/3348 3614/3358/3349 3677/3421/3411 3676/3420/3410
f 3614/3358/3349 3615/3359/3350 3678/3422/3412 3677/3421/3411
f 3615/3359/3350 3616/3360/3351 3679/3423/3413 3678/3422/3412
f 3616/3360/3351 3617/3361/3352 3680/3424/3414 3679/3423/3413
f 3617/3361/3352 3618/3362/3353 3681/3425/3415 3680/3424/3414
f 3618/3362/3353 3619/3363/3354 3682/3426/3416 3681/3425/3415
f 3619/3363/3354 3620/3364/3355 3683/3427/3417 3682/3426/3416
f 3620/3364/3355 3621/3365/3356 3684/3428/3418 3683/3427/3417
f 3621/3365/3356 3622/3366/3357 3685/3429/3419 3684/3428/3418
f 3622/3366/3357 3623/3367/3358 3686/3430/3420 3685/3429/3419
f 3623/3367/3358 3624/3368/3359 3687/3431/3421 3686/3430/3420
f 3624/3368/3359 3625/3369/3360 3688/3432/3422 3687/3431/3421
f 3625/3369/3360 3626/3370/3361 3689/3433/3423 3688/3432/3422
f 3626/3370/3361 3627/3371/3362 3690/3434/3424 3689/3433/3423
f 3627/3371/3362 3628/3372/3363 3691/3435/3425 3690/3434/3424
f 3628/3372/3363 3629/3373/3364 3692/3436/3426 3691/3435/3425
f 3629/3373/3364 3630/3374/3365 3693/3437/3427 3692/3436/3426
f 3630/3374/3365 3631/3375/3366 3694/3438/3428 3693/3437/3427
f 3631/3375/3366 3632/3376/3367 3695/3439/3429 3694/3438/3428
f 3632/3376/3367 3633/3377/3368 3696/3440/3430 3695/3439/3429
f 3633/3377/3368 3634/3378/3369 3697/3441/3431 3696/3440/3430
f 3634/3378/3369 3635/3379/3370 3698/3442/3432 3697/3441/3431
f 3635/3379/3370 3636/3380/3371 3699/3443/3433 3698/3442/3432
f 3636/3380/3371 3637/3381/3372 3700/3444/3434 3699/3443/3433
f 3637/3381/3372 3638/3382/3373 3701/3445/3435 3700/3444/3434
f 3638/3382/3373 3639/3383/3374 3702/3446/3436 3701/3445/3435
f 3639/3383/3374 3640/3384/3375 3703/3447/3437 3702/3446/3436
f 3640/3384/3375 3641/3385/3376 3704/3448/3438 3703/3447/3437
f 3641/3385/3376 3642/3386/3377 3705/3449/3439 3704/3448/3438
f 3642/3386/3377 3643/3387/3378 3706/3450/3440 3705/3449/3439
f 3643/3387/3378 3644/3388/3379 3707/3451/3441 3706/3450/3440
f 3644/3388/3379 3645/3389/3380 3708/3452/3442 3707/3451/3441
f 3645/3389/3380 3646/3390/3381 3709/3453/3443 3708/3452/3442
f 3646/3390/3381 3647/3391/3382 3710/3454/3444 3709/3453/3443
f 3647/3391/3382 3648/3392/3383 3711/3455/3445 3710/3454/3444
f 3648/3392/3383 3649/3393/3384 3712/3456/3446 3711/3455/3445
f 3649/3393/3384 3650/3394/3385 3713/3457/3447 3712/3456/3446
f 3650/3394/3385 3651/3395/3386 3714/3458/3448 3713/3457/3447
f 3651/3395/3386 3652/3396/3387 3715/3459/3449 3714/3458/3448
f 3652/3396/3387 3653/3397/3388 3716/3460/3450 3715/3459/3449
f 3653/3397/3388 3654/3398/3389 3717/3461/3451 3716/3460/3450
f 3654/3398/3389 3655/3399/3390 3718/3462/3452 3717/3461/3451
f 3655/3399/3390 3656/3400/3391 3719/3463/3453 3718/3462/3452
f 3656/3400/3391 3657/3401/3392 3720/3464/3454 3719/3463/3453
f 3657/3401/3392 3658/3402/3393 3721/3465/3455 3720/3464/3454
f 3659/3404/3395 3660/3403/3394 3723/3466/3456 3722/3467/3457
f 3660/3403/3394 3661/3405/3396 3724/3468/3458 3723/3466/3456
f 3661/3405/3396 3662/3406/3397 3725/3469/3459 3724/3468/3458
f 3662/3406/3397 3663/3407/3398 3726/3470/3460 3725/3469/3459
f 3663/3407/3398 3664/3408/3399 3727/3471/3461 3726/3470/3460
f 3664/3408/3399 3665/3409/3400 3728/3472/3462 3727/3471/3461
f 3665/3409/3400 3666/3410/3401 3729/3473/3463 3728/3472/3462
f 3666/3410/3401 3667/3411/3402 3730/3474/3464 3729/3473/3463
f 3667/3411/3402 3668/3412/3403 3731/3475/3465 3730/3474/3464
f 3668/3412/3403 3669/3413/3404 3732/3476/3466 3731/3475/3465
f 3669/3413/3404 3670/3414/3405 3733/3477/3467 3732/3476/3466
f 3670/3414/3405 3671/3415/3406 3734/3478/3468 3733/3477/3467
f 3671/3415/3406 3672/3416/3407 3735/3479/3469 3734/3478/3468
f 3672/3416/3407 3673/3417/3408 3736/3480/3470 3735/3479/3469
f 3673/3417/3408 3674/3418/3409 3737/3481/3471 3736/3480/3470
f 3674/3418/3409 3675/3419/302 3738/3482/3472 3737/3481/3471
f 3675/3419/302 3676/3420/3410 3739/3483/3473 3738/3482/3472
f 3676/3420/3410 3677/3421/3411 3740/3484/3474 3739/3483/3473
f 3677/3421/3411 3678/3422/3412 3741/3485/3475 3740/3484/3474
f 3678/3422/3412 3679/3423/3413 3742/3486/3476 3741/3485/3475
f 3679/3423/3413 3680/3424/3414 3743/3487/3477 3742/3486/3476
f 3680/3424/3414 3681/3425/3415 3744/3488/3478 3743/3487/3477
f 3681/3425/3415 3682/3426/3416 3745/3489/3479 3744/3488/3478
f 3682/3426/3416 3683/3427/3417 3746/3490/3480 3745/3489/3479
f 3683/3427/3417 3684/3428/3418 3747/3491/3481 3746/3490/3480
f 3684/3428/3418 3685/3429/3419 3748/3492/3482 3747/3491/3481
f 3685/3429/3419 3686/3430/3420 3749/3493/3483 3748/3492/3482
f 3686/3430/3420 3687/3431/3421 3750/3494/3484 3749/3493/3483
f 3687/3431/3421 3688/3432/3422 3751/3495/3485 3750/3494/3484
f 3688/3432/3422 3689/3433/3423 3752/3496/3486 3751/3495/3485
f 3689/3433/3423 3690/3434/3424 3753/3497/3487 3752/3496/3486
f 3690/3434/3424 3691/3435/3425 3754/3498/3488 3753/3497/3487
f 3691/3435/3425 3692/3436/3426 3755/3499/3489 3754/3498/3488
f 3692/3436/3426 3693/3437/3427 3756/3500/3490 3755/3499/3489
f 3693/3437/3427 3694/3438/3428 3757/3501/3491 3756/3500/3490
f 3694/3438/3428 3695/3439/3429 3758/3502/3492 3757/3501/3491
f 3695/3439/3429 3696/3440/3430 3759/3503/3493 3758/3502/3492
f 3696/3440/3430 3697/3441/3431 3760/3504/3494 3759/3503/3493
f 3697/3441/3431 3698/3442/3432 3761/3505/3495 3760/3504/3494
f 3698/3442/3432 3699/3443/3433 3762/3506/3496 3761/3505/3495
f 3699/3443/3433 3700/3444/3434 3763/3507/3497 3762/3506/3496
f 3700/3444/3434 3701/3445/3435 3764/3508/3498 3763/3507/3497
f 3701/3445/3435 3702/3446/3436 3765/3509/3499 3764/3508/3498
f 3702/3446/3436 3703/3447/3437 3766/3510/3500 3765/3509/3499
f 3703/3447/3437 3704/3448/3438 3767/3511/3501 3766/3510/3500
f 3704/3448/3438 3705/3449/3439 3768/3512/3502 3767/3511/3501
f 3705/3449/3439 3706/3450/3440 3769/3513/3503 3768/3512/3502
f 3706/3450/3440 3707/3451/3441 3770/3514/3504 3769/3513/3503
f 3707/3451/3441 3708/3452/3442 3771/3515/3505 3770/3514/3504
f 3708/3452/3442 3709/3453/3443 3772/3516/3506 3771/3515/3505
f 3709/3453/3443 3710/3454/3444 3773/3517/3507 3772/3516/3506
f 3710/3454/3444 3711/3455/3445 3774/3518/3508 3773/3517/3507
f 3711/3455/3445 3712/3456/3446 3775/3519/3509 3774/3518/3508
f 3712/3456/3446 3713/3457/3447 3776/3520/3510 3775/3519/3509
f 3713/3457/3447 3714/3458/3448 3777/3521/3511 3776/3520/3510
f 3714/3458/3448 3715/3459/3449 3778/3522/3512 3777/3521/3511
f 3715/3459/3449 3716/3460/3450 3779/3523/3513 3778/3522/3512
f 3716/3460/3450 3717/3461/3451 3780/3524/3514 3779/3523/3513
f 3717/3461/3451 3718/3462/3452 3781/3525/3515 3780/3524/3514
f 3718/3462/3452 3719/3463/3453 3782/3526/3516 3781/3525/3515
f 3719/3463/3453 3720/3464/3454 3783/3527/3517 3782/3526/3516
f 3720/3464/3454 3721/3465/3455 3784/3528/3518 3783/3527/3517
f 3722/3467/3457 3723/3466/3456 3786/3529/3519 3785/3530/3520
f 3723/3466/3456 3724/3468/3458 3787/3531/3521 3786/3529/3519
f 3724/3468/3458 3725/3469/3459 3788/3532/3522 3787/3531/3521
f 3725/3469/3459 3726/3470/3460 3789/3533/3523 3788/3532/3522
f 3726/3470/3460 3727/3471/3461 3790/3534/3524 3789/3533/3523
f 3727/3471/3461 3728/3472/3462 3791/3535/3525 3790/3534/3524
f 3728/3472/3462 3729/3473/3463 3792/3536/3526 3791/3535/3525
f 3729/3473/3463 3730/3474/3464 3793/3537/3527 3792/3536/3526
f 3730/3474/3464 3731/3475/3465 3794/3538/3528 3793/3537/3527
f 3731/3475/3465 3732/3476/3466 3795/3539/3529 3794/3538/3528
f 3732/3476/3466 3733/3477/3467 3796/3540/3530 3795/3539/3529
f 3733/3477/3467 3734/3478/3468 3797/3541/3531 3796/3540/3530
f 3734/3478/3468 3735/3479/3469 3798/3542/3532 3797/3541/3531
f 3735/3479/3469 3736/3480/3470 3799/3543/3533 3798/3542/3532
f 3736/3480/3470 3737/3481/3471 3800/3544/3534 3799/3543/3533
f 3737/3481/3471 3738/3482/3472 3801/3545/3535 3800/3544/3534
f 3738/3482/3472 3739/3483/3473 3802/3546/3536 3801/3545/3535
f 3739/3483/3473 3740/3484/3474 3803/3547/3537 3802/3546/3536
f 3740/3484/3474 3741/3485/3475 3804/3548/3538 3803/3547/3537
f 3741/3485/3475 3742/3486/3476 3805/3549/3539 3804/3548/3538
f 3742/3486/3476 3743/3487/3477 3806/3550/3540 3805/3549/3539
f 3743/3487/3477 3744/3488/3478 3807/3551/3541 3806/3550/3540
f 3744/3488/3478 3745/3489/3479 3808/3552/3542 3807/3551/3541
f 3745/3489/3479 3746/3490/3480 3809/3553/3543 3808/3552/3542
f 3746/3490/3480 3747/3491/3481 3810/3554/3544 3809/3553/3543
f 3747/3491/3481 3748/3492/3482 3811/3555/3545 3810/3554/3544
f 3748/3492/3482 3749/3493/3483 3812/3556/3546 3811/3555/3545
f 3749/3493/3483 3750/3494/3484 3813/3557/3547 3812/3556/3546
f 3750/3494/3484 3751/3495/3485 3814/3558/3548 3813/3557/3547
f 3751/3495/3485 3752/3496/3486 3815/3559/3549 3814/3558/3548
f 3752/3496/3486 3753/3497/3487 3816/3560/3550 3815/3559/3549
f 3753/3497/3487 3754/3498/3488 3817/3561/3551 3816/3560/3550
f 3754/3498/3488 3755/3499/3489 3818/3562/3552 3817/3561/3551
f 3755/3499/3489 3756/3500/3490 3819/3563/3553 3818/3562/3552
f 3756/3500/3490 3757/3501/3491 3820/3564/3554 3819/3563/3553
f 3757/3501/3491 3758/3502/3492 3821/3565/3555 3820/3564/3554
f 3758/3502/3492 3759/3503/3493 3822/3566/3556 3821/3565/3555
f 3759/3503/3493 3760/3504/3494 3823/3567/3557 3822/3566/3556
f 3760/3504/3494 3761/3505/3495 3824/3568/3558 3823/3567/3557
f 3761/3505/3495 3762/3506/3496 3825/3569/3559 3824/3568/3558
f 3762/3506/3496 3763/3507/3497 3826/3570/3560 3825/3569/3559
f 3763/3507/3497 3764/3508/3498 3827/3571/3561 3826/3570/3560
f 3764/3508/3498 3765/3509/3499 3828/3572/3562 3827/3571/3561
f 3765/3509/3499 3766/3510/3500 3829/3573/3563 3828/3572/3562
f 3766/3510/3500 3767/3511/3501 3830/3574/3564 3829/3573/3563
f 3767/3511/3501 3768/3512/3502 3831/3575/3565 3830/3574/3564
f 3768/3512/3502 3769/3513/3503 3832/3576/3566 3831/3575/3565
f 3769/3513/3503 3770/3514/3504 3833/3577/3567 3832/3576/3566
f 3770/3514/3504 3771/3515/3505 3834/3578/3568 3833/3577/3567
f 3771/3515/3505 3772/3516/3506 3835/3579/3569 3834/3578/3568
f 3772/3516/3506 3773/3517/3507 3836/3580/3570 3835/3579/3569
f 3773/3517/3507 3774/3518/3508 3837/3581/3571 3836/3580/3570
f 3774/3518/3508 3775/3519/3509 3838/3582/3572 3837/3581/3571
f 3775/3519/3509 3776/3520/3510 3839/3583/3573 3838/3582/3572
f 3776/3520/3510 3777/3521/3511 3840/3584/3574 3839/3583/3573
f 3777/3521/3511 3778/3522/3512 3841/3585/3575 3840/3584/3574
f 3778/3522/3512 3779/3523/3513 3842/3586/3576 3841/3585/3575
f 3779/3523/3513 3780/3524/3514 3843/3587/3577 3842/3586/3576
f 3780/3524/3514 3781/3525/3515 3844/3588/3578 3843/3587/3577
f 3781/3525/3515 3782/3526/3516 3845/3589/3579 3844/3588/3578
f 3782/3526/3516 3783/3527/3517 3846/3590/3580 3845/3589/3579
f 3783/3527/3517 3784/3528/3518 3847/3591/3581 3846/3590/3580
f 3785/3530/3520 3786/3529/3519 3849/3592/3582 3848/3593/3583
f 3786/3529/3519 3787/3531/3521 3850/3594/3584 3849/3592/3582
f 3787/3531/3521 3788/3532/3522 3851/3595/3585 3850/3594/3584
f 3788/3532/3522 3789/3533/3523 3852/3596/3586 3851/3595/3585
f 3789/3533/3523 3790/3534/3524 3853/3597/3587 3852/3596/3586
f 3790/3534/3524 3791/3535/3525 3854/3598/3588 3853/3597/3587
f 3791/3535/3525 3792/3536/3526 3855/3599/3589 3854/3598/3588
f 3792/3536/3526 3793/3537/3527 3856/3600/3590 3855/3599/3589
f 3793/3537/3527 3794/3538/3528 3857/3601/3591 3856/3600/3590
f 3794/3538/3528 3795/3539/3529 3858/3602/3592 3857/3601/3591
f 3795/3539/3529 3796/3540/3530 3859/3603/3593 3858/3602/3592
f 3796/3540/3530 3797/3541/3531 3860/3604/3594 3859/3603/3593
f 3797/3541/3531 3798/3542/3532 3861/3605/3595 3860/3604/3594
f 3798/3542/3532 3799/3543/3533 3862/3606/3596 3861/3605/3595
f 3799/3543/3533 3800/3544/3534 3863/3607/3597 3862/3606/3596
f 3800/3544/3534 3801/3545/3535 3864/3608/3598 3863/3607/3597
f 3801/3545/3535 3802/3546/3536 3865/3609/3599 3864/3608/3598
f 3802/3546/3536 3803/3547/3537 3866/3610/3600 3865/3609/3599
f 3803/3547/3537 3804/3548/3538 3867/3611/3601 3866/3610/3600
f 3804/3548/3538 3805/3549/3539 3868/3612/3602 3867/3611/3601
f 3805/3549/3539 3806/3550/3540 3869/3613/3603 3868/3612/3602
f 3806/3550/3540 3807/3551/3541 3870/3614/3604 3869/3613/3603
f 3807/3551/3541 3808/3552/3542 3871/3615/3605 3870/3614/3604
f 3808/3552/3542 3809/3553/3543 3872/3616/3606 3871/3615/3605
f 3809/3553/3543 3810/3554/3544 3873/3617/3607 3872/3616/3606
f 3810/3554/3544 3811/3555/3545 3874/3618/3608 3873/3617/3607
f 3811/3555/3545 3812/3556/3546 3875/3619/3609 3874/3618/3608
f 3812/3556/3546 3813/3557/3547 3876/3620/3610 3875/3619/3609
f 3813/3557/3547 3814/3558/3548 3877/3621/3611 3876/3620/3610
f 3814/3558/3548 3815/3559/3549 3878/3622/3612 3877/3621/3611
f 3815/3559/3549 3816/3560/3550 3879/3623/3613 3878/3622/3612
f 3816/3560/3550 3817/3561/3551 3880/3624/3614 3879/3623/3613
f 3817/3561/3551 3818/3562/3552 3881/3625/3615 3880/3624/3614
f 3818/3562/3552 3819/3563/3553 3882/3626/3616 3881/3625/3615
f 3819/3563/3553 3820/3564/3554 3883/3627/3617 3882/3626/3616
f 3820/3564/3554 3821/3565/3555 3884/3628/3618 3883/3627/3617
f 3821/3565/3555 3822/3566/3556 3885/3629/3619 3884/3628/3618
f 3822/3566/3556 3823/3567/3557 3886/3630/3620 3885/3629/3619
f 3823/3567/3557 3824/3568/3558 3887/3631/3621 3886/3630/3620
f 3824/3568/3558 3825/3569/3559 3888/3632/3622 3887/3631/3621
f 3825/3569/3559 3826/3570/3560 3889/3633/3623 3888/3632/3622
f 3826/3570/3560 3827/3571/3561 3890/3634/3624 3889/3633/3623
f 3827/3571/3561 3828/3572/3562 3891/3635/3625 3890/3634/3624
f 3828/3572/3562 3829/3573/3563 3892/3636/3626 3891/3635/3625
f 3829/3573/3563 3830/3574/3564 3893/3637/3627 3892/3636/3626
f 3830/3574/3564 3831/3575/3565 3894/3638/3628 3893/3637/3627
f 3831/3575/3565 3832/3576/3566 3895/3639/3629 3894/3638/3628
f 3832/3576/3566 3833/3577/3567 3896/3640/3630 3895/3639/3629
f 3833/3577/3567 3834/3578/3568 3897/3641/3631 3896/3640/3630
f 3834/3578/3568 3835/3579/3569 3898/3642/3632 3897/3641/3631
f 3835/3579/3569 3836/3580/3570 3899/3643/3633 3898/3642/3632
f 3836/3580/3570 3837/3581/3571 3900/3644/3634 3899/3643/3633
f 3837/3581/3571 3838/3582/3572 3901/3645/3635 3900/3644/3634
f 3838/3582/3572 3839/3583/3573 3902/3646/3636 3901/3645/3635
f 3839/3583/3573 3840/3584/3574 3903/3647/3637 3902/3646/3636
f 3840/3584/3574 3841/3585/3575 3904/3648/3638 3903/3647/3637
f 3841/3585/3575 3842/3586/3576 3905/3649/3639 3904/3648/3638
f 3842/3586/3576 3843/3587/3577 3906/3650/3640 3905/3649/3639
f 3843/3587/3577 3844/3588/3578 3907/3651/3641 3906/3650/3640
f 3844/3588/3578 3845/3589/3579 3908/3652/3642 3907/3651/3641
f 3845/3589/3579 3846/3590/3580 3909/3653/3643 3908/3652/3642
f 3846/3590/3580 3847/3591/3581 3910/3654/3644 3909/3653/3643
f 3848/3593/3583 3849/3592/3582 3912/3655/3645 3911/3656/3646
f 3849/3592/3582 3850/3594/3584 3913/3657/3647 3912/3655/3645
f 3850/3594/3584 3851/3595/3585 3914/3658/3648 3913/3657/3647
f 3851/3595/3585 3852/3596/3586 3915/3659/3649 3914/3658/3648
f 3852/3596/3586 3853/3597/3587 3916/3660/3650 3915/3659/3649
f 3853/3597/3587 3854/3598/3588 3917/3661/3651 3916/3660/3650
f 3854/3598/3588 3855/3599/3589 3918/3662/3652 3917/3661/3651
f 3855/3599/3589 3856/3600/3590 3919/3663/3653 3918/3662/3652
f 3856/3600/3590 3857/3601/3591 3920/3664/3654 3919/3663/3653
f 3857/3601/3591 3858/3602/3592 3921/3665/3655 3920/3664/3654
f 3858/3602/3592 3859/3603/3593 3922/3666/3656 3921/3665/3655
f 3859/3603/3593 3860/3604/3594 3923/3667/3657 3922/3666/3656
f 3860/3604/3594 3861/3605/3595 3924/3668/3658 3923/3667/3657
f 3861/3605/3595 3862/3606/3596 3925/3669/3659 3924/3668/3658
f 3862/3606/3596 3863/3607/3597 3926/3670/3660 3925/3669/3659
f 3863/3607/3597 3864/3608/3598 3927/3671/3661 3926/3670/3660
f 3864/3608/3598 3865/3609/3599 3928/3672/3662 3927/3671/3661
f 3865/3609/3599 3866/3610/3600 3929/3673/3663 3928/3672/3662
f 3866/3610/3600 3867/3611/3601 3930/3674/3664 3929/3673/3663
f 3867/3611/3601 3868/3612/3602 3931/3675/3665 3930/3674/3664
f 3868/3612/3602 3869/3613/3603 3932/3676/3666 3931/3675/3665
f 3869/3613/3603 3870/3614/3604 3933/3677/3667 3932/3676/3666
f 3870/3614/3604 3871/3615/3605 3934/3678/3668 3933/3677/3667
f 3871/3615/3605 3872/3616/3606 3935/3679/3669 3934/3678/3668
f 3872/3616/3606 3873/3617/3607 3936/3680/3670 3935/3679/3669
f 3873/3617/3607 3874/3618/3608 3937/3681/3671 3936/3680/3670
f 3874/3618/3608 3875/3619/3609 3938/3682/3672 3937/3681/3671
f 3875/3619/3609 3876/3620/3610 3939/3683/3673 3938/3682/3672
f 3876/3620/3610 3877/3621/3611 3940/3684/3674 3939/3683/3673
f 3877/3621/3611 3878/3622/3612 3941/3685/3675 3940/3684/3674
f 3878/3622/3612 3879/3623/3613 3942/3686/3676 3941/3685/3675
f 3879/3623/3613 3880/3624/3614 3943/3687/3677 3942/3686/3676
f 3880/3624/3614 3881/3625/3615 3944/3688/3678 3943/3687/3677
f 3881/3625/3615 3882/3626/3616 3945/3689/3679 3944/3688/3678
f 3882/3626/3616 3883/3627/3617 3946/3690/3680 3945/3689/3679
f 3883/3627/3617 3884/3628/3618 3947/3691/3681 3946/3690/3680
f 3884/3628/3618 3885/3629/3619 3948/3692/3682 3947/3691/3681
f 3885/3629/3619 3886/3630/3620 3949/3693/3683 3948/3692/3682
f 3886/3630/3620 3887/3631/3621 3950/3694/3684 3949/3693/3683
f 3887/3631/3621 3888/3632/3622 3951/3695/3685 3950/3694/3684
f 3888/3632/3622 3889/3633/3623 3952/3696/3686 3951/3695/3685
f 3889/3633/3623 3890/3634/3624 3953/3697/3687 3952/3696/3686
f 3890/3634/3624 3891/3635/3625 3954/3698/3688 3953/3697/3687
f 3891/3635/3625 3892/3636/3626 3955/3699/3689 3954/3698/3688
f 3892/3636/3626 3893/3637/3627 3956/3700/3690 3955/3699/3689
f 3893/3637/3627 3894/3638/3628 3957/3701/3691 3956/3700/3690
f 3894/3638/3628 3895/3639/3629 3958/3702/3692 3957/3701/3691
f 3895/3639/3629 3896/3640/3630 3959/3703/3693 3958/3702/3692
f 3896/3640/3630 3897/3641/3631 3960/3704/3694 3959/3703/3693
f 3897/3641/3631 3898/3642/3632 3961/3705/3695 3960/3704/3694
f 3898/3642/3632 3899/3643/3633 3962/3706/3696 3961/3705/3695
f 3899/3643/3633 3900/3644/3634 3963/3707/3697 3962/3706/3696
f 3900/3644/3634 3901/3645/3635 3964/3708/3698 3963/3707/3697
f 3901/3645/3635 3902/3646/3636 3965/3709/3699 3964/3708/3698
f 3902/3646/3636 3903/3647/3637 3966/3710/3700 3965/3709/3699
f 3903/3647/3637 3904/3648/3638 3967/3711/3701 3966/3710/3700
f 3904/3648/3638 3905/3649/3639 3968/3712/3702 3967/3711/3701
f 3905/3649/3639 3906/3650/3640 3969/3713/3703 3968/3712/3702
f 3906/3650/3640 3907/3651/3641 3970/3714/3704 3969/3713/3703
f 3907/3651/3641 3908/3652/3642 3971/3715/3705 3970/3714/3704
f 3908/3652/3642 3909/3653/3643 3972/3716/3706 3971/3715/3705
f 3909/3653/3643 3910/3654/3644 3973/3717/3707 3972/3716/3706
f 3911/3656/3646 3912/3655/3645 3975/3718/3708 3974/3719/3709
f 3912/3655/3645 3913/3657/3647 3976/3720/3710 3975/3718/3708
f 3913/3657/3647 3914/3658/3648 3977/3721/3711 3976/3720/3710
f 3914/3658/3648 3915/3659/3649 3978/3722/3712 3977/3721/3711
f 3915/3659/3649 3916/3660/3650 3979/3723/3713 3978/3722/3712
f 3916/3660/3650 3917/3661/3651 3980/3724/3714 3979/3723/3713
f 3917/3661/3651 3918/3662/3652 3981/3725/3715 3980/3724/3714
f 3918/3662/3652 3919/3663/3653 3982/3726/3716 3981/3725/3715
f 3919/3663/3653 3920/3664/3654 3983/3727/3717 3982/3726/3716
f 3920/3664/3654 3921/3665/3655 3984/3728/3718 3983/3727/3717
f 3921/3665/3655 3922/3666/3656 3985/3729/3719 3984/3728/3718
f 3922/3666/3656 3923/3667/3657 3986/3730/3720 3985/3729/3719
f 3923/3667/3657 3924/3668/3658 3987/3731/3721 3986/3730/3720
f 3924/3668/3658 3925/3669/3659 3988/3732/3722 3987/3731/3721
f 3925/3669/3659 3926/3670/3660 3989/3733/3723 3988/3732/3722
f 3926/3670/3660 3927/3671/3661 3990/3734/3724 3989/3733/3723
f 3927/3671/3661 3928/3672/3662 3991/3735/3725 3990/3734/3724
f 3928/3672/3662 3929/3673/3663 3992/3736/3726 3991/3735/3725
f 3929/3673/3663 3930/3674/3664 3993/3737/3727 3992/3736/3726
f 3930/3674/3664 3931/3675/3665 3994/3738/3728 3993/3737/3727
f 3931/3675/3665 3932/3676/3666 3995/3739/3729 3994/3738/3728
f 3932/3676/3666 3933/3677/3667 3996/3740/3730 3995/3739/3729
f 3933/3677/3667 3934/3678/3668 3997/3741/3731 3996/3740/3730
f 3934/3678/3668 3935/3679/3669 3998/3742/3732 3997/3741/3731
f 3935/3679/3669 3936/3680/3670 3999/3743/3733 3998/3742/3732
f 3936/3680/3670 3937/3681/3671 4000/3744/3734 3999/3743/3733
f 3937/3681/3671 3938/3682/3672 4001/3745/3735 4000/3744/3734
f 3938/3682/3672 3939/3683/3673 4002/3746/3736 4001/3745/3735
f 3939/3683/3673 3940/3684/3674 4003/3747/3737 4002/3746/3736
f 3940/3684/3674 3941/3685/3675 4004/3748/3738 4003/3747/3737
f 3941/3685/3675 3942/3686/3676 4005/3749/3739 4004/3748/3738
f 3942/3686/3676 3943/3687/3677 4006/3750/3740 4005/3749/3739
f 3943/3687/3677 3944/3688/3678 4007/3751/3741 4006/3750/3740
f 3944/3688/3678 3945/3689/3679 4008/3752/3742 4007/3751/3741
f 3945/3689/3679 3946/3690/3680 4009/3753/3743 4008/3752/3742
f 3946/3690/3680 3947/3691/3681 4010/3754/3744 4009/3753/3743
f 3947/3691/3681 3948/3692/3682 4011/3755/3745 4010/3754/3744
f 3948/3692/3682 3949/3693/3683 4012/3756/3746 4011/3755/3745
f 3949/3693/3683 3950/3694/3684 4013/3757/3747 4012/3756/3746
f 3950/3694/3684 3951/3695/3685 4014/3758/3748 4013/3757/3747
f 3951/3695/3685 3952/3696/3686 4015/3759/3749 4014/3758/3748
f 3952/3696/3686 3953/3697/3687 4016/3760/3750 4015/3759/3749
f 3953/3697/3687 3954/3698/3688 4017/3761/3751 4016/3760/3750
f 3954/3698/3688 3955/3699/3689 4018/3762/3752 4017/3761/3751
f 3955/3699/3689 3956/3700/3690 4019/3763/3753 4018/3762/3752
f 3956/3700/3690 3957/3701/3691 4020/3764/3754 4019/3763/3753
f 3957/3701/3691 3958/3702/3692 4021/3765/3755 4020/3764/3754
f 3958/3702/3692 3959/3703/3693 4022/3766/3756 4021/3765/3755
f 3959/3703/3693 3960/3704/3694 4023/3767/3757 4022/3766/3756
f 3960/3704/3694 3961/3705/3695 4024/3768/3758 4023/3767/3757
f 3961/3705/3695 3962/3706/3696 4025/3769/3759 4024/3768/3758
f 3962/3706/3696 3963/3707/3697 4026/3770/3760 4025/3769/3759
f 3963/3707/3697 3964/3708/3698 4027/3771/3761 4026/3770/3760
f 3964/3708/3698 3965/3709/3699 4028/3772/3699 4027/3771/3761
f 3965/3709/3699 3966/3710/3700 4029/3773/3700 4028/3772/3699
f 3966/3710/3700 3967/3711/3701 4030/3774/3701 4029/3773/3700
f 3967/3711/3701 3968/3712/3702 4031/3775/3762 4030/3774/3701
f 3968/3712/3702 3969/3713/3703 4032/3776/3763 4031/3775/3762
f 3969/3713/3703 3970/3714/3704 4033/3777/3764 4032/3776/3763
f 3970/3714/3704 3971/3715/3705 4034/3778/3765 4033/3777/3764
f 3971/3715/3705 3972/3716/3706 4035/3779/3766 4034/3778/3765
f 3972/3716/3706 3973/3717/3707 4036/3780/3767 4035/3779/3766
f 3974/3719/3709 3975/3718/3708 4038/3781/3768 4037/3782/3769
f 3975/3718/3708 3976/3720/3710 4039/3783/3770 4038/3781/3768
f 3976/3720/3710 3977/3721/3711 4040/3784/3771 4039/3783/3770
f 3977/3721/3711 3978/3722/3712 4041/3785/3772 4040/3784/3771
f 3978/3722/3712 3979/3723/3713 4042/3786/3773 4041/3785/3772
f 3979/3723/3713 3980/3724/3714 4043/3787/3774 4042/3786/3773
f 3980/3724/3714 3981/3725/3715 4044/3788/3775 4043/3787/3774
f 3981/3725/3715 3982/3726/3716 4045/3789/3776 4044/3788/3775
f 3982/3726/3716 3983/3727/3717 4046/3790/3777 4045/3789/3776
f 3983/3727/3717 3984/3728/3718 4047/3791/3778 4046/3790/3777
f 3984/3728/3718 3985/3729/3719 4048/3792/3779 4047/3791/3778
f 3985/3729/3719 3986/3730/3720 4049/3793/3780 4048/3792/3779
f 3986/3730/3720 3987/3731/3721 4050/3794/3781 4049/3793/3780
f 3987/3731/3721 3988/3732/3722 4051/3795/3782 4050/3794/3781
f 3988/3732/3722 3989/3733/3723 4052/3796/3783 4051/3795/3782
f 3989/3733/3723 3990/3734/3724 4053/3797/3784 4052/3796/3783
f 3990/3734/3724 3991/3735/3725 4054/3798/3785 4053/3797/3784
f 3991/3735/3725 3992/3736/3726 4055/3799/3786 4054/3798/3785
f 3992/3736/3726 3993/3737/3727 4056/3800/3787 4055/3799/3786
f 3993/3737/3727 3994/3738/3728 4057/3801/3788 4056/3800/3787
f 3994/3738/3728 3995/3739/3729 4058/3802/3789 4057/3801/3788
f 3995/3739/3729 3996/3740/3730 4059/3803/3790 4058/3802/3789
f 3996/3740/3730 3997/3741/3731 4060/3804/3791 4059/3803/3790
f 3997/3741/3731 3998/3742/3732 4061/3805/3792 4060/3804/3791
f 3998/3742/3732 3999/3743/3733 4062/3806/3793 4061/3805/3792
f 3999/3743/3733 4000/3744/3734 4063/3807/3794 4062/3806/3793
f 4000/3744/3734 4001/3745/3735 4064/3808/3795 4063/3807/3794
f 4001/3745/3735 4002/3746/3736 4065/3809/3796 4064/3808/3795
f 4002/3746/3736 4003/3747/3737 4066/3810/3797 4065/3809/3796
f 4003/3747/3737 4004/3748/3738 4067/3811/3798 4066/3810/3797
f 4004/3748/3738 4005/3749/3739 4068/3812/3799 4067/3811/3798
f 4005/3749/3739 4006/3750/3740 4069/3813/3800 4068/3812/3799
f 4006/3750/3740 4007/3751/3741 4070/3814/3801 4069/3813/3800
f 4007/3751/3741 4008/3752/3742 4071/3815/3802 4070/3814/3801
f 4008/3752/3742 4009/3753/3743 4072/3816/3803 4071/3815/3802
f 4009/3753/3743 4010/3754/3744 4073/3817/3804 4072/3816/3803
f 4010/3754/3744 4011/3755/3745 4074/3818/3805 4073/3817/3804
f 4011/3755/3745 4012/3756/3746 4075/3819/3806 4074/3818/3805
f 4012/3756/3746 4013/3757/3747 4076/3820/3807 4075/3819/3806
f 4013/3757/3747 4014/3758/3748 4077/3821/3808 4076/3820/3807
f 4014/3758/3748 4015/3759/3749 4078/3822/3809 4077/3821/3808
f 4015/3759/3749 4016/3760/3750 4079/3823/3810 4078/3822/3809
f 4016/3760/3750 4017/3761/3751 4080/3824/3811 4079/3823/3810
f 4017/3761/3751 4018/3762/3752 4081/3825/3812 4080/3824/3811
f 4018/3762/3752 4019/3763/3753 4082/3826/3813 4081/3825/3812
f 4019/3763/3753 4020/3764/3754 4083/3827/3814 4082/3826/3813
f 4020/3764/3754 4021/3765/3755 4084/3828/3815 4083/3827/3814
f 4021/3765/3755 4022/3766/3756 4085/3829/3816 4084/3828/3815
f 4022/3766/3756 4023/3767/3757 4086/3830/3817 4085/3829/3816
f 4023/3767/3757 4024/3768/3758 4087/3831/3818 4086/3830/3817
f 4024/3768/3758 4025/3769/3759 4088/3832/3819 4087/3831/3818
f 4025/3769/3759 4026/3770/3760 4089/3833/3820 4088/3832/3819
f 4026/3770/3760 4027/3771/3761 4090/3834/3821 4089/3833/3820
f 4027/3771/3761 4028/3772/3699 4091/3835/3822 4090/3834/3821
f 4028/3772/3699 4029/3773/3700 4092/3836/3823 4091/3835/3822
f 4029/3773/3700 4030/3774/3701 4093/3837/3824 4092/3836/3823
f 4030/3774/3701 4031/3775/3762 4094/3838/3825 4093/3837/3824
f 4031/3775/3762 4032/3776/3763 4095/3839/3826 4094/3838/3825
f 4032/3776/3763 4033/3777/3764 4096/3840/3827 4095/3839/3826
f 4033/3777/3764 4034/3778/3765 4097/3841/3828 4096/3840/3827
f 4034/3778/3765 4035/3779/3766 4098/3842/3829 4097/3841/3828
f 4035/3779/3766 4036/3780/3767 4099/3843/3830 4098/3842/3829
f 4037/3782/3769 4038/3781/3768 4101/3844/3831 4100/3845/3832
f 4038/3781/3768 4039/3783/3770 4102/3846/3833 4101/3844/3831
f 4039/3783/3770 4040/3784/3771 4103/3847/3834 4102/3846/3833
f 4040/3784/3771 4041/3785/3772 4104/3848/3835 4103/3847/3834
f 4041/3785/3772 4042/3786/3773 4105/3849/3836 4104/3848/3835
f 4042/3786/3773 4043/3787/3774 4106/3850/3837 4105/3849/3836
f 4043/3787/3774 4044/3788/3775 4107/3851/3838 4106/3850/3837
f 4044/3788/3775 4045/3789/3776 4108/3852/3839 4107/3851/3838
f 4045/3789/3776 4046/3790/3777 4109/3853/3840 4108/3852/3839
f 4046/3790/3777 4047/3791/3778 4110/3854/3841 4109/3853/3840
f 4047/3791/3778 4048/3792/3779 4111/3855/3842 4110/3854/3841
f 4048/3792/3779 4049/3793/3780 4112/3856/3843 4111/3855/3842
f 4049/3793/3780 4050/3794/3781 4113/3857/3844 4112/3856/3843
f 4050/3794/3781 4051/3795/3782 4114/3858/3845 4113/3857/3844
f 4051/3795/3782 4052/3796/3783 4115/3859/3846 4114/3858/3845
f 4052/3796/3783 4053/3797/3784 4116/3860/3847 4115/3859/3846
f 4053/3797/3784 4054/3798/3785 4117/3861/3848 4116/3860/3847
f 4054/3798/3785 4055/3799/3786 4118/3862/3849 4117/3861/3848
f 4055/3799/3786 4056/3800/3787 4119/3863/3850 4118/3862/3849
f 4056/3800/3787 4057/3801/3788 4120/3864/3851 4119/3863/3850
f 4057/3801/3788 4058/3802/3789 4121/3865/3852 4120/3864/3851
f 4058/3802/3789 4059/3803/3790 4122/3866/3853 4121/3865/3852
f 4059/3803/3790 4060/3804/3791 4123/3867/3854 4122/3866/3853
f 4060/3804/3791 4061/3805/3792 4124/3868/3855 4123/3867/3854
f 4061/3805/3792 4062/3806/3793 4125/3869/3856 4124/3868/3855
f 4062/3806/3793 4063/3807/3794 4126/3870/3857 4125/3869/3856
f 4063/3807/3794 4064/3808/3795 4127/3871/3858 4126/3870/3857
f 4064/3808/3795 4065/3809/3796 4128/3872/3859 4127/3871/3858
f 4065/3809/3796 4066/3810/3797 4129/3873/3860 4128/3872/3859
f 4066/3810/3797 4067/3811/3798 4130/3874/3861 4129/3873/3860
f 4067/3811/3798 4068/3812/3799 4131/3875/3862 4130/3874/3861
f 4068/3812/3799 4069/3813/3800 4132/3876/3863 4131/3875/3862
f 4069/3813/3800 4070/3814/3801 4133/3877/3864 4132/3876/3863
f 4070/3814/3801 4071/3815/3802 4134/3878/3865 4133/3877/3864
f 4071/3815/3802 4072/3816/3803 4135/3879/3866 4134/3878/3865
f 4072/3816/3803 4073/3817/3804 4136/3880/3867 4135/3879/3866
f 4073/3817/3804 4074/3818/3805 4137/3881/3868 4136/3880/3867
f 4074/3818/3805 4075/3819/3806 4138/3882/3869 4137/3881/3868
f 4075/3819/3806 4076/3820/3807 4139/3883/3870 4138/3882/3869
f 4076/3820/3807 4077/3821/3808 4140/3884/3871 4139/3883/3870
f 4077/3821/3808 4078/3822/3809 4141/3885/3872 4140/3884/3871
f 4078/3822/3809 4079/3823/3810 4142/3886/3873 4141/3885/3872
f 4079/3823/3810 4080/3824/3811 4143/3887/3874 4142/3886/3873
f 4080/3824/3811 4081/3825/3812 4144/3888/3875 4143/3887/3874
f 4081/3825/3812 4082/3826/3813 4145/3889/3876 4144/3888/3875
f 4082/3826/3813 4083/3827/3814 4146/3890/3877 4145/3889/3876
f 4083/3827/3814 4084/3828/3815 4147/3891/3878 4146/3890/3877
f 4084/3828/3815 4085/3829/3816 4148/3892/3879 4147/3891/3878
f 4085/3829/3816 4086/3830/3817 4149/3893/3880 4148/3892/3879
f 4086/3830/3817 4087/3831/3818 4150/3894/3881 4149/3893/3880
f 4087/3831/3818 4088/3832/3819 4151/3895/3882 4150/3894/3881
f 4088/3832/3819 4089/3833/3820 4152/3896/3883 4151/3895/3882
f 4089/3833/3820 4090/3834/3821 4153/3897/3884 4152/3896/3883
f 4090/3834/3821 4091/3835/3822 4154/3898/3885 4153/3897/3884
f 4091/3835/3822 4092/3836/3823 4155/3899/3886 4154/3898/3885
f 4092/3836/3823 4093/3837/3824 4156/3900/3887 4155/3899/3886
f 4093/3837/3824 4094/3838/3825 4157/3901/3888 4156/3900/3887
f 4094/3838/3825 4095/3839/3826 4158/3902/3889 4157/3901/3888
f 4095/3839/3826 4096/3840/3827 4159/3903/3890 4158/3902/3889
f 4096/3840/3827 4097/3841/3828 4160/3904/3891 4159/3903/3890
f 4097/3841/3828 4098/3842/3829 4161/3905/3892 4160/3904/3891
f 4098/3842/3829 4099/3843/3830 4162/3906/3893 4161/3905/3892
f 4100/3845/3832 4101/3844/3831 4164/3907/3894 4163/3908/3895
f 4101/3844/3831 4102/3846/3833 4165/3909/3896 4164/3907/3894
f 4102/3846/3833 4103/3847/3834 4166/3910/3897 4165/3909/3896
f 4103/3847/3834 4104/3848/3835 4167/3911/3898 4166/3910/3897
f 4104/3848/3835 4105/3849/3836 4168/3912/3899 4167/3911/3898
f 4105/3849/3836 4106/3850/3837 4169/3913/3900 4168/3912/3899
f 4106/3850/3837 4107/3851/3838 4170/3914/3901 4169/3913/3900
f 4107/3851/3838 4108/3852/3839 4171/3915/3902 4170/3914/3901
f 4108/3852/3839 4109/3853/3840 4172/3916/3903 4171/3915/3902
f 4109/3853/3840 4110/3854/3841 4173/3917/3904 4172/3916/3903
f 4110/3854/3841 4111/3855/3842 4174/3918/3905 4173/3917/3904
f 4111/3855/3842 4112/3856/3843 4175/3919/3906 4174/3918/3905
f 4112/3856/3843 4113/3857/3844 4176/3920/3907 4175/3919/3906
f 4113/3857/3844 4114/3858/3845 4177/3921/3908 4176/3920/3907
f 4114/3858/3845 4115/3859/3846 4178/3922/3909 4177/3921/3908
f 4115/3859/3846 4116/3860/3847 4179/3923/3910 4178/3922/3909
f 4116/3860/3847 4117/3861/3848 4180/3924/3911 4179/3923/3910
f 4117/3861/3848 4118/3862/3849 4181/3925/3912 4180/3924/3911
f 4118/3862/3849 4119/3863/3850 4182/3926/3913 4181/3925/3912
f 4119/3863/3850 4120/3864/3851 4183/3927/3914 4182/3926/3913
f 4120/3864/3851 4121/3865/3852 4184/3928/3915 4183/3927/3914
f 4121/3865/3852 4122/3866/3853 4185/3929/3916 4184/3928/3915
f 4122/3866/3853 4123/3867/3854 4186/3930/3917 4185/3929/3916
f 4123/3867/3854 4124/3868/3855 4187/3931/3918 4186/3930/3917
f 4124/3868/3855 4125/3869/3856 4188/3932/3919 4187/3931/3918
f 4125/3869/3856 4126/3870/3857 4189/3933/3920 4188/3932/3919
f 4126/3870/3857 4127/3871/3858 4190/3934/3921 4189/3933/3920
f 4127/3871/3858 4128/3872/3859 4191/3935/3922 4190/3934/3921
f 4128/3872/3859 4129/3873/3860 4192/3936/3923 4191/3935/3922
f 4129/3873/3860 4130/3874/3861 4193/3937/3924 4192/3936/3923
f 4130/3874/3861 4131/3875/3862 4194/3938/3925 4193/3937/3924
f 4131/3875/3862 4132/3876/3863 4195/3939/3926 4194/3938/3925
f 4132/3876/3863 4133/3877/3864 4196/3940/3927 4195/3939/3926
f 4133/3877/3864 4134/3878/3865 4197/3941/3928 4196/3940/3927
f 4134/3878/3865 4135/3879/3866 4198/3942/3929 4197/3941/3928
f 4135/3879/3866 4136/3880/3867 4199/3943/3930 4198/3942/3929
f 4136/3880/3867 4137/3881/3868 4200/3944/3931 4199/3943/3930
f 4137/3881/3868 4138/3882/3869 4201/3945/3932 4200/3944/3931
f 4138/3882/3869 4139/3883/3870 4202/3946/3933 4201/3945/3932
f 4139/3883/3870 4140/3884/3871 4203/3947/3934 4202/3946/3933
f 4140/3884/3871 4141/3885/3872 4204/3948/3935 4203/3947/3934
f 4141/3885/3872 4142/3886/3873 4205/3949/3936 4204/3948/3935
f 4142/3886/3873 4143/3887/3874 4206/3950/3937 4205/3949/3936
f 4143/3887/3874 4144/3888/3875 4207/3951/3938 4206/3950/3937
f 4144/3888/3875 4145/3889/3876 4208/3952/3939 4207/3951/3938
f 4145/3889/3876 4146/3890/3877 4209/3953/3940 4208/3952/3939
f 4146/3890/3877 4147/3891/3878 4210/3954/3941 4209/3953/3940
f 4147/3891/3878 4148/3892/3879 4211/3955/3942 4210/3954/3941
f 4148/3892/3879 4149/3893/3880 4212/3956/3943 4211/3955/3942
f 4149/3893/3880 4150/3894/3881 4213/3957/3944 4212/3956/3943
f 4150/3894/3881 4151/3895/3882 4214/3958/3945 4213/3957/3944
f 4151/3895/3882 4152/3896/3883 4215/3959/3946 4214/3958/3945
f 4152/3896/3883 4153/3897/3884 4216/3960/3947 4215/3959/3946
f 4153/3897/3884 4154/3898/3885 4217/3961/3948 4216/3960/3947
f 4154/3898/3885 4155/3899/3886 4218/3962/3949 4217/3961/3948
f 4155/3899/3886 4156/3900/3887 4219/3963/3950 4218/3962/3949
f 4156/3900/3887 4157/3901/3888 4220/3964/3951 4219/3963/3950
f 4157/3901/3888 4158/3902/3889 4221/3965/3952 4220/3964/3951
f 4158/3902/3889 4159/3903/3890 4222/3966/3953 4221/3965/3952
f 4159/3903/3890 4160/3904/3891 4223/3967/3954 4222/3966/3953
f 4160/3904/3891 4161/3905/3892 4224/3968/3955 4223/3967/3954
f 4161/3905/3892 4162/3906/3893 4225/3969/3956 4224/3968/3955
f 4/3970/3957 68/3971/3958 257/1/1 67/3972/3959
f 68/3971/3958 69/3973/3960 258/2/2 257/1/1
f 69/3973/3960 70/3974/3961 259/5/5 258/2/2
f 70/3974/3961 71/3975/3962 260/7/7 259/5/5
f 71/3975/3962 72/3976/3963 261/9/9 260/7/7
f 72/3976/3963 73/3977/3964 262/11/11 261/9/9
f 73/3977/3964 74/3978/3965 263/13/13 262/11/11
f 74/3978/3965 75/3979/3966 264/15/15 263/13/13
f 75/3979/3966 76/3980/3967 265/17/17 264/15/15
f 76/3980/3967 77/3981/3968 266/19/19 265/17/17
f 77/3981/3968 78/3982/3969 267/21/21 266/19/19
f 78/3982/3969 79/3983/3970 268/23/23 267/21/21
f 79/3983/3970 80/3984/3971 269/25/25 268/23/23
f 80/3984/3971 81/3985/3972 270/27/27 269/25/25
f 81/3985/3972 82/3986/3973 271/29/29 270/27/27
f 82/3986/3973 83/3987/3974 272/31/31 271/29/29
f 83/3987/3974 84/3988/3975 273/33/33 272/31/31
f 84/3988/3975 85/3989/3976 274/35/35 273/33/33
f 85/3989/3976 86/3990/3977 275/37/37 274/35/35
f 86/3990/3977 87/3991/3978 276/39/39 275/37/37
f 87/3991/3978 88/3992/3979 277/41/41 276/39/39
f 88/3992/3979 89/3993/3980 278/43/43 277/41/41
f 89/3993/3980 90/3994/3981 279/45/45 278/43/43
f 90/3994/3981 91/3995/3982 280/47/47 279/45/45
f 91/3995/3982 92/3996/3983 281/49/49 280/47/47
f 92/3996/3983 93/3997/3984 282/51/51 281/49/49
f 93/3997/3984 94/3998/3985 283/53/53 282/51/51
f 94/3998/3985 95/3999/3986 284/55/55 283/53/53
f 95/3999/3986 96/4000/3987 285/57/57 284/55/55
f 96/4000/3987 97/4001/3988 286/59/59 285/57/57
f 97/4001/3988 98/4002/3989 287/61/61 286/59/59
f 98/4002/3989 99/4003/63 288/63/63 287/61/61
f 99/4003/63 100/4004/3990 289/65/65 288/63/63
f 100/4004/3990 101/4005/3991 290/67/67 289/65/65
f 101/4005/3991 102/4006/3992 291/69/69 290/67/67
f 102/4006/3992 103/4007/3993 292/71/71 291/69/69
f 103/4007/3993 104/4008/3994 293/73/73 292/71/71
f 104/4008/3994 105/4009/3995 294/75/75 293/73/73
f 105/4009/3995 106/4010/3996 295/77/77 294/75/75
f 106/4010/3996 107/4011/3997 296/79/79 295/77/77
f 107/4011/3997 108/4012/3998 297/81/81 296/79/79
f 108/4012/3998 109/4013/3999 298/83/83 297/81/81
f 109/4013/3999 110/4014/4000 299/85/85 298/83/83
f 110/4014/4000 111/4015/4001 300/87/87 299/85/85
f 111/4015/4001 112/4016/4002 301/89/89 300/87/87
f 112/4016/4002 113/4017/4003 302/91/91 301/89/89
f 113/4017/4003 114/4018/4004 303/93/93 302/91/91
f 114/4018/4004 115/4019/4005 304/95/95 303/93/93
f 115/4019/4005 116/4020/4006 305/97/97 304/95/95
f 116/4020/4006 117/4021/4007 306/99/99 305/97/97
f 117/4021/4007 118/4022/4008 307/101/101 306/99/99
f 118/4022/4008 119/4023/4009 308/103/103 307/101/101
f 119/4023/4009 120/4024/4010 309/105/105 308/103/103
f 120/4024/4010 121/4025/4011 310/107/107 309/105/105
f 121/4025/4011 122/4026/4012 311/109/109 310/107/107
f 122/4026/4012 123/4027/4013 312/111/111 311/109/109
f 123/4027/4013 124/4028/4014 313/113/113 312/111/111
f 124/4028/4014 125/4029/4015 314/115/115 313/113/113
f 125/4029/4015 126/4030/4016 315/117/117 314/115/115
f 126/4030/4016 127/4031/4017 316/119/119 315/117/117
f 127/4031/4017 128/4032/4018 317/121/121 316/119/119
f 128/4032/4018 129/4033/4019 318/123/123 317/121/121
f 129/4033/4019 130/4034/4020 319/125/125 318/123/123
f 130/4034/4020 3/4035/4021 131/4036/4022 319/125/125
f 319/125/125 131/4036/4022 132/4037/4023 382/126/126
f 382/126/126 132/4037/4023 133/4038/4024 445/189/189
f 445/189/189 133/4038/4024 134/4039/4025 508/252/252
f 508/252/252 134/4039/4025 135/4040/4026 571/315/314
f 571/315/314 135/4040/4026 136/4041/4027 634/378/377
f 634/378/377 136/4041/4027 137/4042/4028 697/441/440
f 697/441/440 137/4042/4028 138/4043/4029 760/504/503
f 760/504/503 138/4043/4029 139/4044/4030 823/567/566
f 823/567/566 139/4044/4030 140/4045/4031 886/630/629
f 886/630/629 140/4045/4031 141/4046/4032 949/693/692
f 949/693/692 141/4046/4032 142/4047/4033 1012/756/754
f 1012/756/754 142/4047/4033 143/4048/4034 1075/819/817
f 1075/819/817 143/4048/4034 144/4049/4035 1138/882/880
f 1138/882/880 144/4049/4035 145/4050/4036 1201/945/943
f 1201/945/943 145/4050/4036 146/4051/4037 1264/1008/1005
f 1264/1008/1005 146/4051/4037 147/4052/4038 1327/1071/1068
f 1327/1071/1068 147/4052/4038 148/4053/4039 1390/1134/1131
f 1390/1134/1131 148/4053/4039 149/4054/4040 1453/1197/1194
f 1453/1197/1194 149/4054/4040 150/4055/4041 1516/1260/1257
f 1516/1260/1257 150/4055/4041 151/4056/4042 1579/1323/1320
f 1579/1323/1320 151/4056/4042 152/4057/4043 1642/1386/1383
f 1642/1386/1383 152/4057/4043 153/4058/4044 1705/1449/1445
f 1705/1449/1445 153/4058/4044 154/4059/4045 1768/1512/1508
f 1768/1512/1508 154/4059/4045 155/4060/4046 1831/1575/1571
f 1831/1575/1571 155/4060/4046 156/4061/4047 1894/1638/1634
f 1894/1638/1634 156/4061/4047 157/4062/4048 1957/1701/1694
f 1957/1701/1694 157/4062/4048 158/4063/4049 2020/1764/1757
f 2020/1764/1757 158/4063/4049 159/4064/4050 2083/1827/1820
f 2083/1827/1820 159/4064/4050 160/4065/4051 2146/1890/1883
f 2146/1890/1883 160/4065/4051 161/4066/4052 2209/1953/1946
f 2209/1953/1946 161/4066/4052 162/4067/4053 2272/2016/2009
f 2272/2016/2009 162/4067/4053 163/4068/4054 2335/2079/2072
f 2335/2079/2072 163/4068/4054 164/4069/4055 2398/2142/2135
f 2398/2142/2135 164/4069/4055 165/4070/4056 2461/2205/2198
f 2461/2205/2198 165/4070/4056 166/4071/4057 2524/2268/2261
f 2524/2268/2261 166/4071/4057 167/4072/4058 2587/2331/2324
f 2587/2331/2324 167/4072/4058 168/4073/4059 2650/2394/2387
f 2650/2394/2387 168/4073/4059 169/4074/4060 2713/2457/1314
f 2713/2457/1314 169/4074/4060 170/4075/4061 2776/2520/2512
f 2776/2520/2512 170/4075/4061 171/4076/4062 2839/2583/2575
f 2839/2583/2575 171/4076/4062 172/4077/4063 2902/2646/2638
f 2902/2646/2638 172/4077/4063 173/4078/4064 2965/2709/2701
f 2965/2709/2701 173/4078/4064 174/4079/4065 3028/2772/2764
f 3028/2772/2764 174/4079/4065 175/4080/4066 3091/2835/2827
f 3091/2835/2827 175/4080/4066 176/4081/4067 3154/2898/2890
f 3154/2898/2890 176/4081/4067 177/4082/4068 3217/2961/2953
f 3217/2961/2953 177/4082/4068 178/4083/4069 3280/3024/3016
f 3280/3024/3016 178/4083/4069 179/4084/4070 3343/3087/3078
f 3343/3087/3078 179/4084/4070 180/4085/4071 3406/3150/3141
f 3406/3150/3141 180/4085/4071 181/4086/4072 3469/3213/3204
f 3469/3213/3204 181/4086/4072 182/4087/4073 3532/3276/3267
f 3532/3276/3267 182/4087/4073 183/4088/4074 3595/3339/3330
f 3595/3339/3330 183/4088/4074 184/4089/4075 3658/3402/3393
f 3658/3402/3393 184/4089/4075 185/4090/4076 3721/3465/3455
f 3721/3465/3455 185/4090/4076 186/4091/4077 3784/3528/3518
f 3784/3528/3518 186/4091/4077 187/4092/4078 3847/3591/3581
f 3847/3591/3581 187/4092/4078 188/4093/4079 3910/3654/3644
f 3910/3654/3644 188/4093/4079 189/4094/4080 3973/3717/3707
f 3973/3717/3707 189/4094/4080 190/4095/4081 4036/3780/3767
f 4036/3780/3767 190/4095/4081 191/4096/4082 4099/3843/3830
f 4099/3843/3830 191/4096/4082 192/4097/4083 4162/3906/3893
f 4162/3906/3893 192/4097/4083 193/4098/4084 4225/3969/3956
f 4225/3969/3956 193/4098/4084 2/4099/4085 194/4100/4086
f 4224/3968/3955 4225/3969/3956 194/4100/4086 195/4101/4087
f 4223/3967/3954 4224/3968/3955 195/4101/4087 196/4102/4088
f 4222/3966/3953 4223/3967/3954 196/4102/4088 197/4103/4089
f 4221/3965/3952 4222/3966/3953 197/4103/4089 198/4104/4090
f 4220/3964/3951 4221/3965/3952 198/4104/4090 199/4105/4091
f 4219/3963/3950 4220/3964/3951 199/4105/4091 200/4106/4092
f 4218/3962/3949 4219/3963/3950 200/4106/4092 201/4107/4093
f 4217/3961/3948 4218/3962/3949 201/4107/4093 202/4108/4094
f 4216/3960/3947 4217/3961/3948 202/4108/4094 203/4109/4095
f 4215/3959/3946 4216/3960/3947 203/4109/4095 204/4110/4096
f 4214/3958/3945 4215/3959/3946 204/4110/4096 205/4111/4097
f 4213/3957/3944 4214/3958/3945 205/4111/4097 206/4112/4098
f 4212/3956/3943 4213/3957/3944 206/4112/4098 207/4113/4099
f 4211/3955/3942 4212/3956/3943 207/4113/4099 208/4114/4100
f 4210/3954/3941 4211/3955/3942 208/4114/4100 209/4115/4101
f 4209/3953/3940 4210/3954/3941 209/4115/4101 210/4116/4102
f 4208/3952/3939 4209/3953/3940 210/4116/4102 211/4117/4103
f 4207/3951/3938 4208/3952/3939 211/4117/4103 212/4118/4104
f 4206/3950/3937 4207/3951/3938 212/4118/4104 213/4119/4105
f 4205/3949/3936 4206/3950/3937 213/4119/4105 214/4120/4106
f 4204/3948/3935 4205/3949/3936 214/4120/4106 215/4121/4107
f 4203/3947/3934 4204/3948/3935 215/4121/4107 216/4122/4108
f 4202/3946/3933 4203/3947/3934 216/4122/4108 217/4123/4109
f 4201/3945/3932 4202/3946/3933 217/4123/4109 218/4124/4110
f 4200/3944/3931 4201/3945/3932 218/4124/4110 219/4125/4111
f 4199/3943/3930 4200/3944/3931 219/4125/4111 220/4126/4112
f 4198/3942/3929 4199/3943/3930 220/4126/4112 221/4127/4113
f 4197/3941/3928 4198/3942/3929 221/4127/4113 222/4128/4114
f 4196/3940/3927 4197/3941/3928 222/4128/4114 223/4129/4115
f 4195/3939/3926 4196/3940/3927 223/4129/4115 224/4130/4116
f 4194/3938/3925 4195/3939/3926 224/4130/4116 225/4131/3925
f 4193/3937/3924 4194/3938/3925 225/4131/3925 226/4132/4117
f 4192/3936/3923 4193/3937/3924 226/4132/4117 227/4133/4118
f 4191/3935/3922 4192/3936/3923 227/4133/4118 228/4134/4119
f 4190/3934/3921 4191/3935/3922 228/4134/4119 229/4135/4120
f 4189/3933/3920 4190/3934/3921 229/4135/4120 230/4136/4121
f 4188/3932/3919 4189/3933/3920 230/4136/4121 231/4137/4122
f 4187/3931/3918 4188/3932/3919 231/4137/4122 232/4138/4123
f 4186/3930/3917 4187/3931/3918 232/4138/4123 233/4139/4124
f 4185/3929/3916 4186/3930/3917 233/4139/4124 234/4140/4125
f 4184/3928/3915 4185/3929/3916 234/4140/4125 235/4141/4126
f 4183/3927/3914 4184/3928/3915 235/4141/4126 236/4142/4127
f 4182/3926/3913 4183/3927/3914 236/4142/4127 237/4143/4128
f 4181/3925/3912 4182/3926/3913 237/4143/4128 238/4144/4129
f 4180/3924/3911 4181/3925/3912 238/4144/4129 239/4145/4130
f 4179/3923/3910 4180/3924/3911 239/4145/4130 240/4146/4131
f 4178/3922/3909 4179/3923/3910 240/4146/4131 241/4147/4132
f 4177/3921/3908 4178/3922/3909 241/4147/4132 242/4148/4133
f 4176/3920/3907 4177/3921/3908 242/4148/4133 243/4149/4134
f 4175/3919/3906 4176/3920/3907 243/4149/4134 244/4150/4135
f 4174/3918/3905 4175/3919/3906 244/4150/4135 245/4151/4136
f 4173/3917/3904 4174/3918/3905 245/4151/4136 246/4152/4137
f 4172/3916/3903 4173/3917/3904 246/4152/4137 247/4153/4138
f 4171/3915/3902 4172/3916/3903 247/4153/4138 248/4154/4139
f 4170/3914/3901 4171/3915/3902 248/4154/4139 249/4155/4140
f 4169/3913/3900 4170/3914/3901 249/4155/4140 250/4156/4141
f 4168/3912/3899 4169/3913/3900 250/4156/4141 251/4157/4142
f 4167/3911/3898 4168/3912/3899 251/4157/4142 252/4158/4143
f 4166/3910/3897 4167/3911/3898 252/4158/4143 253/4159/4144
f 4165/3909/3896 4166/3910/3897 253/4159/4144 254/4160/4145
f 4164/3907/3894 4165/3909/3896 254/4160/4145 255/4161/4146
f 4163/3908/3895 4164/3907/3894 255/4161/4146 256/4162/4147
f 5/4163/4148 4163/3908/3895 256/4162/4147 1/4164/4149
f 6/4165/4150 4100/3845/3832 4163/3908/3895 5/4163/4148
f 7/4166/4151 4037/3782/3769 4100/3845/3832 6/4165/4150
f 8/4167/4152 3974/3719/3709 4037/3782/3769 7/4166/4151
f 9/4168/4153 3911/3656/3646 3974/3719/3709 8/4167/4152
f 10/4169/4154 3848/3593/3583 3911/3656/3646 9/4168/4153
f 11/4170/4155 3785/3530/3520 3848/3593/3583 10/4169/4154
f 12/4171/4156 3722/3467/3457 3785/3530/3520 11/4170/4155
f 13/4172/4157 3659/3404/3395 3722/3467/3457 12/4171/4156
f 14/4173/4158 3596/3341/3332 3659/3404/3395 13/4172/4157
f 15/4174/4159 3533/3278/3269 3596/3341/3332 14/4173/4158
f 16/4175/4160 3470/3215/3206 3533/3278/3269 15/4174/4159
f 17/4176/4161 3407/3152/3143 3470/3215/3206 16/4175/4160
f 18/4177/4162 3344/3089/3080 3407/3152/3143 17/4176/4161
f 19/4178/4163 3281/3026/3018 3344/3089/3080 18/4177/4162
f 20/4179/4164 3218/2963/2955 3281/3026/3018 19/4178/4163
f 21/4180/4165 3155/2900/2892 3218/2963/2955 20/4179/4164
f 22/4181/4166 3092/2837/2829 3155/2900/2892 21/4180/4165
f 23/4182/4167 3029/2774/2766 3092/2837/2829 22/4181/4166
f 24/4183/4168 2966/2711/2703 3029/2774/2766 23/4182/4167
f 25/4184/4169 2903/2648/2640 2966/2711/2703 24/4183/4168
f 26/4185/4170 2840/2585/2577 2903/2648/2640 25/4184/4169
f 27/4186/4171 2777/2522/2514 2840/2585/2577 26/4185/4170
f 28/4187/4172 2714/2459/2451 2777/2522/2514 27/4186/4171
f 29/4188/4173 2651/2396/2389 2714/2459/2451 28/4187/4172
f 30/4189/4174 2588/2333/2326 2651/2396/2389 29/4188/4173
f 31/4190/4175 2525/2270/2263 2588/2333/2326 30/4189/4174
f 32/4191/4176 2462/2207/2200 2525/2270/2263 31/4190/4175
f 33/4192/4177 2399/2144/2137 2462/2207/2200 32/4191/4176
f 34/4193/4178 2336/2081/2074 2399/2144/2137 33/4192/4177
f 35/4194/4179 2273/2018/2011 2336/2081/2074 34/4193/4178
f 36/4195/4180 2210/1955/1948 2273/2018/2011 35/4194/4179
f 37/4196/4181 2147/1892/1885 2210/1955/1948 36/4195/4180
f 38/4197/4182 2084/1829/1822 2147/1892/1885 37/4196/4181
f 39/4198/4183 2021/1766/1759 2084/1829/1822 38/4197/4182
f 40/4199/4184 1958/1703/1696 2021/1766/1759 39/4198/4183
f 41/4200/4185 1895/1640/1636 1958/1703/1696 40/4199/4184
f 42/4201/4186 1832/1577/1573 1895/1640/1636 41/4200/4185
f 43/4202/4187 1769/1514/1510 1832/1577/1573 42/4201/4186
f 44/4203/4188 1706/1451/1447 1769/1514/1510 43/4202/4187
f 45/4204/4189 1643/1388/1385 1706/1451/1447 44/4203/4188
f 46/4205/4190 1580/1325/1322 1643/1388/1385 45/4204/4189
f 47/4206/4191 1517/1262/1259 1580/1325/1322 46/4205/4190
f 48/4207/4192 1454/1199/1196 1517/1262/1259 47/4206/4191
f 49/4208/4193 1391/1136/1133 1454/1199/1196 48/4207/4192
f 50/4209/4194 1328/1073/1070 1391/1136/1133 49/4208/4193
f 51/4210/4195 1265/1010/1007 1328/1073/1070 50/4209/4194
f 52/4211/4196 1202/947/945 1265/1010/1007 51/4210/4195
f 53/4212/4197 1139/884/882 1202/947/945 52/4211/4196
f 54/4213/4198 1076/821/819 1139/884/882 53/4212/4197
f 55/4214/4199 1013/758/756 1076/821/819 54/4213/4198
f 56/4215/4200 950/695/694 1013/758/756 55/4214/4199
f 57/4216/4201 887/632/631 950/695/694 56/4215/4200
f 58/4217/4202 824/569/568 887/632/631 57/4216/4201
f 59/4218/4203 761/506/505 824/569/568 58/4217/4202
f 60/4219/4204 698/443/442 761/506/505 59/4218/4203
f 61/4220/4205 635/380/379 698/443/442 60/4219/4204
f 62/4221/4206 572/317/316 635/380/379 61/4220/4205
f 63/4222/4207 509/254/254 572/317/316 62/4221/4206
f 64/4223/4208 446/191/191 509/254/254 63/4222/4207
f 65/4224/4209 383/128/128 446/191/191 64/4223/4208
f 66/4225/4210 320/4/4 383/128/128 65/4224/4209
f 67/3972/3959 257/1/1 320/4/4 66/4225/4210
